isincode;description;redemptiondate;currencycode;issuercode;issuerdescription;ratingsp;ratingmoodys;ratingfitch;minimumlot;status;referencedate;pricetype;price;volume;volumevalue;grossytm;grossduration;netytm;supernetytm;supernetduration;ispread;zspread;currentcouponrate;couponperiodicity;couponmonths;instantyield;issueprice;
AT0000383864;AUSTRIA 15/07/2027 6,25%;15/07/2027;EUR;GOV_AT;Austria;AA+;Aa1;;1000;Senior;09/10/2026;LP;102,55;16000;1;2,76;0,73;2,01;2,01;0,74;-0,351;-0,351;0,0625;1;7;0,0609;99,45;
AT0000A04967;AUSTRIA 15/03/2037 4,15%;15/03/2037;EUR;GOV_AT;Austria;AA+;Aa1;;1000;Senior;09/10/2026;LP;103,44;65000;1;3,74;8,2;3,24;3,24;8,44;0,166;0,182;0,0415;1;3;0,0401;99,717;
AT0000A0U299;AUSTRIA 26/01/2062 3,8%;26/01/2062;EUR;GOV_AT;Austria;AA+;Aa1;;1000;Senior;09/10/2026;RP;94,59;0;1;4,09;18,27;3,59;3,6;19,65;0,713;0,63;0,038;1;1;0,0402;99,182;
AT0000A0VRQ6;AUSTRIA 20/06/2044 3,15%;20/06/2044;EUR;GOV_AT;Austria;AA+;Aa1;;1000;Senior;09/10/2026;LP;88,38;41000;1;4,08;12,87;3,6;3,66;13,35;0,456;0,471;0,0315;1;6;0,0356;98,853;
AT0000A10683;AUSTRIA 23/05/2034 2,4%;23/05/2034;EUR;GOV_AT;Austria;AA+;Aa1;;1000;Senior;09/10/2026;LP;92,15;45000;1;3,6;6,71;3,16;3,28;6,8;0,079;0,085;0,024;1;5;0,026;99,376;
AT0000A1K9C8;AUSTRIA 20/10/2026 0,75%;20/10/2026;EUR;GOV_AT;Austria;AA+;Aa1;;1000;Senior;09/10/2026;RP;99,944;0;1;3,71;0,02;3,24;3,62;0,02;1,07;1,07;0,0075;1;10;0,0075;99,909;
AT0000A1K9F1;AUSTRIA 20/02/2047 1,5%;20/02/2047;EUR;GOV_AT;Austria;AA+;Aa1;;1000;Senior;09/10/2026;RP;64,59;0;1;4,1;15,96;3,66;3,85;16,4;0,483;0,489;0,015;1;2;0,0232;99,93;
AT0000A1PEF7;AUSTRIA 02/11/2086 1,5%;02/11/2086;EUR;GOV_AT;Austria;AA+;Aa1;;1000;Senior;09/10/2026;LP;45,51;10000;2;3,83;27,34;3,43;3,49;29,92;0,696;0,561;0,015;1;11;0,033;98,717;
AT0000A1VGK0;AUSTRIA 20/04/2027 0,5%;20/04/2027;EUR;GOV_AT;Austria;AA+;Aa1;;1000;Senior;09/10/2026;LP;98,85;5000;1;2,76;0,5;2,42;2,7;0,5;-0,187;-0,187;0,005;1;4;0,0051;99,621;
AT0000A1XML2;AUSTRIA 20/09/2117 2,1%;20/09/2117;EUR;GOV_AT;Austria;AA+;Aa1;;1000;Senior;09/10/2026;LP;56,17;372000;2;3,84;26,78;3,39;3,4;30,25;0,704;0,544;0,021;1;9;0,0374;99,502;
AT0000A1ZGE4;AUSTRIA 20/02/2028 0,75%;20/02/2028;EUR;GOV_AT;Austria;AA+;Aa1;;1000;Senior;09/10/2026;RP;97,06;0;2;2,99;1,31;2,62;2,89;1,31;-0,311;-0,31;0,0075;1;2;0,0077;99,633;
AT0000A269M8;AUSTRIA 20/02/2029 0,5%;20/02/2029;EUR;GOV_AT;Austria;AA+;Aa1;;1000;Senior;09/10/2026;LP;94,19;15000;1;3,09;2,27;2,71;3,03;2,27;-0,322;-0,321;0,005;1;2;0,0053;100;
AT0000A2CQD2;AUSTRIA 20/02/2030 0%;20/02/2030;EUR;GOV_AT;Austria;AA+;Aa1;;1000;Senior;09/10/2026;LP;89,76;73000;1;3,27;3,25;2,88;3,27;3,25;-0,179;-0,179;0;1;2;0;101,121;
AT0000A2EJ08;AUSTRIA 20/03/2051 0,75%;20/03/2051;EUR;GOV_AT;Austria;AA+;Aa1;;1000;Senior;09/10/2026;LP;49,2;923000;2;4,07;20,24;3,68;3,93;20,64;0,514;0,511;0,0075;1;3;0,0152;98,96;
AT0000A2HLC4;AUSTRIA 30/06/2120 0,85%;30/06/2120;EUR;GOV_AT;Austria;AA+;Aa1;;1000;Senior;09/10/2026;LP;30,33;4362000;4;3,21;36,99;2,89;2,93;41,22;0,071;-0,028;0,0085;1;6;0,028;98,01;
AT0000A2KQ43;AUSTRIA 22/10/2040 0%;22/10/2040;EUR;GOV_AT;Austria;AA+;Aa1;;1000;Senior;09/10/2026;LP;58,09;82000;2;3,95;13,5;3,55;3,95;13,5;0,315;0,315;0;1;10;0;101,898;
AT0000A2NW83;AUSTRIA 20/02/2031 0%;20/02/2031;EUR;GOV_AT;Austria;AA+;Aa1;;1000;Senior;09/10/2026;LP;86,45;26000;1;3,4;4,22;2,99;3,4;4,22;-0,066;-0,066;0;1;2;0;103,387;
AT0000A2QQB6;AUSTRIA 20/04/2071 0,70%;20/04/2071;EUR;GOV_AT;Austria;AA+;Aa1;;1000;Senior;09/10/2026;LP;33,57;43000;2;3,83;30,78;3,5;3,66;32,12;0,607;0,551;0,007;1;4;0,0209;98,996;
AT0000A2T198;AUSTRIA 20/10/2036 0,25% ;20/10/2036;EUR;GOV_AT;Austria;AA+;Aa1;;1000;Senior;09/10/2026;RP;71,11;0;1;3,76;9,49;3,35;3,72;9,51;0,196;0,198;0,0025;1;10;0,0035;99,47;
AT0000A2VB47;AUSTRIA 20/10/2028 0%;20/10/2028;EUR;GOV_AT;Austria;AA+;Aa1;;1000;Senior;09/10/2026;LP;94;832000;2;3,11;1,96;2,73;3,11;1,96;-0,282;-0,282;0;1;10;0;99,832;
AT0000A2WSC8;AUSTRIA 20/02/2032 0,9% ;20/02/2032;EUR;GOV_AT;Austria;AA+;Aa1;;1000;Senior;09/10/2026;RP;87,52;0;1;3,49;5,04;3,08;3,37;5,06;0,017;0,019;0,009;1;2;0,0103;99,512;
AT0000A2Y8G4;AUSTRIA GREEN BOND 23/05/2049 1,85%;23/05/2049;EUR;GOV_AT;Austria;AA+;Aa1;;1000;Senior;09/10/2026;RP;67,41;0;1;4,08;16,75;3,64;3,79;17,33;0,498;0,499;0,0185;1;5;0,0274;99,454;
AT0000A324S8;AUSTRIA 20/02/2033 2,9%;20/02/2033;EUR;GOV_AT;Austria;AA+;Aa1;;1000;Senior;09/10/2026;RP;96,53;0;1;3,52;5,58;3,08;3,14;5,67;0,023;0,028;0,029;1;2;0,03;99,194;
AT0000A33SH3;AUSTRIA GREEN BOND 23/05/2029 2,9%;23/05/2029;EUR;GOV_AT;Austria;AA+;Aa1;;1000;Senior;09/10/2026;LP;99,38;105000;1;3,15;2,45;2,76;2,78;2,47;-0,282;-0,278;0,029;1;5;0,0292;99,711;
AT0000A33SK7;AUSTRIA 20/10/2053 3,15%;20/10/2053;EUR;GOV_AT;Austria;AA+;Aa1;;1000;Senior;09/10/2026;RP;84,8;0;1;4,09;16,47;3,6;3,65;17,43;0,578;0,553;0,0315;1;10;0,0371;98,914;
AT0000A38239;AUSTRIA 20/10/2030 3,45%;20/10/2030;EUR;GOV_AT;Austria;AA+;Aa1;;100;Senior;09/10/2026;LP;100,38;21600;1;3,35;3,58;2,91;2,91;3,63;-0,114;-0,11;0,0345;1;10;0,0344;99,757;
AT0000A39UW5;AUSTRIA 20/02/2034 2,9%;20/02/2034;EUR;GOV_AT;Austria;AA+;Aa1;;100;Senior;09/10/2026;LP;95,84;19000;1;3,55;6,36;3,11;3,18;6,47;0,039;0,045;0,029;1;2;0,0303;99,704;
AT0000A3D3Q8;AUSTRIA 15/07/2039 3,2%;15/07/2039;EUR;GOV_AT;Austria;AA+;Aa1;;100;Senior;09/10/2026;LP;92,53;7000;1;3,96;10,09;3,47;3,54;10,37;0,337;0,354;0,032;1;7;0,0346;99,934;
AT0000A3EPP2;AUSTRIA 20/10/2029 2,5% ;20/10/2029;EUR;GOV_AT;Austria;AA+;Aa1;;100;Senior;09/10/2026;LP;97,62;42200;1;3,34;2,78;2,93;3,02;2,81;-0,102;-0,099;0,025;1;10;0,0256;99,882;
AT0000A3HU25;AUSTRIA 20/02/2035 2,95%;20/02/2035;EUR;GOV_AT;Austria;AA+;Aa1;;100;Senior;09/10/2026;RP;94,88;0;1;3,67;7,1;3,22;3,29;7,23;0,138;0,146;0,0295;0;2;0,0311;99,596;
AT0000A3NY15;AUSTRIA 20/09/2032 2,8%;20/09/2032;EUR;GOV_AT;Austria;AA+;Aa1;;100;Senior;09/10/2026;LP;96,55;69000;1;3,45;5,35;3,03;3,09;5,42;-0,035;-0,031;0,028;0;9;0,029;99,948;
AT0000A3RVH9;AUSTRIA 20/02/2036 3,2%;20/02/2036;EUR;GOV_AT;Austria;AA+;Aa1;;100;Senior;09/10/2026;LP;95,85;57600;1;3,73;7,73;3,27;3,32;7,91;0,177;0,188;0,032;0;2;0,0334;99,878;
AT0000A3T279;AUSTRIA 20/03/2056 3,75%;20/03/2056;EUR;GOV_AT;Austria;AA+;Aa1;;100;Senior;09/10/2026;RP;93,66;0;2;4,12;16,81;3,62;3,63;17,91;0,65;0,608;0,0375;0;3;0,04;99,5;
AT0000A3V200;AUSTRIA 20/10/2031 2,85%;20/10/2031;EUR;GOV_AT;Austria;AA+;Aa1;;100;Senior;09/10/2026;LP;97,56;50000;1;3,39;4,54;2,97;3,02;4,59;-0,086;-0,083;0,0285;0;10;0,0292;99,837;
AT0000A3V234;AUSTRIA 20/09/2041 3,55%;20/09/2041;EUR;GOV_AT;Austria;AA+;Aa1;;100;Senior;09/10/2026;RP;95,03;0;1;4;11,28;3,51;3,54;11,65;0,358;0,38;0,0355;0;9;0,0374;99,699;
AU0000075681;AUSTRALIA 21/05/2032 1,25% AUD;21/05/2032;AUD;GOV_AU;Australia;AAA;Aaa;;1000;Senior;09/10/2026;RP;81,68;0;1;5,11;5,11;4,51;4,93;5,15;1,625;1,627;0,0125;2;5,11;0,0153;100;
AU0000143901;AUSTRALIA 21/11/2032 1,75% AUD;21/11/2032;AUD;GOV_AU;Australia;AAA;Aaa;;1000;Senior;09/10/2026;RP;82,62;0;1;5,16;5,45;4,56;4,9;5,51;1,671;1,674;0,0175;2;5,11;0,0212;98,446;
AU0000300535;AUSTRALIA 21/06/2054 4,75% AUD;21/06/2054;AUD;GOV_AU;Australia;AAA;Aaa;;1000;Senior;09/10/2026;LP;85,3;50000;1;5,91;13,61;5,19;5,22;14,72;2,407;2,37;0,0475;2;6,12;0,0557;97,163;
AU000XCLWAG2;AUSTRALIA 21/04/2033 4,5% AUD;21/04/2033;AUD;GOV_AU;Australia;AAA;Aaa;;1000;Senior;09/10/2026;LP;96,69;127000;1;5,17;5,31;4,54;4,57;5,44;1,672;1,679;0,045;2;4,10;0,0465;95,951;
AU000XCLWAM0;AUSTRALIA 21/06/2035 2,75% AUD;21/06/2035;AUD;GOV_AU;Australia;AAA;Aaa;;1000;Senior;09/10/2026;RP;82,46;0;1;5,36;7,21;4,74;4,97;7,35;1,823;1,832;0,0275;2;6,12;0,0333;98,997;
AU3TB0000150;AUSTRALIA 21/04/2029 3,25% AUD;21/04/2029;AUD;GOV_AU;Australia;AAA;Aaa;;1000;Senior;09/10/2026;LP;96,15;32000;1;4,95;2,29;4,36;4,52;2,31;1,527;1,531;0,0325;2;4,10;0,0338;95,697;
AU3TB0000192;AUSTRALIA 21/04/2037 3,75% AUD;21/04/2037;AUD;GOV_AU;Australia;AAA;Aaa;;1000;Senior;09/10/2026;LP;87,02;30000;1;5,45;8,02;4,81;4,93;8,28;1,874;1,89;0,0375;2;4,10;0,0431;97,109;
BE0000291972;BELGIO 28/03/2028 5,5%;28/03/2028;EUR;GOV_BE;Belgio;AA-;A1;;1000;Senior;09/10/2026;RP;103,25;0;2;3,16;1,36;2,49;2,49;1,38;-0,163;-0,156;0,055;1;3;0,0533;98,929;
BE0000304130;BELGIO 28/03/2035 5%;28/03/2035;EUR;GOV_BE;Belgio;AA-;A1;;1000;Senior;09/10/2026;RP;105,73;0;1;4,18;6,69;3,57;3,57;6,88;0,642;0,655;0,05;1;3;0,0473;98,842;
BE0000320292;BELGIO 28/03/2041 4,25%;28/03/2041;EUR;GOV_BE;Belgio;AA-;A1;;1000;Senior;09/10/2026;LP;96,33;2000;2;4,6;10,29;4,03;4,06;10,71;0,963;0,989;0,0425;1;3;0,0441;99,62;
BE0000326356;BELGIO 28/03/2032 4%;28/03/2032;EUR;GOV_BE;Belgio;AA-;A1;;1000;Senior;09/10/2026;LP;100,97;11263;2;3,79;4,73;3,3;3,3;4,82;0,315;0,321;0,04;1;3;0,0396;99,133;
BE0000331406;BELGIO 22/06/2045 3,75%;22/06/2045;EUR;GOV_BE;Belgio;AA-;A1;;1000;Senior;09/10/2026;LP;86,8;2000;1;4,84;12,57;4,27;4,32;13,15;1,214;1,23;0,0375;1;6;0,0432;96,377;
BE0000333428;BELGIO 22/06/2034 3%;22/06/2034;EUR;GOV_BE;Belgio;AA-;A1;;1000;Senior;09/10/2026;LP;93,21;3000;1;4,04;6,62;3,55;3,65;6,73;0,524;0,531;0,03;1;6;0,0322;98,816;
BE0000335449;BELGIO 22/06/2031 1%;22/06/2031;EUR;GOV_BE;Belgio;AA-;A1;;1000;Senior;09/10/2026;LP;88,6;5000;1;3,69;4,42;3,25;3,55;4,44;0,221;0,223;0,01;1;6;0,0113;99,061;
BE0000336454;BELGIO 22/06/2038 1,9%;22/06/2038;EUR;GOV_BE;Belgio;AA-;A1;;1000;Senior;09/10/2026;LP;76,71;17000;1;4,51;9,88;4;4,23;10,05;0,901;0,911;0,019;1;6;0,0248;99,382;
BE0000338476;BELGIO 22/06/2047 1,6%;22/06/2047;EUR;GOV_BE;Belgio;AA-;A1;;1000;Senior;09/10/2026;LP;57,6;9000;1;4,91;15,68;4,41;4,63;16,17;1,296;1,302;0,016;1;6;0,0278;98,524;
BE0000340498;BELGIO 22/06/2066 2,15%;22/06/2066;EUR;GOV_BE;Belgio;AA-;A1;;1000;Senior;09/10/2026;LP;52,49;22500;1;4,88;20,44;4,36;4,45;22,04;1,573;1,475;0,0215;1;6;0,041;98,931;
BE0000341504;BELGIO 22/06/2027 0,8%;22/06/2027;EUR;GOV_BE;Belgio;AA-;A1;;1000;Senior;09/10/2026;RP;98,59;0;1;2,89;0,67;2,53;2,79;0,67;-0,186;-0,186;0,008;1;6;0,0081;99,877;
BE0000343526;BELGIO 22/06/2057 2,25%;22/06/2057;EUR;GOV_BE;Belgio;AA-;A1;;1000;Senior;09/10/2026;LP;57,44;2600000;2;4,99;18,27;4,46;4,58;19,39;1,531;1,491;0,0225;1;6;0,0392;99,01;
BE0000344532;BELGIO 22/06/2037 1,45%;22/06/2037;EUR;GOV_BE;Belgio;AA-;A1;;1000;Senior;09/10/2026;RP;75,31;0;1;4,39;9,38;3,9;4,18;9,5;0,809;0,816;0,0145;1;6;0,0193;99,396;
BE0000345547;BELGIO 22/06/2028 0,8%;22/06/2028;EUR;GOV_BE;Belgio;AA-;A1;;1000;Senior;09/10/2026;LP;96,01;28000;1;3,26;1,63;2,86;3,16;1,63;-0,099;-0,098;0,008;1;6;0,0083;99,881;
BE0000346552;BELGIO GREEN BOND 22/04/2033 1,25%;22/04/2033;EUR;GOV_BE;Belgio;AA-;A1;;1000;Senior;09/10/2026;RP;84,99;0;1;3,9;6,01;3,44;3,72;6,05;0,403;0,405;0,0125;1;4;0,0147;99,466;
BE0000347568;BELGIO 22/06/2029 0,9%;22/06/2029;EUR;GOV_BE;Belgio;AA-;A1;;1000;Senior;09/10/2026;LP;93,78;27571;1;3,36;2,58;2,94;3,23;2,58;-0,077;-0,076;0,009;1;6;0,0096;99,566;
BE0000348574;BELGIO 22/06/2050 1,70%;22/06/2050;EUR;GOV_BE;Belgio;AA-;A1;;1000;Senior;09/10/2026;RP;55,28;0;1;4,95;16,95;4,44;4,64;17,6;1,376;1,374;0,017;1;6;0,0308;98,899;
BE0000349580;BELGIO 22/06/2030 0,1%;22/06/2030;EUR;GOV_BE;Belgio;AA-;A1;;1000;Senior;09/10/2026;LP;88,23;50267;2;3,56;3,56;3,13;3,54;3,56;0,103;0,103;0,001;1;6;0,0011;99,865;
BE0000350596;BELGIO 22/06/2040 0,4%;22/06/2040;EUR;GOV_BE;Belgio;AA-;A1;;1000;Senior;09/10/2026;LP;57,86;56760;1;4,62;12,6;4,16;4,55;12,66;0,991;0,994;0,004;1;6;0,0069;99,418;
BE0000351602;BELGIO 22/10/2027 0%;22/10/2027;EUR;GOV_BE;Belgio;AA-;A1;;1000;Senior;09/10/2026;LP;96,96;1030547;2;3,06;0,99;2,68;3,06;0,99;-0,168;-0,168;0;1;10;0;100,098;
BE0000352618;BELGIO 22/10/2031 0%;22/10/2031;EUR;GOV_BE;Belgio;AA-;A1;;1000;Senior;09/10/2026;LP;83,01;197217;2;3,78;4,84;3,33;3,78;4,84;0,302;0,302;0;1;10;0;102,353;
BE0000353624;BELGIO 22/06/2071 0,65%;22/06/2071;EUR;GOV_BE;Belgio;AA-;A1;;1000;Senior;09/10/2026;LP;27,24;30750;1;4,4;29,9;4,03;4,2;31,32;1,173;1,112;0,0065;1;6;0,0239;98,304;
BE0000354630;BELGIO 22/06/2032 0,35% ;22/06/2032;EUR;GOV_BE;Belgio;AA-;A1;;1000;Senior;09/10/2026;LP;82,6;29321;1;3,81;5,43;3,36;3,76;5,44;0,325;0,325;0,0035;1;6;0,0042;99,868;
BE0000355645;BELGIO 22/06/2053 1,40%;22/06/2053;EUR;GOV_BE;Belgio;AA-;A1;;1000;Senior;09/10/2026;LP;48,02;13000;1;4,95;18,91;4,47;4,67;19,66;1,433;1,419;0,014;1;6;0,0292;99,399;
BE0000356650;BELGIO GREEN BOND 22/04/2039 2,75% ;22/04/2039;EUR;GOV_BE;Belgio;AA-;A1;;1000;Senior;09/10/2026;RP;83,04;0;1;4,56;9,94;4,02;4,17;10,21;0,938;0,954;0,0275;1;4;0,0331;99,956;
BE0000357666;BELGIO 22/06/2033 3%;22/06/2033;EUR;GOV_BE;Belgio;AA-;A1;;1000;Senior;09/10/2026;LP;94,43;41181;2;3,96;5,85;3,48;3,57;5,94;0,463;0,468;0,03;1;6;0,0318;99,799;
BE0000358672;BELGIO 22/06/2054 3,3%;22/06/2054;EUR;GOV_BE;Belgio;AA-;A1;;1000;Senior;09/10/2026;LP;75,41;2500;1;4,95;16,03;4,38;4,45;17,05;1,446;1,417;0,033;1;6;0,0438;99,07;
BE0000359688;BELGIO 22/06/2043 3,45%;22/06/2043;EUR;GOV_BE;Belgio;AA-;A1;;1;Senior;09/10/2026;LP;84,9;5300;1;4,78;11,87;4,22;4,3;12,35;1,15;1,169;0,0345;1;6;0,0406;99,99;
BE0000360694;BELGIO 22/10/2034 2,85%;22/10/2034;EUR;GOV_BE;Belgio;AA-;A1;;1;Senior;09/10/2026;LP;91,86;20951;1;4,06;6,76;3,57;3,68;6,89;0,533;0,539;0,0285;1;10;0,031;99,788;
BE0000361700;BELGIO 22/06/2055 3,5%;22/06/2055;EUR;GOV_BE;Belgio;AA-;A1;;1;Senior;09/10/2026;LP;77,38;5000;2;5;16,02;4,42;4,48;17,11;1,513;1,476;0,035;1;6;0,0452;99,938;
BE0000362716;BELGIO 22/10/2029 2,7%;22/10/2029;EUR;GOV_BE;Belgio;AA-;A1;;1;Senior;09/10/2026;LP;97,49;49000;1;3,59;2,77;3,14;3,25;2,79;0,147;0,15;0,027;1;10;0,0277;99,953;
BE0000363722;BELGIO 22/06/2035 3,1% ;22/06/2035;EUR;GOV_BE;Belgio;AA-;A1;;1;Senior;09/10/2026;LP;92,14;5000;1;4,2;7,32;3,69;3,79;7,47;0,655;0,664;0,031;1;6;0,0336;99,652;
BE0000364738;BELGIO 22/06/2042 3,45%;22/06/2042;EUR;GOV_BE;Belgio;AA-;A1;;1;Senior;09/10/2026;RP;85,38;0;1;4,8;11,37;4,23;4,32;11,8;1,158;1,179;0,0345;1;6;0,0404;99,41;
BE0000365743;BELGIO 22/10/2030 2,6%;22/10/2030;EUR;GOV_BE;Belgio;AA-;A1;;1;Senior;09/10/2026;RP;96,14;0;1;3,65;3,64;3,2;3,31;3,68;0,187;0,19;0,026;1;10;0,027;99,893;
BE0000366758;BELGIO 22/06/2036 3,4%;22/06/2036;EUR;GOV_BE;Belgio;AA-;A1;;1;Senior;09/10/2026;LP;92,96;52000;2;4,3;7,93;3,78;3,85;8,12;0,74;0,751;0,034;0;6;0,0366;99,703;
BE0000367764;BELGIO 22/06/2056 4,35%;22/06/2056;EUR;GOV_BE;Belgio;AA-;A1;;1;Senior;09/10/2026;LP;89,5;115251;2;5,04;15,48;4,42;4,45;16,63;1,567;1,517;0,0435;0;6;0,0486;99,938;
BE0000368770;BELGIO 22/08/2031 3,1%;22/08/2031;EUR;GOV_BE;Belgio;AA-;A1;;1;Senior;09/10/2026;LP;97,26;31000;1;3,73;4,4;3,26;3,33;4,45;0,255;0,258;0,031;0;8;0,0319;99,894;
DE0001030708;GERMANIA GREEN BOND 15/08/2030 0%;15/08/2030;EUR;GOV_DE;Germania;AAA;Aaa;;1000;Senior;09/10/2026;LP;88,79;80000;1;3,15;3,72;2,77;3,15;3,72;-0,312;-0,312;0;1;8;0;104,717;
DE0001030724;GERMANIA GREEN BOND 15/08/2050 0%;15/08/2050;EUR;GOV_DE;Germania;AAA;Aaa;;1000;Senior;09/10/2026;LP;40,76;11000;1;3,84;22,97;3,52;3,8;22,98;0,271;0,271;0;1;8;0;89,215;
DE0001030732;GERMANIA GREEN BOND 15/08/2031 0%;15/08/2031;EUR;GOV_DE;Germania;AAA;Aaa;;1000;Senior;09/10/2026;LP;85,79;58000;1;3,22;4,69;2,84;3,22;4,69;-0,252;-0,252;0;1;8;0;103,81;
DE0001030740;GERMANIA GREEN BOND 15/10/2027 1,3%;15/10/2027;EUR;GOV_DE;Germania;AAA;Aaa;;1000;Senior;09/10/2026;LP;98,43;20000;1;2,91;0,96;2,54;2,73;0,97;-0,315;-0,315;0,013;1;10;0,0132;99,675;
DE0001030757;GERMANIA GREEN BOND 15/08/2053 1,8% ;15/08/2053;EUR;GOV_DE;Germania;AAA;Aaa;;1;Senior;09/10/2026;RP;65,99;0;1;3,86;19,18;3,45;3,52;19,91;0,341;0,326;0,018;1;8;0,0273;84,651;
DE0001102341;GERMANIA 15/08/2046 2,5%;15/08/2046;EUR;GOV_DE;Germania;AAA;Aaa;;1000;Senior;09/10/2026;LP;81,8;20000;1;3,83;14,74;3,38;3,47;15,25;0,207;0,217;0,025;1;8;0,0306;99,4;
DE0001102416;GERMANIA 15/02/2027 0,25%;15/02/2027;EUR;GOV_DE;Germania;AAA;Aaa;;1000;Senior;09/10/2026;LP;99,245;309000;2;2,49;0,33;2,18;2,45;0,33;-0,274;-0,274;0,0025;1;2;0,0025;98,91;
DE0001102424;GERMANIA 15/08/2027 0,5%;15/08/2027;EUR;GOV_DE;Germania;AAA;Aaa;;1000;Senior;09/10/2026;LP;97,98;515645;2;2,97;0,81;2,6;2,9;0,81;-0,184;-0,184;0,005;1;8;0,0051;99,1;
DE0001102432;GERMANIA 15/08/2048 1,25%;15/08/2048;EUR;GOV_DE;Germania;AAA;Aaa;;1000;Senior;09/10/2026;LP;62,14;10000;1;3,84;17,61;3,44;3,63;18,03;0,244;0,246;0,0125;1;8;0,0201;99,41;
DE0001102440;GERMANIA 15/02/2028 0,5%;15/02/2028;EUR;GOV_DE;Germania;AAA;Aaa;;1000;Senior;09/10/2026;LP;96,76;243000;2;3;1,3;2,63;2,93;1,3;-0,303;-0,303;0,005;1;2;0,0052;99,63;
DE0001102457;GERMANIA 15/08/2028 0,25%;15/08/2028;EUR;GOV_DE;Germania;AAA;Aaa;;1000;Senior;09/10/2026;LP;95,09;187030;2;3,03;1,78;2,66;2,99;1,78;-0,342;-0,341;0,0025;1;8;0,0026;98,9;
DE0001102465;GERMANIA 15/02/2029 0,25%;15/02/2029;EUR;GOV_DE;Germania;AAA;Aaa;;1000;Senior;09/10/2026;LP;93,73;264600;3;3,06;2,27;2,69;3,03;2,27;-0,351;-0,35;0,0025;1;2;0,0027;100;
DE0001102473;GERMANIA 15/08/2029 0%;15/08/2029;EUR;GOV_DE;Germania;AAA;Aaa;;1000;Senior;09/10/2026;LP;91,69;87000;2;3,1;2,76;2,73;3,1;2,76;-0,334;-0,334;0;1;8;0;102,64;
DE0001102481;GERMANIA 15/08/2050 0%;15/08/2050;EUR;GOV_DE;Germania;AAA;Aaa;;1000;Senior;09/10/2026;LP;40,6;95990;2;3,85;22,97;3,52;3,85;22,97;0,288;0,288;0;1;8;0;103,61;
DE0001102499;GERMANIA 15/02/2030 0%;15/02/2030;EUR;GOV_DE;Germania;AAA;Aaa;;1000;Senior;09/10/2026;LP;90,19;97000;2;3,14;3,24;2,76;3,14;3,24;-0,313;-0,313;0;1;2;0;102,57;
DE0001102507;GERMANIA 15/08/2030 0%;15/08/2030;EUR;GOV_DE;Germania;AAA;Aaa;;1000;Senior;09/10/2026;LP;88,8;81000;2;3,14;3,72;2,76;3,14;3,72;-0,315;-0,315;0;1;8;0;103,89;
DE0001102515;GERMANIA 15/05/2035 0%;15/05/2035;EUR;GOV_DE;Germania;AAA;Aaa;;1000;Senior;09/10/2026;LP;74,88;82683;2;3,43;8,31;3,04;3,43;8,31;-0,111;-0,111;0;1;5;0;104,659;
DE0001102523;GERMANIA 15/11/2027 0%;15/11/2027;EUR;GOV_DE;Germania;AAA;Aaa;;1000;Senior;09/10/2026;LP;96,91;3942010;3;2,92;1,06;2,56;2,92;1,06;-0,324;-0,324;0;1;11;0;104,81;
DE0001102531;GERMANIA 15/02/2031 0%;15/02/2031;EUR;GOV_DE;Germania;AAA;Aaa;;1000;Senior;09/10/2026;LP;87,34;35000;1;3,17;4,21;2,79;3,17;4,21;-0,299;-0,299;0;1;2;0;105,36;
DE0001102549;GERMANIA 15/05/2036 0%;15/05/2036;EUR;GOV_DE;Germania;AAA;Aaa;;1000;Senior;09/10/2026;LP;72,01;38252;2;3,48;9,27;3,1;3,48;9,27;-0,075;-0,075;0;1;5;0;100,9;
DE0001102556;GERMANIA 15/11/2028 0%;15/11/2028;EUR;GOV_DE;Germania;AAA;Aaa;;1000;Senior;09/10/2026;LP;93,95;1190162;2;3,03;2,03;2,66;3,03;2,03;-0,368;-0,368;0;1;11;0;103,13;
DE0001102564;GERMANIA 15/08/2031 0%;15/08/2031;EUR;GOV_DE;Germania;AAA;Aaa;;1000;Senior;09/10/2026;LP;85,82;91000;2;3,21;4,69;2,83;3,21;4,69;-0,259;-0,259;0;1;8;0;101,99;
DE0001102572;GERMANIA 15/08/2052 0%;15/08/2052;EUR;GOV_DE;Germania;AAA;Aaa;;1000;Senior;09/10/2026;LP;37,88;482206;2;3,83;24,9;3,51;3,81;24,91;0,297;0,297;0;1;8;0;95,204;
DE0001102580;GERMANIA 15/02/2032 0%;15/02/2032;EUR;GOV_DE;Germania;AAA;Aaa;;1000;Senior;09/10/2026;LP;84,31;30000;1;3,25;5,18;2,86;3,25;5,18;-0,231;-0,231;0;1;2;0;100,95;
DE0001102598;GERMANIA 15/05/2038 1%;15/05/2038;EUR;GOV_DE;Germania;AAA;Aaa;;1000;Senior;09/10/2026;RP;75,64;0;1;3,61;10,45;3,2;3,46;10,55;0,008;0,013;0,01;1;5;0,0132;100,18;
DE0001102606;GERMANIA 15/08/2032 1,7%;15/08/2032;EUR;GOV_DE;Germania;AAA;Aaa;;1000;Senior;09/10/2026;LP;91,82;2183;2;3,26;5,4;2,86;3,04;5,45;-0,225;-0,222;0,017;1;8;0,0185;104,53;
DE0001102614;GERMANIA 15/08/2053 1,8%;15/08/2053;EUR;GOV_DE;Germania;AAA;Aaa;;1000;Senior;09/10/2026;LP;65,89;677800;2;3,86;19,17;3,45;3,54;19,9;0,349;0,333;0,018;1;8;0,0273;88,051;
DE0001102622;GERMANIA 15/11/2029 2,1%;15/11/2029;EUR;GOV_DE;Germania;AAA;Aaa;;1000;Senior;09/10/2026;LP;96,9;239498;2;3,17;2,87;2,78;2,89;2,9;-0,277;-0,274;0,021;1;11;0,0217;99,16;
DE0001135044;GERMANIA 04/07/2027 6,5%;04/07/2027;EUR;GOV_DE;Germania;AAA;Aaa;;1000;Senior;09/10/2026;LP;102,712;2000;1;2,64;0,7;1,86;1,86;0,71;-0,454;-0,454;0,065;1;7;0,0633;99,75;
DE0001135069;GERMANIA 04/01/2028 5,625%;04/01/2028;EUR;GOV_DE;Germania;AAA;Aaa;;1000;Senior;09/10/2026;LP;103,23;2000;1;2,9;1,14;2,22;2,22;1,16;-0,38;-0,374;0,05625;1;1;0,0545;100;
DE0001135085;GERMANIA 04/07/2028 4,75%;04/07/2028;EUR;GOV_DE;Germania;AAA;Aaa;;1000;Senior;09/10/2026;LP;102,86;95928;1;3,01;1,63;2,43;2,43;1,65;-0,352;-0,346;0,0475;1;7;0,0462;99,73;
DE0001135143;GERMANIA 04/01/2030 6,25%;04/01/2030;EUR;GOV_DE;Germania;AAA;Aaa;;1000;Senior;09/10/2026;LP;109,34;5000;1;3,16;2,82;2,42;2,42;2,87;-0,293;-0,284;0,0625;1;1;0,0572;100,06;
DE0001135176;GERMANIA 04/01/2031 5,5%;04/01/2031;EUR;GOV_DE;Germania;AAA;Aaa;;1000;Senior;09/10/2026;RP;108,92;0;1;3,21;3,64;2,56;2,56;3,72;-0,258;-0,25;0,055;1;1;0,0505;99,64;
DE0001135226;GERMANIA 04/07/2034 4,75%;04/07/2034;EUR;GOV_DE;Germania;AAA;Aaa;;1000;Senior;09/10/2026;LP;109,38;8000;1;3,35;6,41;2,79;2,79;6,56;-0,17;-0,16;0,0475;1;7;0,0434;102,9;
DE0001135275;GERMANIA 04/01/2037 4%;04/01/2037;EUR;GOV_DE;Germania;AAA;Aaa;;1000;Senior;09/10/2026;LP;104,5;7000;1;3,47;8,11;2,98;2,98;8,34;-0,104;-0,09;0,04;1;1;0,0383;99,21;
DE0001135325;GERMANIA 04/07/2039 4,25%;04/07/2039;EUR;GOV_DE;Germania;AAA;Aaa;;1000;Senior;09/10/2026;RP;106,21;0;1;3,63;9,72;3,12;3,12;10,04;0,012;0,033;0,0425;1;7;0,04;102,51;
DE0001135366;GERMANIA 04/07/2040 4,75%;04/07/2040;EUR;GOV_DE;Germania;AAA;Aaa;;1000;Senior;09/10/2026;RP;111,37;0;1;3,68;10,1;3,12;3,12;10,47;0,047;0,073;0,0475;1;7;0,0427;97,48;
DE0001135432;GERMANIA 04/07/2042 3,25%;04/07/2042;EUR;GOV_DE;Germania;AAA;Aaa;;1000;Senior;09/10/2026;LP;94,19;144700;2;3,74;11,88;3,29;3,32;12,28;0,108;0,126;0,0325;1;7;0,0345;98,38;
DE0001135481;GERMANIA 04/07/2044 2,5%;04/07/2044;EUR;GOV_DE;Germania;AAA;Aaa;;1000;Senior;09/10/2026;LP;83,6;26000;2;3,79;13,55;3,34;3,44;13,97;0,159;0,171;0,025;1;7;0,0299;101,93;
DE0001141851;GERMANIA 16/04/2027 0%;16/04/2027;EUR;GOV_DE;Germania;AAA;Aaa;;1000;Senior;09/10/2026;LP;98,617;2362600;2;2,79;0,49;2,44;2,79;0,49;-0,156;-0,156;0;1;4;0;101,54;
DE0001141869;GERMANIA 15/10/2027 1,3%;15/10/2027;EUR;GOV_DE;Germania;AAA;Aaa;;1000;Senior;09/10/2026;LP;98,32;8218;2;3,02;0,96;2,65;2,84;0,97;-0,201;-0,201;0,013;1;10;0,0132;99,43;
DE0001345759;DEUTSCHE BANK 28/10/2026 DEM ZC;28/10/2026;DEM;DEUTSCHEBANK;Deutsche Bank AG;;;;10000;Senior;09/10/2026;RP;99,88;0;1;2,96;0,04;1,49;1,49;0,04;0,322;0,322;0;;;0;13,2;
DE0001345908;BEI 05/11/2026 ZC;05/11/2026;EUR;SOV_BEI;European Investment Bank;AAA;;;1000;Senior;09/10/2026;LP;99,801;57000;1;3,21;0,06;2,68;2,68;0,06;0,569;0,569;0;;;0;13,73;
DE0001892057;DEUTSCHE BANK 20/01/2032 ITL ZC;20/01/2032;ITL;DEUTSCHEBANK;Deutsche Bank AG;;;;5000000;Senior;09/10/2026;RP;80,29;0;1;4,25;5,06;3,14;3,14;5,11;0,776;0,776;0;;;0;7,8;
DE000A11QTF7;KFW 23/04/2030 0,375%;23/04/2030;EUR;KFW;Kreditanstalt für Wiederaufbau;;;;1000;Senior;09/10/2026;RP;90,29;0;1;3,34;3,39;2,5;3,23;3,4;-0,114;-0,114;0,00375;1;4;0,0042;99,724;
DE000A11QTK7;KFW 31/07/2035 1,375%;31/07/2035;EUR;KFW;Kreditanstalt für Wiederaufbau;;;;1000;Senior;09/10/2026;RP;82,83;0;0;3,7;7,97;2,8;3,29;8,13;0,154;0,158;0,01375;1;7;0,0166;98,672;
DE000A168Y48;KFW 04/07/2036 1,25%;04/07/2036;EUR;KFW;Kreditanstalt für Wiederaufbau;;;;1000;Senior;09/10/2026;RP;80,42;0;1;3,68;8,78;2,79;3,31;8,96;0,119;0,124;0,0125;;7;0,0155;99,43;
DE000A169NC2;DAIMLER 11/05/2028 1,375%;11/05/2028;EUR;DAIMLER;Mercedes-Benz Group AG;;;;1000;Senior;09/10/2026;RP;96,66;0;1;3,59;1,51;2,66;3,21;1,52;0,243;0,245;0,01375;1;5;0,0142;99,594;
DE000A1ZZ028;BMW 20/04/2027 1%;20/04/2027;EUR;BMW;Bayerische Motoren Werke AG;;;;1000;Senior;09/10/2026;RP;98,88;0;1;3,21;0,5;2,38;2,93;0,5;0,257;0,257;0,01;1;4;0,0101;98,66;
DE000A289QR9;MERCEDES-BENZ GROUP AG GREEN BOND 10/09/2030 0,75%;10/09/2030;EUR;MERCEDES-BENZ;Mercedes-Benz Group AG;;;;1000;Senior;09/10/2026;RP;88,85;0;1;3,88;3,72;2,91;3,65;3,74;0,418;0,419;0,0075;1;9;0,0084;99,188;
DE000A2DAR40;KFW 15/06/2037 1,125%;15/06/2037;EUR;KFW;Kreditanstalt für Wiederaufbau;;;;1000;Senior;09/10/2026;RP;77,03;0;1;3,78;9,61;2,88;3,44;9,81;0,198;0,203;0,01125;;6;0,0146;99,893;
DE000A2DAR65;KFW 22/02/2027 0,625%;22/02/2027;EUR;KFW;Kreditanstalt für Wiederaufbau;;;;1000;Senior;09/10/2026;RP;99,565;0;0;1,84;0,36;1,36;1,67;0,36;-0,948;-0,948;0,00625;1;2;0,0063;99,86;
DE000A2GSCW3;MERCEDES-BENZ GROUP AG 03/07/2029 1,5%;03/07/2029;EUR;MERCEDES-BENZ;Mercedes-Benz Group AG;;;;1000;Senior;09/10/2026;RP;94,41;0;1;3,7;2,58;2,75;3,29;2,6;0,261;0,263;0,015;1;7;0,0159;99,913;
DE000A2GSCX1;MERCEDES-BENZ GROUP AG 03/07/2037 2,125%;03/07/2037;EUR;MERCEDES-BENZ;Mercedes-Benz Group AG;;;;1000;Senior;09/10/2026;RP;78,9;0;1;4,67;9,05;3,54;4,03;9,4;1,086;1,096;0,02125;1;7;0,0269;99,855;
DE000A2GSE59;KFW 15/09/2032 1,125%;15/09/2032;EUR;KFW;Kreditanstalt für Wiederaufbau;;;;1000;Senior;09/10/2026;RP;87,22;0;1;3,56;5,55;2,68;3,22;5,61;0,069;0,07;0,01125;;9;0,0129;98,475;
DE000A2GSFA2;KFW 15/09/2027 0,5%;15/09/2027;EUR;KFW;Kreditanstalt für Wiederaufbau;;;;1000;Senior;09/10/2026;RP;97,736;0;1;3,02;0,9;2,24;2,87;0,9;-0,173;-0,173;0,005;;9;0,0051;99,224;
DE000A2GSLY0;MERCEDES-BENZ GROUP AG 15/11/2027 1%;15/11/2027;EUR;MERCEDES-BENZ;Mercedes-Benz Group AG;;;;1000;Senior;09/10/2026;RP;97,47;0;1;3,4;1,04;2,52;3,12;1,05;0,157;0,158;0,01;1;11;0,0103;99,349;
DE000A2GSNR0;KFW 07/01/2028 0,625%;07/01/2028;EUR;KFW;Kreditanstalt für Wiederaufbau;;;;1000;Senior;09/10/2026;RP;97,92;0;1;2,35;1,2;1,74;2,17;1,2;-0,927;-0,926;0,00625;;1;0,0064;99,289;
DE000A2LQHT2;KFW 09/05/2033 1,125%;09/05/2033;EUR;KFW;Kreditanstalt für Wiederaufbau;;;;1000;Senior;09/10/2026;RP;85,82;0;0;3,58;6,1;2,7;3,26;6,18;0,088;0,09;0,01125;1;5;0,0131;99,521;
DE000A2LQSH4;KFW 28/06/2028 0,75%;28/06/2028;EUR;KFW;Kreditanstalt für Wiederaufbau;;;;1000;Senior;09/10/2026;RP;96,29;0;1;3,01;1,65;2,23;2,8;1,66;-0,352;-0,351;0,0075;;6;0,0078;99,394;
DE000A2LQSN2;KFW 15/01/2029 0,75%;15/01/2029;EUR;KFW;Kreditanstalt für Wiederaufbau;;;;1000;Senior;09/10/2026;RP;94,64;0;1;3,25;2,16;2,41;3,05;2,17;-0,16;-0,159;0,0075;1;1;0,0079;99,98;
DE000A2TR083;MERCEDES-BENZ GROUP AG 27/02/2031 2%;27/02/2031;EUR;MERCEDES-BENZ;Mercedes-Benz Group AG;;;;1000;Senior;09/10/2026;RP;92,07;0;1;4,01;4,01;2,99;3,46;4,08;0,544;0,547;0,02;1;2;0,0217;99,631;
DE000A3H3JM4;MERCEDES-BENZ GROUP AG GREEN BOND 11/03/2033 0,75%;11/03/2033;EUR;MERCEDES-BENZ;Mercedes-Benz Group AG;;;;1000;Senior;09/10/2026;RP;81,29;0;1;4,13;5,98;3,13;3,9;6,04;0,637;0,639;0,0075;1;3;0,0092;99,26;
DE000A3LT431;BMW 02/11/2027 3%;02/11/2027;EUR;BMW;Bayerische Motoren Werke AG;;;;1000;Senior;09/10/2026;RP;99,58;0;1;3,41;0,99;2,52;2,61;1,01;0,174;0,175;0,03;1;11;0,0301;99,788;
DE000BU22072;GERMANIA 10/12/2026 2% ;10/12/2026;EUR;GOV_DE;Germania;AAA;Aaa;;1;Senior;09/10/2026;LP;99,89;18988;2;2,68;0,15;2,35;2,41;0,16;0,038;0,038;0,02;1;12;0,02;99,661;
DE000BU22080;GERMANIA 11/03/2027 2,2%;11/03/2027;EUR;GOV_DE;Germania;AAA;Aaa;;1;Senior;09/10/2026;RP;99,829;0;2;2,61;0,4;2,28;2,33;0,4;-0,235;-0,235;0,022;0;3;0,022;99,873;
DE000BU22114;GERMANIA 16/12/2027 2%;16/12/2027;EUR;GOV_DE;Germania;AAA;Aaa;;1;Senior;09/10/2026;LP;98,86;1465000;2;3;1,12;2,62;2,74;1,12;-0,269;-0,266;0,02;0;12;0,0202;100,178;
DE000BU22122;GERMANIA 15/03/2028 2,1%;15/03/2028;EUR;GOV_DE;Germania;AAA;Aaa;;1;Senior;09/10/2026;LP;98,78;45000;2;2,98;1,36;2,61;2,71;1,36;-0,338;-0,335;0,021;0;3;0,0213;99,925;
DE000BU22130;GERMANIA 14/06/2028 2,5%;14/06/2028;EUR;GOV_DE;Germania;AAA;Aaa;;1;Senior;09/10/2026;LP;99,39;6500;1;2,87;1,6;2,51;2,56;1,6;-0,487;-0,484;0,025;0;6;0,0252;100,059;
DE000BU22148;GERMANIA 13/09/2028 2,7%;13/09/2028;EUR;GOV_DE;Germania;AAA;Aaa;;1;Senior;09/10/2026;LP;99,33;25000;2;3,06;1,83;2,68;2,71;1,84;-0,328;-0,325;0,027;0;9;0,0272;99,839;
DE000BU25000;GERMANIA 13/04/2028 2,2%;13/04/2028;EUR;GOV_DE;Germania;AAA;Aaa;;1000;Senior;09/10/2026;LP;98,75;30000;2;3,06;1,43;2,68;2,78;1,44;-0,274;-0,271;0,022;1;4;0,0223;99,92;
DE000BU25018;GERMANIA 19/10/2028 2,4% ;19/10/2028;EUR;GOV_DE;Germania;AAA;Aaa;;1;Senior;09/10/2026;LP;98,68;2025000;2;3,08;1,89;2,7;2,78;1,9;-0,308;-0,306;0,024;1;10;0,0243;99,92;
DE000BU25026;GERMANIA 12/04/2029 2,1%;12/04/2029;EUR;GOV_DE;Germania;AAA;Aaa;;1;Senior;09/10/2026;RP;97,57;0;1;3,12;2,36;2,74;2,85;2,37;-0,3;-0,296;0,021;1;4;0,0215;99,88;
DE000BU25034;GERMANIA 11/10/2029 2,5% ;11/10/2029;EUR;GOV_DE;Germania;AAA;Aaa;;1;Senior;09/10/2026;LP;98,07;90000;1;3,19;2,83;2,79;2,87;2,85;-0,257;-0,254;0,025;1;10;0,0255;100,51;
DE000BU25042;GERMANIA 18/04/2030 2,4% ;18/04/2030;EUR;GOV_DE;Germania;AAA;Aaa;;1;Senior;09/10/2026;LP;97,47;25000;1;3,17;3,27;2,78;2,86;3,29;-0,284;-0,28;0,024;1;4;0,0246;99,87;
DE000BU25059;GERMANIA 10/10/2030 2,2%;10/10/2030;EUR;GOV_DE;Germania;AAA;Aaa;;1;Senior;09/10/2026;LP;96,41;25000;1;3,17;3,74;2,78;2,88;3,77;-0,289;-0,287;0,022;0;10;0,0228;99,72;
DE000BU25067;GERMANIA 16/04/2031 2,5%;16/04/2031;EUR;GOV_DE;Germania;AAA;Aaa;;1;Senior;09/10/2026;LP;96,99;134898;2;3,22;4,11;2,83;2,91;4,15;-0,243;-0,239;0,025;0;4;0,0258;100,16;
DE000BU25075;GERMANIA 08/10/2031 2,9%;08/10/2031;EUR;GOV_DE;Germania;AAA;Aaa;;1;Senior;09/10/2026;LP;99,25;174000;1;3,1;4,54;2,72;2,73;4,59;-0,371;-0,367;0,029;0;10;0,0292;100,02;
DE000BU27006;GERMANIA 15/11/2030 2,4%;15/11/2030;EUR;GOV_DE;Germania;AAA;Aaa;;1000;Senior;09/10/2026;LP;97,05;11000;2;3,18;3,74;2,79;2,87;3,78;-0,282;-0,279;0,024;1;11;0,0247;99,63;
DE000BU27014;GERMANIA 15/11/2032 2,5%;15/11/2032;EUR;GOV_DE;Germania;AAA;Aaa;;1;Senior;09/10/2026;RP;95,67;0;1;3,3;5,38;2,89;2,97;5,45;-0,194;-0,19;0,025;0;11;0,0261;100,26;
DE000BU2D004;GERMANIA 15/08/2054 2,5%;15/08/2054;EUR;GOV_DE;Germania;AAA;Aaa;;1;Senior;09/10/2026;LP;77,1;20000;1;3,86;18,37;3,41;3,48;19,27;0,356;0,331;0,025;1;8;0,0324;99,196;
DE000BU2D012;GERMANIA 15/08/2056 2,9%;15/08/2056;EUR;GOV_DE;Germania;AAA;Aaa;;1;Senior;09/10/2026;LP;83,7;31000;2;3,82;18,56;3,37;3,41;19,59;0,357;0,319;0,029;0;8;0,0346;96,142;
DE000BU2F009;GERMANIA 15/05/2041 2,6%;15/05/2041;EUR;GOV_DE;Germania;AAA;Aaa;;1;Senior;09/10/2026;LP;87,54;3000;1;3,72;11,56;3,28;3,37;11,88;0,083;0,1;0,026;1;5;0,0297;100,78;
DE000BU2T000;GERMANIA 15/05/2047 3,4%;15/05/2047;EUR;GOV_DE;Germania;AAA;Aaa;;1;Senior;09/10/2026;LP;93,75;1188698;2;3,84;14,04;3,37;3,4;14,68;0,229;0,24;0,034;0;5;0,0363;99,921;
DE000BU2Z007;GERMANIA 15/02/2033 2,3%;15/02/2033;EUR;GOV_DE;Germania;AAA;Aaa;;1000;Senior;09/10/2026;LP;94,28;181832;2;3,31;5,68;2,91;3,02;5,75;-0,18;-0,176;0,023;1;2;0,0244;100,41;
DE000BU2Z015;GERMANIA 15/08/2033 2,6%;15/08/2033;EUR;GOV_DE;Germania;AAA;Aaa;;1000;Senior;09/10/2026;LP;95,8;21000;1;3,3;6,11;2,89;2,96;6,19;-0,206;-0,202;0,026;1;8;0,0271;99,61;
DE000BU2Z023;GERMANIA 15/02/2034 2,2%;15/02/2034;EUR;GOV_DE;Germania;AAA;Aaa;;1;Senior;09/10/2026;LP;92,7;5402;1;3,34;6,52;2,93;3,05;6,61;-0,175;-0,17;0,022;1;2;0,0237;100,06;
DE000BU2Z031;GERMANIA 15/08/2034 2,6% ;15/08/2034;EUR;GOV_DE;Germania;AAA;Aaa;;1;Senior;09/10/2026;RP;94,6;0;1;3,4;6,91;2,98;3,06;7,01;-0,126;-0,121;0,026;1;8;0,0275;99,76;
DE000BU2Z049;GERMANIA 15/02/2035 2,5% ;15/02/2035;EUR;GOV_DE;Germania;AAA;Aaa;;1;Senior;09/10/2026;LP;93,51;71000;1;3,41;7,23;2,99;3,08;7,35;-0,127;-0,12;0,025;0;2;0,0267;99,9;
DE000BU2Z056;GERMANIA 15/08/2035 2,6%;15/08/2035;EUR;GOV_DE;Germania;AAA;Aaa;;1;Senior;09/10/2026;LP;93,66;71330;1;3,44;7,68;3,02;3,1;7,8;-0,1;-0,093;0,026;0;8;0,0278;99,77;
DE000BU2Z064;GERMANIA 15/02/2036 2,9%;15/02/2036;EUR;GOV_DE;Germania;AAA;Aaa;;1;Senior;09/10/2026;LP;95,62;10000;2;3,45;7,84;3,03;3,08;8;-0,099;-0,089;0,029;0;2;0,0303;100,6;
DE000BU2Z072;GERMANIA 15/08/2036 3%;15/08/2036;EUR;GOV_DE;Germania;AAA;Aaa;;1;Senior;09/10/2026;LP;96,02;119000;2;3,48;8,28;3,05;3,09;8,45;-0,081;-0,071;0,03;0;8;0,0312;99,2;
DE000BU35025;GERMANIA GREEN BOND 12/04/2029 2,1% ;12/04/2029;EUR;GOV_DE;Germania;AAA;Aaa;;1;Senior;09/10/2026;RP;97,55;0;1;3,13;2,36;2,75;2,82;2,37;-0,291;-0,288;0,021;1;4;0,0215;97,9;
DE000BU3F007;GERMANIA GREEN BOND 15/05/2041 2,6%;15/05/2041;EUR;GOV_DE;Germania;AAA;Aaa;;1;Senior;09/10/2026;RP;87,38;0;1;3,74;11,56;3,29;3,34;11,87;0,099;0,116;0,026;1;5;0,0298;93,552;
DE000BU3Z005;GERMANIA GREEN BOND 15/02/2033 2,3%;15/02/2033;EUR;GOV_DE;Germania;AAA;Aaa;;1000;Senior;09/10/2026;LP;94,35;237325;1;3,3;5,68;2,9;2,99;5,75;-0,192;-0,189;0,023;1;2;0,0244;98,708;
DE000BU3Z047;GERMANIA GREEN BOND 15/02/2035 2,5%;15/02/2035;EUR;GOV_DE;Germania;AAA;Aaa;;1;Senior;09/10/2026;LP;93,68;8551;1;3,38;7,23;2,97;3,05;7,35;-0,152;-0,145;0,025;0;2;0,0267;98,98;
DE000CZ40LW5;COMMERZBANK 30/03/2027 4% JUNIOR;30/03/2027;EUR;COMMERZBANK;Commerzbank AG;;;;1000;Junior;09/10/2026;LP;99,97;7000;1;4,02;0,44;2,98;2,98;0,45;1,122;1,122;0,04;1;3;0,04;98,966;
DE000DL19T26;DEUTSCHE BANK 17/01/2028 1,75%;17/01/2028;EUR;DEUTSCHEBANK;Deutsche Bank AG;;;;100000;Senior;09/10/2026;RP;97,67;0;0;3,67;1,2;2,72;3,19;1,21;0,382;0,384;0,0175;1;1;0,0179;99,185;
ES0000011868;SPAGNA 31/01/2029 6%;31/01/2029;EUR;GOV_ES;Spagna;A+;A3;;1000;Senior;09/10/2026;RP;105,85;0;1;3,31;2,07;2,59;2,59;2,1;-0,104;-0,095;0,06;1;1;0,0567;94,846;
ES00000120N0;SPAGNA 30/07/2040 4,9%;30/07/2040;EUR;GOV_ES;Spagna;A+;A3;;1000;Senior;09/10/2026;LP;106,17;2000;1;4,3;9,94;3,71;3,71;10,33;0,664;0,691;0,049;1;7;0,0462;99,655;
ES00000121S7;SPAGNA 30/07/2041 4,7%;30/07/2041;EUR;GOV_ES;Spagna;A+;A3;;1000;Senior;09/10/2026;RP;103,81;0;1;4,34;10,51;3,77;3,77;10,94;0,705;0,731;0,047;1;7;0,0453;99,753;
ES0000012411;SPAGNA 30/07/2032 5,75%;30/07/2032;EUR;GOV_ES;Spagna;A+;A3;;1000;Senior;09/10/2026;LP;110,87;6000;1;3,63;4,9;2,96;2,96;5,01;0,148;0,155;0,0575;1;7;0,0519;93,718;
ES00000124C5;SPAGNA 31/10/2028 5,15%;31/10/2028;EUR;GOV_ES;Spagna;A+;A3;;1000;Senior;09/10/2026;LP;103,8;5000;1;3,2;1,85;2,57;2,57;1,88;-0,193;-0,188;0,0515;1;10;0,0496;99,57;
ES00000124H4;SPAGNA 31/10/2044 5,15%;31/10/2044;EUR;GOV_ES;Spagna;A+;A3;;1000;Senior;09/10/2026;RP;108,6;0;1;4,45;11,39;3,84;3,84;12,01;0,82;0,84;0,0515;1;10;0,0474;99,046;
ES00000126D8;SPAGNA 31/10/2064 4%;31/10/2064;EUR;GOV_ES;Spagna;A+;A3;;1000;Senior;09/10/2026;RP;94,99;0;1;4,27;18,17;3,74;3,75;19,69;0,936;0,827;0,04;1;10;0,0421;99,602;
ES00000127A2;SPAGNA 30/07/2030 1,95%;30/07/2030;EUR;GOV_ES;Spagna;A+;A3;;1000;Senior;09/10/2026;LP;94,74;31000;1;3,45;3,55;3,03;3,2;3,58;-0,007;-0,004;0,0195;1;7;0,0206;99,596;
ES00000128C6;SPAGNA 31/10/2046 2,9%;31/10/2046;EUR;GOV_ES;Spagna;A+;A3;;1000;Senior;09/10/2026;LP;79,35;9000;1;4,48;13,71;3,96;4,06;14,32;0,865;0,876;0,029;1;10;0,0365;98,931;
ES00000128E2;SPAGNA 30/07/2066 3,45%;30/07/2066;EUR;GOV_ES;Spagna;A+;A3;;1000;Senior;09/10/2026;LP;79,24;5000;2;4,59;19,01;4,05;4,08;20,6;1,29;1,17;0,0345;1;7;0,0435;98,998;
ES00000128H5;SPAGNA 31/10/2026 1,3%;31/10/2026;EUR;GOV_ES;Spagna;A+;A3;;1000;Senior;09/10/2026;RP;99,918;0;2;2,97;0,05;2,6;2,81;0,05;0,327;0,327;0,013;1;10;0,013;99,862;
ES00000128P8;SPAGNA 30/04/2027 1,5%;30/04/2027;EUR;GOV_ES;Spagna;A+;A3;;1000;Senior;09/10/2026;LP;99,182;30000;1;3,02;0,53;2,65;2,84;0,53;0,053;0,053;0,015;1;4;0,0151;99,93;
ES00000128Q6;SPAGNA 30/07/2033 2,35%;30/07/2033;EUR;GOV_ES;Spagna;A+;A3;;1000;Senior;09/10/2026;LP;91,63;1000;1;3,77;6,08;3,31;3,46;6,15;0,267;0,271;0,0235;1;7;0,0256;99,43;
ES0000012932;SPAGNA 31/01/2037 4,2%;31/01/2037;EUR;GOV_ES;Spagna;A+;A3;;1000;Senior;09/10/2026;LP;100,95;240000;1;4,08;8,02;3,56;3,56;8,26;0,509;0,524;0,042;1;1;0,0416;98,85;
ES0000012A89;SPAGNA 31/10/2027 1,45%;31/10/2027;EUR;GOV_ES;Spagna;A+;A3;;1000;Senior;09/10/2026;LP;98,4;70000;2;3,02;1;2,65;2,83;1,01;-0,213;-0,212;0,0145;1;10;0,0147;99,249;
ES0000012B39;SPAGNA 30/04/2028 1,4%;30/04/2028;EUR;GOV_ES;Spagna;A+;A3;;1000;Senior;09/10/2026;LP;97,2;93000;1;3,28;1,48;2,87;3,1;1,49;-0,058;-0,056;0,014;1;4;0,0144;99,513;
ES0000012B47;SPAGNA 31/10/2048 2,7%;31/10/2048;EUR;GOV_ES;Spagna;A+;A3;;1000;Senior;09/10/2026;RP;74,82;0;1;4,53;14,75;4,01;4,12;15,45;0,933;0,937;0,027;1;10;0,0361;99,465;
ES0000012B88;SPAGNA 30/07/2028 1,4%;30/07/2028;EUR;GOV_ES;Spagna;A+;A3;;1000;Senior;09/10/2026;LP;96,94;93000;2;3,18;1,73;2,78;2,99;1,73;-0,194;-0,193;0,014;1;7;0,0144;99,467;
ES0000012E51;SPAGNA 30/04/2029 1,45%;30/04/2029;EUR;GOV_ES;Spagna;A+;A3;;1000;Senior;09/10/2026;LP;95,5;55000;1;3,32;2,42;2,91;3,13;2,43;-0,105;-0,103;0,0145;1;4;0,0152;99,889;
ES0000012E69;SPAGNA 30/07/2035 1,85%;30/07/2035;EUR;GOV_ES;Spagna;A+;A3;;1000;Senior;09/10/2026;LP;84,53;760000;1;3,97;7,79;3,5;3,71;7,89;0,424;0,43;0,0185;1;7;0,0219;98,808;
ES0000012F43;SPAGNA 31/10/2029 0,6%;31/10/2029;EUR;GOV_ES;Spagna;A+;A3;;1000;Senior;09/10/2026;LP;92,02;25000;1;3,4;2,91;2,99;3,32;2,92;-0,045;-0,044;0,006;1;10;0,0065;99,71;
ES0000012F76;SPAGNA 30/04/2030 0,5%;30/04/2030;EUR;GOV_ES;Spagna;A+;A3;;1000;Senior;09/10/2026;LP;90,54;113000;1;3,38;3,4;2,97;3,31;3,4;-0,079;-0,078;0,005;1;4;0,0055;99,751;
ES0000012G00;SPAGNA 31/10/2050 1%;31/10/2050;EUR;GOV_ES;Spagna;A+;A3;;1000;Senior;09/10/2026;LP;48,83;175000;1;4,54;18,78;4,1;4,34;19,29;0,977;0,975;0,01;1;10;0,0205;98,154;
ES0000012G26;SPAGNA 30/07/2027 0,8%;30/07/2027;EUR;GOV_ES;Spagna;A+;A3;;1000;Senior;09/10/2026;LP;98,357;171000;2;2,92;0,77;2,56;2,81;0,77;-0,216;-0,216;0,008;1;7;0,0081;99,703;
ES0000012G34;SPAGNA 31/10/2030 1,25%;31/10/2030;EUR;GOV_ES;Spagna;A+;A3;;1000;Senior;09/10/2026;LP;91,74;141000;1;3,47;3,79;3,05;3,3;3,81;0,01;0,011;0,0125;1;10;0,0136;99,456;
ES0000012G42;SPAGNA 31/10/2040 1,2% ;31/10/2040;EUR;GOV_ES;Spagna;A+;A3;;1000;Senior;09/10/2026;LP;68,07;7000;1;4,27;12,01;3,81;4,08;12,2;0,634;0,643;0,012;1;10;0,0176;99,09;
ES0000012H41;SPAGNA 30/04/2031 0,1%;30/04/2031;EUR;GOV_ES;Spagna;A+;A3;;1000;Senior;09/10/2026;RP;85,72;0;2;3,56;4,38;3,14;3,54;4,38;0,091;0,091;0,001;1;4;0,0012;99,857;
ES0000012H58;SPAGNA 31/10/2071 1,45%;31/10/2071;EUR;GOV_ES;Spagna;A+;A3;;1000;Senior;09/10/2026;LP;42,12;32000;2;4,44;23,91;4;4,11;25,75;1,228;1,12;0,0145;1;10;0,0344;99,713;
ES0000012I08;SPAGNA 31/01/2028 0%;31/01/2028;EUR;GOV_ES;Spagna;A+;A3;;1000;Senior;09/10/2026;LP;96,15;385000;2;3,06;1,26;2,68;3,06;1,26;-0,229;-0,229;0;1;1;0;100,004;
ES0000012I24;SPAGNA 30/07/2037 0,85% ;30/07/2037;EUR;GOV_ES;Spagna;A+;A3;;1000;Senior;09/10/2026;RP;71,58;0;1;4,17;9,82;3,71;4,04;9,9;0,588;0,592;0,0085;1;7;0,0119;99,442;
ES0000012I32;SPAGNA 31/10/2031 0,5% ;31/10/2031;EUR;GOV_ES;Spagna;A+;A3;;1000;Senior;09/10/2026;LP;86,24;12000;1;3,52;4,8;3,1;3,45;4,81;0,049;0,05;0,005;1;10;0,0058;99,579;
ES0000012J07;SPAGNA GREEN BOND 30/07/2042 1%;30/07/2042;EUR;GOV_ES;Spagna;A+;A3;;1000;Senior;09/10/2026;RP;61,78;0;1;4,41;13,65;3,95;4,24;13,84;0,774;0,781;0,01;1;7;0,0162;99,365;
ES0000012J15;SPAGNA 31/01/2027 0%;31/01/2027;EUR;GOV_ES;Spagna;A+;A3;;1000;Senior;09/10/2026;LP;99,184;838000;3;2,76;0,29;2,41;2,76;0,29;0,047;0,047;0;1;1;0;100,475;
ES0000012K20;SPAGNA 30/04/2032 0,7%;30/04/2032;EUR;GOV_ES;Spagna;A+;A3;;1000;Senior;09/10/2026;LP;85,59;56000;1;3,61;5,24;3,19;3,51;5,26;0,132;0,133;0,007;1;4;0,0082;99,478;
ES0000012K46;SPAGNA 31/10/2052 1,9%;31/10/2052;EUR;GOV_ES;Spagna;A+;A3;;1000;Senior;09/10/2026;RP;59,9;0;2;4,56;17,54;4,08;4,23;18,35;1,033;1,02;0,019;1;10;0,0317;99,934;
ES0000012K53;SPAGNA 30/07/2029 0,8% ;30/07/2029;EUR;GOV_ES;Spagna;A+;A3;;1000;Senior;09/10/2026;LP;93,12;345000;2;3,42;2,68;3;3,32;2,68;-0,014;-0,013;0,008;1;7;0,0086;100,978;
ES0000012K61;SPAGNA 31/10/2032 2,55%;31/10/2032;EUR;GOV_ES;Spagna;A+;A3;;1000;Senior;09/10/2026;LP;93,91;90000;2;3,69;5,33;3,24;3,36;5,41;0,203;0,206;0,0255;1;10;0,0272;99,987;
ES0000012K95;SPAGNA 30/07/2043 3,45%;30/07/2043;EUR;GOV_ES;Spagna;A+;A3;;1000;Senior;09/10/2026;LP;88,4;68000;2;4,44;12,11;3,91;3,98;12,57;0,812;0,83;0,0345;1;7;0,039;99,291;
ES0000012L52;SPAGNA 30/04/2033 3,15%;30/04/2033;EUR;GOV_ES;Spagna;A+;A3;;1000;Senior;09/10/2026;LP;96,62;96000;1;3,74;5,71;3,28;3,34;5,8;0,243;0,248;0,0315;1;4;0,0326;99,763;
ES0000012L60;SPAGNA 30/07/2039 3,9%;30/07/2039;EUR;GOV_ES;Spagna;A+;A3;;1000;Senior;09/10/2026;LP;96,55;27000;1;4,25;9,77;3,73;3,76;10,08;0,634;0,655;0,039;1;7;0,0404;99,982;
ES0000012L78;SPAGNA 31/10/2033 3,55%;31/10/2033;EUR;GOV_ES;Spagna;A+;A3;;1000;Senior;09/10/2026;LP;98,73;74000;2;3,76;5,92;3,29;3,31;6,05;0,252;0,258;0,0355;1;10;0,036;99,963;
ES0000012M51;SPAGNA 31/05/2029 3,5%;31/05/2029;EUR;GOV_ES;Spagna;A+;A3;;1000;Senior;09/10/2026;LP;100,26;107000;2;3,39;2,45;2,94;2,94;2,47;-0,04;-0,035;0,035;1;5;0,0349;99,29;
ES0000012M77;SPAGNA 31/05/2027 2,5%;31/05/2027;EUR;GOV_ES;Spagna;A+;A3;;1000;Senior;09/10/2026;LP;99,656;260000;2;3,05;0,61;2,67;2,73;0,61;0,011;0,011;0,025;1;5;0,0251;99,742;
ES0000012M85;SPAGNA 30/04/2034 3,25%;30/04/2034;EUR;GOV_ES;Spagna;A+;A3;;1000;Senior;09/10/2026;LP;96,21;17000;1;3,84;6,45;3,36;3,42;6,57;0,32;0,327;0,0325;1;4;0,0338;99,92;
ES0000012M93;SPAGNA 31/10/2054 4%;31/10/2054;EUR;GOV_ES;Spagna;A+;A3;;1000;Senior;09/10/2026;LP;91,37;165000;2;4,55;15,45;4;4,02;16,53;1,054;1,019;0,04;1;10;0,0438;99,974;
ES0000012N35;SPAGNA 31/10/2034 3,45% ;31/10/2034;EUR;GOV_ES;Spagna;A+;A3;;1000;Senior;09/10/2026;LP;96,96;127000;2;3,9;6,66;3,42;3,46;6,81;0,37;0,378;0,0345;1;10;0,0356;99,816;
ES0000012N43;SPAGNA 30/07/2031 3,1% ;30/07/2031;EUR;GOV_ES;Spagna;A+;A3;;1000;Senior;09/10/2026;LP;98,05;181000;2;3,55;4,35;3,11;3,15;4,4;0,077;0,081;0,031;1;7;0,0316;99,799;
ES0000012O00;SPAGNA 31/01/2030 2,7% ;31/01/2030;EUR;GOV_ES;Spagna;A+;A3;;1000;Senior;09/10/2026;LP;97,64;68000;2;3,47;3,04;3,04;3,12;3,07;0,016;0,02;0,027;1;1;0,0277;99,769;
ES0000012O59;SPAGNA 31/05/2028 2,4% ;31/05/2028;EUR;GOV_ES;Spagna;A+;A3;;1000;Senior;09/10/2026;LP;98,44;69000;2;3,39;1,56;2,97;3,07;1,56;0,04;0,043;0,024;1;5;0,0244;99,412;
ES0000012O67;SPAGNA 30/04/2035 3,15% ;30/04/2035;EUR;GOV_ES;Spagna;A+;A3;;1000;Senior;09/10/2026;LP;94,2;50000;2;3,96;7,2;3,48;3,55;7,34;0,424;0,432;0,0315;1;4;0,0334;99,75;
ES0000012O75;SPAGNA 31/01/2041 3,5%;31/01/2041;EUR;GOV_ES;Spagna;A+;A3;;1000;Senior;09/10/2026;LP;91;115000;1;4,36;10,58;3,83;3,89;10,96;0,721;0,743;0,035;0;1;0,0385;99,824;
ES0000012P33;SPAGNA 31/10/2035 3,2%;31/10/2035;EUR;GOV_ES;Spagna;A+;A3;;1000;Senior;09/10/2026;LP;94,44;2000;1;3,94;7,42;3,46;3,53;7,6;0,394;0,403;0,032;1;10;0,0339;99,707;
ES0000012P74;SPAGNA 31/01/2033 3%;31/01/2033;EUR;GOV_ES;Spagna;A+;A3;;1000;Senior;09/10/2026;LP;96,25;5000;1;3,68;5,5;3,22;3,29;5,59;0,183;0,188;0,03;0;1;0,0312;100,514;
ES0000012P90;SPAGNA 31/03/2029 2,35%;31/03/2029;EUR;GOV_ES;Spagna;A+;A3;;1000;Senior;09/10/2026;RP;97,51;0;2;3,42;2,31;2,99;3,12;2,33;-0,005;-0,001;0,0235;0;3;0,0241;100,01;
ES0000012Q08;SPAGNA 30/04/2036 3,3%;30/04/2036;EUR;GOV_ES;Spagna;A+;A3;;1000;Senior;09/10/2026;LP;94,13;144000;2;4,05;7,86;3,56;3,62;8,04;0,493;0,504;0,033;0;4;0,0351;99,813;
ES0000012Q16;SPAGNA 31/05/2031 2,6%;31/05/2031;EUR;GOV_ES;Spagna;A+;A3;;1000;Senior;09/10/2026;LP;96,01;5000;1;3,55;4,23;3,11;3,21;4,27;0,079;0,082;0,026;0;5;0,0271;100,104;
ES0000012R56;SPAGNA 31/10/2056 3,95%;31/10/2056;EUR;GOV_ES;Spagna;A+;A3;;1000;Senior;09/10/2026;LP;89,78;11000;1;4,58;16,21;4,03;4,05;17,37;1,118;1,069;0,0395;0;10;0,044;99,491;
ES0000012S22;SPAGNA 31/10/2036 3,4%;31/10/2036;EUR;GOV_ES;Spagna;A+;A3;;1000;Senior;09/10/2026;RP;94,42;0;1;4,09;8,19;3,59;3,64;8,39;0,519;0,531;0,034;0;10;0,036;99,6;
ES0000012S30;SPAGNA GREEN BOND 30/07/2047 4,25%;30/07/2047;EUR;GOV_ES;Spagna;A+;A3;;1000;Senior;09/10/2026;LP;97,21;5000;1;4,46;13,45;3,91;3,92;14,14;0,847;0,859;0,0425;0;7;0,0437;99,764;
EU000A18YZ05;EUROPEAN UNION 04/04/2036 1,125%;04/04/2036;EUR;SOV_EU;European Union;AA+;;;1000;Senior;09/10/2026;RP;78,32;0;1;3,91;8,57;3,46;3,74;8,65;0,348;0,353;0,01125;1;4;0,0144;99,412;
EU000A18Z2D4;EUROPEAN UNION 04/04/2031 0,75%;04/04/2031;EUR;SOV_EU;European Union;AA+;;;1000;Senior;09/10/2026;RP;88,77;0;1;3,5;4,25;3,09;3,39;4,26;0,038;0,039;0,0075;1;4;0,0084;98,294;
EU000A1G0AJ7;EFSF 30/03/2032 3,875%;30/03/2032;EUR;SOV_EFSF;European Financial Stability Facility;AA+;;;1000;Senior;09/10/2026;LP;101,27;20000;1;3,61;4,76;3,13;3,13;4,84;0,131;0,136;0,03875;1;3;0,0383;98,894;
EU000A1G0AT6;EFSF 03/04/2037 3,375%;03/04/2037;EUR;SOV_EFSF;European Financial Stability Facility;AA+;;;1000;Senior;09/10/2026;RP;94,88;0;1;3,98;8,45;3,49;3,54;8,67;0,402;0,416;0,03375;1;4;0,0356;99,265;
EU000A1G0BJ5;EFSF 04/09/2034 3%;04/09/2034;EUR;SOV_EFSF;European Financial Stability Facility;AA+;;;1000;Senior;09/10/2026;RP;94,6;0;1;3,8;6,84;3,34;3,41;6,95;0,281;0,288;0,03;1;9;0,0317;99,34;
EU000A1G0BL1;EFSF 03/12/2029 2,75%;03/12/2029;EUR;SOV_EFSF;European Financial Stability Facility;AA+;;;1000;Senior;09/10/2026;LP;98,57;55000;1;3,23;2,89;2,83;2,89;2,92;-0,212;-0,208;0,0275;1;12;0,0279;99,898;
EU000A1G0D70;EFSF 14/02/2028 0,95%;14/02/2028;EUR;SOV_EFSF;European Financial Stability Facility;AA+;;;1000;Senior;09/10/2026;LP;97,16;65000;1;3,15;1,29;2,76;3,02;1,29;-0,154;-0,153;0,0095;1;2;0,0098;99,574;
EU000A1G0D88;EFSF 16/10/2026 0,625%;16/10/2026;EUR;SOV_EFSF;European Financial Stability Facility;AA+;;;1000;Senior;09/10/2026;RP;99,56;0;1;71,49;0;60,42;71,46;0;68,85;68,85;0,00625;1;10;0,0063;99,786;
EU000A1G0D96;EUROPEAN FINANCIAL STABILITY FACILITY 17/07/2053 1,75%;17/07/2053;EUR;SOV_EFSF;European Financial Stability Facility;AA+;;;1000;Senior;09/10/2026;RP;61,52;0;1;4,16;18,91;3,72;3,86;19,68;0,644;0,629;0,0175;1;7;0,0284;99,818;
EU000A1G0DB8;EFSF 29/07/2044 2,35%;29/07/2044;EUR;SOV_EFSF;European Financial Stability Facility;AA+;;;1000;Senior;09/10/2026;RP;77,88;0;1;4,13;13,6;3,66;3,79;14,02;0,502;0,513;0,0235;1;7;0,0302;99,108;
EU000A1G0DD4;EFSF 17/02/2045 1,2%;17/02/2045;EUR;SOV_EFSF;European Financial Stability Facility;AA+;;;1000;Senior;09/10/2026;RP;62,3;0;1;4,18;15,13;3,75;3,98;15,45;0,559;0,565;0,012;1;2;0,0193;99,276;
EU000A1G0DJ1;EFSF 31/05/2047 1,375%;31/05/2047;EUR;SOV_EFSF;European Financial Stability Facility;AA+;;;1000;Senior;09/10/2026;RP;62,01;0;1;4,15;16,41;3,72;3,92;16,82;0,539;0,544;0,01375;1;5;0,0222;98,78;
EU000A1G0DN3;EFSF 28/02/2056 2%;28/02/2056;EUR;SOV_EFSF;European Financial Stability Facility;AA+;;;1000;Senior;09/10/2026;RP;63,93;0;1;4,15;19,24;3,7;3,81;20,2;0,67;0,642;0,02;1;2;0,0313;98,67;
EU000A1G0DR4;EFSF 03/05/2027 0,75%;03/05/2027;EUR;SOV_EFSF;European Financial Stability Facility;AA+;;;1000;Senior;09/10/2026;RP;98,887;0;1;2,8;0,54;2,45;2,7;0,54;-0,178;-0,178;0,0075;1;5;0,0076;99,254;
EU000A1G0DT0;EFSF 24/05/2033 1,25%;24/05/2033;EUR;SOV_EFSF;European Financial Stability Facility;AA+;;;1000;Senior;09/10/2026;RP;85,6;0;1;3,75;6,1;3,31;3,57;6,14;0,251;0,253;0,0125;1;5;0,0146;98,982;
EU000A1G0DW4;EFSF 10/07/2048 1,8%;10/07/2048;EUR;SOV_EFSF;European Financial Stability Facility;AA+;;;1000;Senior;09/10/2026;RP;66,28;0;1;4,19;16,36;3,74;3,9;16,9;0,594;0,597;0,018;1;7;0,0272;98,968;
EU000A1G0DY0;EFSF 26/07/2027 0,875%;26/07/2027;EUR;SOV_EFSF;European Financial Stability Facility;AA+;;;1000;Senior;09/10/2026;RP;98,512;0;1;2,82;0,76;2,47;2,7;0,76;-0,311;-0,311;0,00875;1;7;0,0089;99,449;
EU000A1G0ED2;EFSF 10/04/2035 0,875% ;10/04/2035;EUR;SOV_EFSF;European Financial Stability Facility;AA+;;;1000;Senior;09/10/2026;RP;78,44;0;1;3,91;7,83;3,46;3,78;7,88;0,371;0,374;0,00875;1;4;0,0112;98,877;
EU000A1G0EE0;EFSF 17/10/2029 0,05%;17/10/2029;EUR;SOV_EFSF;European Financial Stability Facility;AA+;;;1000;Senior;09/10/2026;LP;90,58;45000;1;3,39;2,91;2,98;3,39;2,91;-0,049;-0,049;0,0005;1;10;0,0006;99,908;
EU000A1G0EG5;EUROPEAN FINANCIAL STABILITY FACILITY 20/01/2050 0,7%;20/01/2050;EUR;SOV_EFSF;European Financial Stability Facility;AA+;;;1000;Senior;09/10/2026;RP;48,87;0;0;4,18;19,52;3,78;4,04;19,87;0,602;0,601;0,007;1;1;0,0143;98,502;
EU000A1G0EP6;EFSF 18/03/2030 0,125% ;18/03/2030;EUR;SOV_EFSF;European Financial Stability Facility;AA+;;;1000;Senior;09/10/2026;RP;89,47;0;1;3,43;3,31;3,02;3,41;3,31;-0,018;-0,018;0,00125;1;3;0,0014;99,805;
EU000A1G1Q17;EUROPEAN UNION 04/04/2032 3,375%;04/04/2032;EUR;SOV_EU;European Union;AA+;;;1000;Senior;09/10/2026;LP;99,37;85000;1;3,5;4,84;3,06;3,08;4,91;0,02;0,025;0,03375;1;4;0,034;99,693;
EU000A1G30R0;EUROPEAN UNION 04/04/2038 3,375%;04/04/2038;EUR;SOV_EU;European Union;AA+;;;1000;Senior;09/10/2026;RP;94,35;0;1;4;9,1;3,51;3,56;9,35;0,397;0,413;0,03375;1;4;0,0358;99,102;
EU000A1G6TV9;EUROPEAN UNION 04/04/2028 2,875%;04/04/2028;EUR;SOV_EU;European Union;AA+;;;1000;Senior;09/10/2026;LP;100,57;10000;1;2,47;1,41;2,11;2,11;1,42;-0,859;-0,855;0,02875;1;4;0,0286;99,982;
EU000A1GY6W8;EUROPEAN UNION 04/04/2042 3,75%;04/04/2042;EUR;SOV_EU;European Union;AA+;;;1000;Senior;09/10/2026;RP;95,17;0;1;4,18;11,21;3,67;3,69;11,64;0,54;0,562;0,0375;1;4;0,0394;99,483;
EU000A1HBXS7;EUROPEAN UNION 04/11/2027 2,5%;04/11/2027;EUR;SOV_EU;European Union;AA+;;;1000;Senior;09/10/2026;LP;99,48;140000;1;3;1,01;2,63;2,68;1,01;-0,233;-0,232;0,025;1;11;0,0251;98,514;
EU000A1U9936;EUROPEAN STABILITY MECHANISM 01/12/2055 1,85%;01/12/2055;EUR;SOV_ESM;European Stability Mechanism;AA+;;;1000;Senior;09/10/2026;RP;63,33;0;1;4;19,5;3,57;3,69;20,43;0,526;0,5;0,0185;1;12;0,0292;99,636;
EU000A1Z6TV6;EUROPEAN UNION 04/10/2035 1,5%;04/10/2035;EUR;SOV_EU;European Union;AA+;;;1000;Senior;09/10/2026;RP;82,72;0;1;3,81;8,09;3,37;3,59;8,17;0,263;0,267;0,015;1;10;0,0181;98,483;
EU000A1Z99A1;EUROPEAN STABILITY MECHANISM 02/11/2046 1,8%;02/11/2046;EUR;SOV_ESM;European Stability Mechanism;AA+;;;1000;Senior;09/10/2026;RP;69,26;0;1;4,07;15,23;3,63;3,79;15,71;0,455;0,462;0,018;1;11;0,026;98,867;
EU000A1Z99B9;EUROPEAN STABILITY MECHANISM 15/03/2027 0,75%;15/03/2027;EUR;SOV_ESM;European Stability Mechanism;AA+;;;1000;Senior;09/10/2026;LP;99,11;500000;1;2,91;0,41;2,55;2,81;0,41;0,053;0,053;0,0075;1;3;0,0076;99,837;
EU000A1Z99Q7;EUROPEAN STABILITY MECHANISM 23/06/2027 1%;23/06/2027;EUR;SOV_ESM;European Stability Mechanism;AA+;;;1;Senior;09/10/2026;RP;98,704;0;1;2,91;0,67;2,55;2,77;0,67;-0,165;-0,165;0,01;1;6;0,0101;99,488;
EU000A1Z99R5;EUROPEAN STABILITY MECHANISM 15/03/2028 3%;15/03/2028;EUR;SOV_ESM;European Stability Mechanism;AA+;;;1000;Senior;09/10/2026;RP;100,26;0;1;2,8;1,35;2,43;2,43;1,36;-0,517;-0,513;0,03;1;3;0,0299;99,947;
EU000A1Z99S3;EUROPEAN STABILITY MECHANISM 23/08/2033 3%;23/08/2033;EUR;SOV_ESM;European Stability Mechanism;AA+;;;1;Senior;09/10/2026;RP;96,48;0;1;3,59;6,05;3,14;3,2;6,14;0,085;0,09;0,03;1;8;0,0311;99,6;
EU000A1Z99T1;EUROPEAN STABILITY MECHANISM 18/09/2029 2,625%;18/09/2029;EUR;SOV_EU;European Union;AA+;;;1;Senior;09/10/2026;RP;98,3;0;1;3,24;2,77;2,84;2,9;2,78;-0,199;-0,196;0,02625;1;9;0,0267;99,771;
EU000A1Z99U9;EUROPEAN STABILITY MECHANISM 15/09/2034 2,75% ;15/09/2034;EUR;SOV_ESM;European Stability Mechanism;AA+;;;1;Senior;09/10/2026;RP;94,22;0;0;3,6;6,94;3,16;3,24;7,04;0,077;0,083;0,0275;1;9;0,0292;99,362;
EU000A1Z99W5;EUROPEAN STABILITY MECHANISM 26/02/2035 2,75%;26/02/2035;EUR;SOV_ESM;European Stability Mechanism;AA+;;;1;Senior;09/10/2026;RP;93,4;0;1;3,68;7,16;3,23;3,31;7,29;0,145;0,153;0,0275;0;2;0,0294;99,063;
EU000A1Z99X3;EUROPEAN STABILITY MECHANISM 17/11/2028 2,125%;17/11/2028;EUR;SOV_EU;European Union;AA+;;;1;Senior;09/10/2026;RP;97,42;0;1;3,42;1,97;3;3,14;1,98;0,02;0,023;0,02125;1;11;0,0218;99,651;
EU000A1Z99Y1;EUROPEAN STABILITY MECHANISM 25/02/2036 3%;25/02/2036;EUR;SOV_ESM;European Stability Mechanism;AA+;;;1;Senior;09/10/2026;RP;93,65;0;1;3,82;7,8;3,35;3,42;7,97;0,263;0,272;0,03;0;2;0,032;99,257;
EU000A1Z99Z8;EUROPEAN STABILITY MECHANISM 02/06/2031 2,75%;02/06/2031;EUR;SOV_ESM;European Stability Mechanism;AA+;;;1;Senior;09/10/2026;RP;96,74;0;1;3,52;4,22;3,09;3,16;4,27;0,053;0,057;0,0275;1;6;0,0284;99,439;
EU000A1ZR7H3;EUROPEAN UNION 04/10/2029 1,375%;04/10/2029;EUR;SOV_EU;European Union;AA+;;;1000;Senior;09/10/2026;LP;95,9;20000;1;2,83;2,85;2,49;2,65;2,86;-0,61;-0,609;0,01375;1;10;0,0143;98,475;
EU000A283859;EUROPEAN UNION 04/10/2030 0%;04/10/2030;EUR;SOV_EU;European Union;AA+;;;1000;Senior;09/10/2026;LP;87,62;103000;1;3,38;3,85;2,98;3,38;3,85;-0,08;-0,08;0;1;10;0;102,396;
EU000A283867;EUROPEAN UNION 04/10/2040 0,1%;04/10/2040;EUR;SOV_EU;European Union;AA+;;;1000;Senior;09/10/2026;RP;58,17;0;1;4,09;13,3;3,68;4,07;13,32;0,455;0,455;0,001;1;10;0,0017;99,39;
EU000A284469;EUROPEAN UNION 04/11/2050 0,3%;04/11/2050;EUR;SOV_EU;European Union;AA+;;;1000;Senior;09/10/2026;RP;41,61;0;1;4,2;21,55;3,83;4,14;21,75;0,642;0,641;0,003;1;11;0,0072;99,515;
EU000A285VM2;EUROPEAN UNION 04/07/2035 0%;04/07/2035;EUR;SOV_EU;European Union;AA+;;;1000;Senior;09/10/2026;RP;72,75;0;1;3,71;8,42;3,3;3,71;8,42;0,173;0,173;0;1;7;0;101,5;
EU000A287074;EUROPEAN UNION 02/06/2028 0%;02/06/2028;EUR;SOV_EU;European Union;AA+;;;1000;Senior;09/10/2026;LP;95;511000;2;3,18;1,59;2,79;3,18;1,59;-0,169;-0,169;0;1;6;0;103,719;
EU000A28X702;EUROPEAN UNION 10/06/2035 0,125%;10/06/2035;EUR;SOV_EU;European Union;AA+;;;1000;Senior;09/10/2026;RP;73,94;0;1;3,7;8,3;3,29;3,68;8,3;0,158;0,158;0,00125;1;6;0,0017;99,467;
EU000A2SCAA6;EFSF 17/01/2053 0,7%;17/01/2053;EUR;SOV_EFSF;European Financial Stability Facility;AA+;;;1000;Senior;09/10/2026;RP;45,26;0;0;4,17;21,47;3,78;4,03;21,93;0,644;0,637;0,007;1;1;0,0155;99,889;
EU000A2SCAB4;EFSF 05/09/2028 0,875% ;05/09/2028;EUR;SOV_EFSF;European Financial Stability Facility;AA+;;;1000;Senior;09/10/2026;LP;95,89;20000;1;3,14;1,83;2,75;3,02;1,83;-0,242;-0,241;0,00875;1;9;0,0091;99,332;
EU000A2SCAC2;EFSF 21/06/2032 2,375% ;21/06/2032;EUR;SOV_EFSF;European Financial Stability Facility;AA+;;;1000;Senior;09/10/2026;RP;93,38;0;1;3,68;5,15;3,24;3,37;5,2;0,201;0,204;0,02375;1;6;0,0254;99,368;
EU000A2SCAE8;EFSF 11/04/2028 2,375% ;11/04/2028;EUR;SOV_EFSF;European Financial Stability Facility;AA+;;;1000;Senior;09/10/2026;RP;98,8;0;1;3,2;1,43;2,8;2,89;1,43;-0,129;-0,126;0,02375;1;4;0,024;99,545;
EU000A2SCAG3;EFSF 16/02/2033 2,875% ;16/02/2033;EUR;SOV_EFSF;European Financial Stability Facility;AA+;;;1000;Senior;09/10/2026;RP;95,23;0;1;3,73;5,56;3,27;3,35;5,64;0,238;0,243;0,02875;1;2;0,0302;99,264;
EU000A2SCAH1;EFSF 15/12/2028 3%;15/12/2028;EUR;SOV_EFSF;European Financial Stability Facility;AA+;;;1000;Senior;09/10/2026;RP;99,36;0;1;3,31;2,02;2,9;2,92;2,04;-0,098;-0,094;0,03;1;12;0,0302;99,612;
EU000A2SCAJ7;EFSF 10/07/2030 3% ;10/07/2030;EUR;SOV_EFSF;European Financial Stability Facility;AA+;;;1000;Senior;09/10/2026;RP;99,09;0;1;3,26;3,45;2,85;2,87;3,49;-0,197;-0,193;0,03;1;7;0,0303;99,305;
EU000A2SCAK5;EFSF 30/08/2038 3,375% ;30/08/2038;EUR;SOV_EFSF;European Financial Stability Facility;AA+;;;1000;Senior;09/10/2026;LP;94,01;8000;1;4,02;9,49;3,53;3,57;9,74;0,411;0,428;0,03375;1;8;0,0359;99,076;
EU000A2SCAL3;EFSF 11/04/2029 3,5%;11/04/2029;EUR;SOV_EFSF;European Financial Stability Facility;AA+;;;1000;Senior;09/10/2026;LP;100,2;8000;1;3,41;2,31;2,97;2,97;2,34;-0,015;-0,01;0,035;1;4;0,0349;99,769;
EU000A2SCAM1;EFSF 16/07/2029 2,625%;16/07/2029;EUR;SOV_EFSF;European Financial Stability Facility;AA+;;;1000;Senior;09/10/2026;RP;97,9;0;1;3,43;2,59;3,01;3,09;2,61;-0,002;0,002;0,02625;1;7;0,0268;99,509;
EU000A2SCAN9;EFSF 13/02/2034 2,875% ;13/02/2034;EUR;SOV_EFSF;European Financial Stability Facility;AA+;;;1000;Senior;09/10/2026;RP;93,92;0;0;3,84;6,32;3,37;3,46;6,43;0,328;0,334;0,02875;1;2;0,0306;99,751;
EU000A2SCAP4;EFSF 28/05/2031 2,875%;28/05/2031;EUR;SOV_EFSF;European Financial Stability Facility;AA+;;;1000;Senior;09/10/2026;RP;96,97;0;1;3,6;4,19;3,15;3,22;4,24;0,127;0,131;0,02875;1;5;0,0296;99,638;
EU000A2SCAQ2;EFSF 15/12/2027 2,5% ;15/12/2027;EUR;SOV_EFSF;European Financial Stability Facility;AA+;;;1000;Senior;09/10/2026;RP;100,79;0;1;1,81;1,13;1,49;1,49;1,13;-1,454;-1,452;0,025;1;12;0,0248;99,714;
EU000A2SCAS8;EFSF 29/01/2035 2,875%;29/01/2035;EUR;SOV_EFSF;European Financial Stability Facility;AA+;;;1000;Senior;09/10/2026;RP;92,8;0;1;3,91;7,03;3,43;3,52;7,17;0,374;0,382;0,02875;0;1;0,031;98,992;
EU000A2SCAT6;EFSF 07/05/2030 2,625%;07/05/2030;EUR;SOV_EFSF;European Financial Stability Facility;AA+;;;1000;Senior;09/10/2026;RP;97,99;0;1;3,23;3,3;2,83;2,89;3,33;-0,226;-0,223;0,02625;0;5;0,0268;99,814;
EU000A2SCAU4;EFSF 27/09/2032 2,75%;27/09/2032;EUR;SOV_EFSF;European Financial Stability Facility;AA+;;;1000;Senior;09/10/2026;RP;95,37;0;1;3,63;5,36;3,18;3,27;5,43;0,141;0,144;0,0275;1;9;0,0288;99,746;
EU000A2SCAV2;EFSF 11/11/2030 2,5%;11/11/2030;EUR;SOV_EFSF;European Financial Stability Facility;AA+;;;1000;Senior;09/10/2026;RP;96,08;0;1;3,55;3,7;3,11;3,22;3,74;0,086;0,089;0,025;1;11;0,026;99,629;
EU000A2SCAW0;EFSF 02/02/2029 2,375%;02/02/2029;EUR;SOV_EFSF;European Financial Stability Facility;AA+;;;1000;Senior;09/10/2026;RP;97,59;0;1;3,48;2,16;3,04;3,17;2,17;0,062;0,066;0,02375;0;2;0,0243;99,926;
EU000A2SCAX8;EFSF 01/02/2036 3,125%;01/02/2036;EUR;SOV_EFSF;European Financial Stability Facility;AA+;;;1000;Senior;09/10/2026;RP;93,36;0;1;3,99;7,67;3,5;3,58;7,85;0,438;0,449;0,03125;0;2;0,0335;99,718;
EU000A2SCAY6;EFSF 03/03/2031 2,5%;03/03/2031;EUR;SOV_EFSF;European Financial Stability Facility;AA+;;;1000;Senior;09/10/2026;RP;95,49;0;1;3,63;4;3,18;3,31;4,04;0,162;0,166;0,025;1;3;0,0262;99,954;
EU000A2SCAZ3;EFSF 06/09/2033 3,125%;06/09/2033;EUR;SOV_EFSF;European Financial Stability Facility;AA+;;;1000;Senior;09/10/2026;LP;96,07;5000;1;3,78;6,05;3,32;3,37;6,14;0,279;0,284;0,03125;0;9;0,0325;99,245;
EU000A3K4C42;EUROPEAN UNION GREEN BOND 04/02/2037 0,4%;04/02/2037;EUR;SOV_EU;European Union;AA+;;;1000;Senior;09/10/2026;LP;70,04;16584;1;4;9,65;3,57;3,94;9,69;0,428;0,43;0,004;1;2;0,0057;99,219;
EU000A3K4D09;EUROPEAN UNION 04/12/2037 2,75%;04/12/2037;EUR;SOV_EU;European Union;AA+;;;1000;Senior;09/10/2026;LP;88,75;92000;1;4,02;9,03;3,54;3,65;9,25;0,429;0,442;0,0275;1;12;0,031;99,795;
EU000A3K4D41;EUROPEAN UNION 04/07/2034 3,25%;04/07/2034;EUR;SOV_EU;European Union;AA+;;;1000;Senior;09/10/2026;LP;96,39;99000;1;3,8;6,63;3,33;3,37;6,75;0,277;0,284;0,0325;1;7;0,0337;98,968;
EU000A3K4D74;EUROPEAN UNION 04/10/2038 3,375%;04/10/2038;EUR;SOV_EU;European Union;AA+;;;1000;Senior;09/10/2026;LP;92,83;28200;1;4,15;9,56;3,64;3,7;9,81;0,537;0,555;0,03375;1;10;0,0364;99,517;
EU000A3K4DA4;EUROPEAN UNION 22/10/2026 0,25%;22/10/2026;EUR;SOV_EU;European Union;AA+;;;1000;Senior;09/10/2026;RP;100,024;0;1;-0,72;0,02;-0,75;-0,75;0,02;-3,36;-3,36;0,0025;1;10;0,0025;99,722;
EU000A3K4DC0;EUROPEAN UNION 11/03/2037 0,875%;11/03/2037;EUR;SOV_EU;European Union;AA+;;;1000;Senior;09/10/2026;RP;74,99;0;1;3,83;9,48;3,4;3,7;9,56;0,257;0,261;0,00875;1;3;0,0117;99,832;
EU000A3K4DD8;EUROPEAN UNION 06/07/2032 1%;06/07/2032;EUR;SOV_EU;European Union;AA+;;;1000;Senior;09/10/2026;LP;86,75;50000;1;3,6;5,38;3,17;3,46;5,4;0,116;0,118;0,01;1;7;0,0115;99,804;
EU000A3K4DE6;EUROPEAN UNION 04/06/2037 1,125%;04/06/2037;EUR;SOV_EU;European Union;AA+;;;1000;Senior;09/10/2026;RP;75,78;0;1;3,96;9,55;3,51;3,79;9,65;0,375;0,381;0,01125;1;6;0,0148;98,977;
EU000A3K4DG1;EUROPEAN UNION GREEN BOND 04/02/2043 1,25%;04/02/2043;EUR;SOV_EU;European Union;AA+;;;1000;Senior;09/10/2026;RP;63,57;0;1;4,43;13,59;3,97;4,22;13,85;0,8;0,809;0,0125;1;2;0,0197;97,77;
EU000A3K4DM9;EUROPEAN UNION GREEN BOND 04/02/2048 2,625%;04/02/2048;EUR;SOV_EU;European Union;AA+;;;1000;Senior;09/10/2026;RP;74,14;0;1;4,54;14,65;4,03;4,14;15,29;0,938;0,945;0,02625;1;2;0,0354;98,399;
EU000A3K4DS6;EUROPEAN UNION 04/10/2027 2%;04/10/2027;EUR;SOV_EU;European Union;AA+;;;1000;Senior;09/10/2026;LP;99,06;782000;2;2,99;0,95;2,62;2,73;0,95;-0,222;-0,222;0,02;1;10;0,0202;99,549;
EU000A3K4DT4;EUROPEAN UNION 04/10/2052 2,5%;04/10/2052;EUR;SOV_EU;European Union;AA+;;;1000;Senior;09/10/2026;LP;68,89;250000;1;4,57;17,03;4,06;4,17;17,87;1,04;1,024;0,025;1;10;0,0363;98,279;
EU000A3K4DV0;EUROPEAN UNION 04/11/2042 3,375%;04/11/2042;EUR;SOV_EU;European Union;AA+;;;1000;Senior;09/10/2026;LP;88,3;405452;2;4,41;11,47;3,88;3,95;11,92;0,771;0,79;0,03375;1;11;0,0382;99,581;
EU000A3K4DW8;EUROPEAN UNION GREEN BOND 04/02/2033 2,75%;04/02/2033;EUR;SOV_EU;European Union;AA+;;;1000;Senior;09/10/2026;LP;94,76;108094;1;3,69;5,55;3,24;3,33;5,63;0,201;0,206;0,0275;1;2;0,029;99,378;
EU000A3K4DY4;EUROPEAN UNION 04/03/2053 3%;04/03/2053;EUR;SOV_EU;European Union;AA+;;;1000;Senior;09/10/2026;LP;76,02;202425;2;4,58;16,16;4,06;4,13;17,09;1,061;1,041;0,03;1;3;0,0395;98,714;
EU000A3K4ED6;BEI 15/11/2028 3% ;15/11/2028;EUR;SOV_BEI;European Investment Bank;AAA;;;1000;Senior;09/10/2026;LP;99,51;322000;2;3,24;1,94;2,84;2,86;1,96;-0,155;-0,151;0,03;1;11;0,0301;99,61;
EU000A3K4EG9;BEI GREEN BOND 15/05/2037 3,125%;15/05/2037;EUR;SOV_BEI;European Investment Bank;AAA;;;1000;Senior;09/10/2026;LP;94,63;2000;1;3,75;8,68;3,29;3,34;8,89;0,167;0,179;0,03125;1;5;0,033;99,627;
EU000A3K4EL9;EUROPEAN UNION 04/04/2044 4%;04/04/2044;EUR;SOV_EU;European Union;AA+;;;1;Senior;09/10/2026;RP;94,59;0;1;4,45;11,95;3,9;3,93;12,49;0,821;0,84;0,04;1;4;0,0423;99,785;
EU000A3K4EN5;EUROPEAN UNION 05/12/2028 3,125%;05/12/2028;EUR;SOV_EU;European Union;AA+;;;1;Senior;09/10/2026;LP;99,54;197964;2;3,35;1,99;2,93;2,95;2,01;-0,055;-0,051;0,03125;1;12;0,0314;99,535;
EU000A3K4ES4;EUROPEAN UNION 04/12/2034 3%;04/12/2034;EUR;SOV_EU;European Union;AA+;;;1;Senior;09/10/2026;LP;94,34;34000;2;3,82;6,86;3,35;3,43;7;0,293;0,3;0,03;1;12;0,0318;99,754;
EU000A3K4EU0;EUROPEAN UNION 04/02/2050 3,25% GREEN BOND;04/02/2050;EUR;SOV_EU;European Union;AA+;;;1;Senior;09/10/2026;RP;81,28;0;1;4,57;14,78;4,04;4,1;15,57;0,996;0,993;0,0325;1;2;0,04;98,481;
EU000A3K4EW6;EUROPEAN UNION 06/12/2027 2,875%;06/12/2027;EUR;SOV_EU;European Union;AA+;;;1;Senior;09/10/2026;LP;99,85;33000;1;3,01;1,09;2,63;2,64;1,09;-0,253;-0,251;0,02875;1;12;0,0288;99,754;
EU000A3K4EY2;EUROPEAN UNION 05/10/2054 3,375%;05/10/2054;EUR;SOV_EU;European Union;AA+;;;1;Senior;09/10/2026;RP;80,98;0;2;4,6;16,6;4,06;4,11;17,61;1,099;1,067;0,03375;1;10;0,0417;99,825;
EU000A3K7MW2;EUROPEAN UNION 04/12/2029 1,625%;04/12/2029;EUR;SOV_EU;European Union;AA+;;;1000;Senior;09/10/2026;LP;94,63;24718;1;3,46;2,94;3,03;3,24;2,96;0,01;0,012;0,01625;1;12;0,0172;99,59;
EU000A3KM903;EUROPEAN UNION 04/06/2036 0,2%;04/06/2036;EUR;SOV_EU;European Union;AA+;;;1000;Senior;09/10/2026;RP;70,61;0;1;3,92;9,17;3,49;3,89;9,19;0,358;0,359;0,002;1;6;0,0028;99,582;
EU000A3KNYG5;EUROPEAN UNION 02/05/2046 0,45%;02/05/2046;EUR;SOV_EU;European Union;AA+;;;1000;Senior;09/10/2026;RP;51,05;0;1;4,16;17,52;3,76;4,07;17,69;0,537;0,539;0,0045;1;5;0,0088;99,386;
EU000A3KP2Z3;EUROPEAN UNION 22/04/2036 0,25%;22/04/2036;EUR;SOV_EU;European Union;AA+;;;1000;Senior;09/10/2026;RP;71,77;0;1;3,85;9,04;3,42;3,8;9,06;0,288;0,289;0,0025;1;4;0,0035;99,239;
EU000A3KRJQ6;EUROPEAN UNION 04/07/2029 0%;04/07/2029;EUR;SOV_EU;European Union;AA+;;;1000;Senior;09/10/2026;LP;91,62;201000;2;3,27;2,64;2,87;3,26;2,64;-0,168;-0,168;0;1;7;0;99,846;
EU000A3KRJR4;EUROPEAN UNION 04/01/2047 0,75%;04/01/2047;EUR;SOV_EU;European Union;AA+;;;1000;Senior;09/10/2026;RP;53,65;0;1;4,19;17,24;3,78;4,06;17,52;0,578;0,581;0,0075;1;1;0,014;99,838;
EU000A3KSXE1;EUROPEAN UNION 04/07/2031 0%;04/07/2031;EUR;SOV_EU;European Union;AA+;;;1000;Senior;09/10/2026;LP;84,75;83802;2;3,57;4,56;3,15;3,56;4,56;0,096;0,096;0;1;7;0;99,141;
EU000A3KT6A3;EUROPEAN UNION 22/04/2031 0%;22/04/2031;EUR;SOV_EU;European Union;AA+;;;1000;Senior;09/10/2026;LP;85,86;13000;1;3,43;4,38;3,02;3,43;4,38;-0,039;-0,039;0;1;4;0;100,42;
EU000A3KT6B1;EUROPEAN UNION 04/07/2041 0,45%;04/07/2041;EUR;SOV_EU;European Union;AA+;;;1000;Senior;09/10/2026;LP;58,5;19000;2;4,32;13,48;3,88;4,24;13,57;0,678;0,681;0,0045;1;7;0,0077;99,601;
EU000A3KTGW6;EUROPEAN UNION 06/07/2051 0,7%;06/07/2051;EUR;SOV_EU;European Union;AA+;;;1000;Senior;09/10/2026;RP;43,94;0;1;4,51;20,42;4,09;4,36;20,82;0,954;0,951;0,007;1;7;0,0159;99,141;
EU000A3KWCF4;EUROPEAN UNION 04/10/2028 0%;04/10/2028;EUR;SOV_EU;European Union;AA+;;;1000;Senior;09/10/2026;LP;93,82;460460;2;3,28;1,92;2,88;3,28;1,92;-0,108;-0,108;0;1;10;0;101,992;
EU000A3L1CN4;EUROPEAN UNION 05/10/2029 2,875% ;05/10/2029;EUR;SOV_EU;European Union;AA+;;;1;Senior;09/10/2026;RP;98,35;0;1;3,47;2,8;3,04;3,1;2,82;0,025;0,028;0,02875;1;10;0,0292;99,64;
EU000A3L1DJ0;EUROPEAN UNION 04/12/2031 2,5% ;04/12/2031;EUR;SOV_EU;European Union;AA+;;;1;Senior;09/10/2026;LP;95,06;10000;1;3,57;4,61;3,13;3,23;4,67;0,093;0,096;0,025;1;12;0,0263;99,329;
EU000A3L2773;BEI GREEN BOND 04/09/2034 2,625% ;04/09/2034;EUR;SOV_BEI;European Investment Bank;AAA;;;1000;Senior;09/10/2026;LP;92,95;15000;1;3,67;6,93;3,22;3,32;7,03;0,146;0,152;0,02625;1;9;0,0282;98,937;
EU000A3L4C16;BEI 14/12/2029 2,25% ;14/12/2029;EUR;SOV_BEI;European Investment Bank;AAA;;;1000;Senior;09/10/2026;LP;96,73;73000;2;3,35;2,94;2,94;3,06;2,96;-0,094;-0,091;0,0225;1;12;0,0233;99,579;
EU000A3L72Y4;BEI GREEN BOND 15/01/2035 2,875%;15/01/2035;EUR;SOV_BEI;European Investment Bank;AAA;;;1000;Senior;09/10/2026;LP;94,31;15000;1;3,69;7,02;3,23;3,31;7,15;0,155;0,162;0,02875;1;1;0,0305;99,239;
EU000A3LNF05;EUROPEAN UNION 04/12/2030 3,125% ;04/12/2030;EUR;SOV_EU;European Union;AA+;;;1;Senior;09/10/2026;LP;98,53;141000;2;3,51;3,72;3,08;3,11;3,76;0,048;0,052;0,03125;1;12;0,0317;99,424;
EU000A3LS460;BEI GREEN BOND 16/01/2034 2,75%;16/01/2034;EUR;SOV_BEI;European Investment Bank;AAA;;;1000;Senior;09/10/2026;RP;94,3;0;1;3,66;6,29;3,21;3,3;6,4;0,147;0,153;0,0275;1;1;0,0292;99,466;
EU000A3LT492;BEI 15/02/2039 3%;15/02/2039;EUR;SOV_BEI;European Investment Bank;AAA;;;1000;Senior;09/10/2026;LP;91,87;7000;1;3,84;9,81;3,37;3,44;10,08;0,224;0,24;0,03;1;2;0,0327;99,072;
EU000A3LTF25;BEI GREEN BOND 23/07/2029 3,625% NOK;23/07/2029;NOK;SOV_BEI;European Investment Bank;AAA;;;10000;Senior;09/10/2026;RP;98,25;0;1;4,3;2,56;3,77;3,84;2,58;0,866;0,87;0,03625;1;7;0,0369;99,659;
EU000A3LVAL6;BEI 17/07/2029 2,75%;17/07/2029;EUR;SOV_BEI;European Investment Bank;AAA;;;1000;Senior;09/10/2026;LP;98,85;33000;2;3,19;2,6;2,79;2,83;2,61;-0,246;-0,242;0,0275;1;7;0,0278;99,596;
EU000A3LX098;BEI 15/10/2031 2,875%;15/10/2031;EUR;SOV_BEI;European Investment Bank;AAA;;;1000;Senior;09/10/2026;RP;97,1;0;1;3,52;4,44;3,08;3,14;4,5;0,044;0,048;0,02875;1;10;0,0296;99,344;
EU000A3LZ0X9;EUROPEAN UNION 04/10/2039 3,375% ;04/10/2039;EUR;SOV_EU;European Union;AA+;;;1;Senior;09/10/2026;LP;91,5;13000;1;4,24;10,16;3,73;3,79;10,45;0,618;0,637;0,03375;1;10;0,0369;98,818;
EU000A4D5QM6;EUROPEAN UNION 04/07/2028 2,625%;04/07/2028;EUR;SOV_EU;European Union;AA+;;;1;Senior;09/10/2026;LP;98,91;117000;1;3,28;1,64;2,87;2,95;1,65;-0,085;-0,082;0,02625;1;7;0,0265;99,999;
EU000A4D6KN5;BEI 15/05/2030 2,375%;15/05/2030;EUR;SOV_BEI;European Investment Bank;AAA;;;1000;Senior;09/10/2026;LP;96,7;39000;1;3,36;3,33;2,95;3,06;3,36;-0,091;-0,087;0,02375;1;5;0,0246;99,781;
EU000A4D7ZW2;BEI GREEN BOND 14/05/2032 2,5%;14/05/2032;EUR;SOV_BEI;European Investment Bank;AAA;;;1000;Senior;09/10/2026;RP;94,69;0;1;3,56;5,04;3,13;3,23;5,1;0,081;0,085;0,025;1;5;0,0264;99,364;
EU000A4D8KD2;EUROPEAN UNION 12/12/2035 3,375%;12/12/2035;EUR;SOV_EU;European Union;AA+;;;1;Senior;09/10/2026;LP;96,38;5000;1;3,85;7,5;3,38;3,42;7,68;0,3;0,31;0,03375;1;12;0,035;99,674;
EU000A4E0858;EUROPEAN UNION 12/03/2030 3,375%;12/03/2030;EUR;SOV_EU;European Union;AA+;;;1;Senior;09/10/2026;LP;99,68;78000;2;3,81;3,14;3,33;3,33;3,17;0,356;0,36;0,03375;0;3;0,0339;99,629;
EU000A4E0866;EUROPEAN UNION 12/10/2056 4,5%;12/10/2056;EUR;SOV_EU;European Union;AA+;;;1;Senior;09/10/2026;LP;98,4;40000;1;4,6;16,13;4,03;4,03;17,27;1,133;1,081;0,045;0;10;0,0457;99,329;
EU000A4E0ET7;BEI GREEN BOND 16/02/2032 3,25%;16/02/2032;EUR;SOV_BEI;European Investment Bank;AAA;;;1000;Senior;09/10/2026;LP;98,68;9000;1;3,53;4,8;3,09;3,11;4,86;0,05;0,054;0,0325;0;2;0,0329;99,596;
EU000A4EA8Y7;EUROPEAN UNION 12/10/2045 3,75%;12/10/2045;EUR;SOV_EU;European Union;AA+;;;1;Senior;09/10/2026;LP;91,28;20000;1;4,44;13,07;3,9;3,94;13,64;0,817;0,832;0,0375;1;10;0,0411;99,19;
EU000A4EBBP0;BEI 14/08/2028 2,25%;14/08/2028;EUR;SOV_BEI;European Investment Bank;AAA;;;1000;Senior;09/10/2026;LP;99,09;3000;1;2,76;1,77;2,42;2,48;1,77;-0,614;-0,612;0,0225;1;8;0,0227;99,998;
EU000A4ECKZ8;BEI GREEN BOND 18/06/2035 2,875%;18/06/2035;EUR;SOV_BEI;European Investment Bank;AAA;;;1000;Senior;09/10/2026;RP;93,61;0;1;3,75;7,42;3,29;3,37;7,55;0,209;0,217;0,02875;1;6;0,0307;99,657;
EU000A4ED0K0;EUROPEAN UNION 13/12/2032 2,75%;13/12/2032;EUR;SOV_EU;European Union;AA+;;;1;Senior;09/10/2026;LP;94,95;69282;1;3,68;5,41;3,23;3,32;5,49;0,188;0,193;0,0275;1;12;0,029;99,455;
EU000A4EG021;EUROPEAN UNION 14/10/2030 2,5%;14/10/2030;EUR;SOV_EU;European Union;AA+;;;1;Senior;09/10/2026;LP;96,26;53721;1;3,52;3,62;3,08;3,2;3,66;0,057;0,06;0,025;0;10;0,026;99,903;
EU000A4EG039;EUROPEAN UNION 12/10/2055 4%;12/10/2055;EUR;SOV_EU;European Union;AA+;;;1;Senior;09/10/2026;LP;90,68;32000;2;4,59;16,32;4,03;4,05;17,4;1,106;1,064;0,04;0;10;0,0441;98,538;
EU000A4EG781;BEI GREEN BOND 17/02/2031 2,5%;17/02/2031;EUR;SOV_BEI;European Investment Bank;AAA;;;1000;Senior;09/10/2026;LP;96,24;53000;1;3,44;3,97;3,02;3,12;4,01;-0,022;-0,018;0,025;0;2;0,026;99,634;
EU000A4EJF17;EUROPEAN UNION 12/12/2040 3,625%;12/12/2040;EUR;SOV_EU;European Union;AA+;;;1;Senior;09/10/2026;LP;92,72;16000;1;4,32;10,33;3,8;3,84;10,72;0,686;0,708;0,03625;0;12;0,0391;99,518;
EU000A4EM8H8;BEI 14/01/2036 3%;14/01/2036;EUR;SOV_BEI;European Investment Bank;AAA;;;1000;Senior;09/10/2026;RP;94,01;0;1;3,78;7,7;3,32;3,38;7,87;0,225;0,235;0,03;1;1;0,0319;99,541;
EU000A4ENP68;EUROPEAN UNION 12/07/2029 2,375%;12/07/2029;EUR;SOV_EU;European Union;AA+;;;1;Senior;09/10/2026;RP;97,06;0;1;3,51;2,58;3,08;3,21;2,6;0,079;0,083;0,02375;0;7;0,0245;99,839;
EU000A4EPCA0;BEI 16/06/2031 2,625%;16/06/2031;EUR;SOV_BEI;European Investment Bank;AAA;;;1000;Senior;09/10/2026;LP;96,3;10000;1;3,49;4,27;3,06;3,16;4,31;0,026;0,029;0,02625;0;6;0,0273;99,889;
EU000A4EQY56;BEI GREEN BOND 15/03/2034 2,625%;15/03/2034;EUR;SOV_BEI;European Investment Bank;AAA;;;1000;Senior;09/10/2026;RP;93,38;0;1;3,66;6,47;3,21;3,3;6,57;0,145;0,151;0,02625;0;3;0,0281;99,123;
EU000A4ERVC2;EUROPEAN UNION 12/12/2036 3,25%;12/12/2036;EUR;SOV_EU;European Union;AA+;;;1;Senior;09/10/2026;LP;93,93;17000;1;3,99;8,27;3,5;3,56;8,47;0,416;0,428;0,0325;0;12;0,0346;99,342;
EU000A4ES497;EUROPEAN UNION 12/10/2046 4%;12/10/2046;EUR;SOV_EU;European Union;AA+;;;1;Senior;09/10/2026;LP;93,6;2602250;2;4,49;13,31;3,94;3,96;13,95;0,874;0,887;0,04;0;10;0,0427;98,787;
EU000A4ETUZ1;BEI 15/10/2029 2,625%;15/10/2029;EUR;SOV_BEI;European Investment Bank;AAA;;;1000;Senior;09/10/2026;LP;97,94;65000;1;3,36;2,8;2,94;3,02;2,82;-0,086;-0,083;0,02625;0;10;0,0268;99,822;
EU000A4EUY43;EUROPEAN UNION 12/10/2033 3,125%;12/10/2033;EUR;SOV_EU;European Union;AA+;;;1;Senior;09/10/2026;LP;96,1;30000;1;3,77;6,15;3,3;3,36;6,24;0,265;0,27;0,03125;0;10;0,0325;99,317;
EU000A4EV1G4;BEI GREEN BOND 15/07/2036 3,125%;15/07/2036;EUR;SOV_BEI;European Investment Bank;AAA;;;1000;Senior;09/10/2026;LP;94,7;5000;1;3,78;8,14;3,32;3,37;8,32;0,221;0,231;0,03125;0;7;0,033;99,256;
EU000A4EXVK3;EUROPEAN UNION 13/10/2031 2,875%;13/10/2031;EUR;SOV_EU;European Union;AA+;;;1;Senior;09/10/2026;RP;96,76;0;1;3,59;4,56;3,15;3,22;4,61;0,122;0,125;0,02875;0;10;0,0297;99,662;
FI4000037635;FINLANDIA 04/07/2028 2,75%;04/07/2028;EUR;GOV_FI;Finlandia;AA+;Aa1;;1000;Senior;09/10/2026;RP;99,46;0;1;3,07;1,65;2,69;2,72;1,66;-0,294;-0,291;0,0275;1;7;0,0276;98,405;
FI4000046545;FINLANDIA 04/07/2042 2,625%;04/07/2042;EUR;GOV_FI;Finlandia;AA+;Aa1;;1000;Senior;09/10/2026;RP;82,54;0;1;4,16;12,15;3,67;3,79;12,51;0,522;0,538;0,02625;1;7;0,0318;99,528;
FI4000148630;FINLANDIA 15/04/2031 0,75%;15/04/2031;EUR;GOV_FI;Finlandia;AA+;Aa1;;1000;Senior;09/10/2026;LP;88,73;17000;1;3,5;4,27;3,08;3,39;4,29;0,03;0,031;0,0075;1;4;0,0085;98,59;
FI4000242870;FINLANDIA 15/04/2047 1,375%;15/04/2047;EUR;GOV_FI;Finlandia;AA+;Aa1;;1000;Senior;09/10/2026;RP;61,1;0;1;4,26;16,23;3,81;4,02;16,65;0,642;0,648;0,01375;1;4;0,0225;99,34;
FI4000278551;FINLANDIA 15/09/2027 0,5%;15/09/2027;EUR;GOV_FI;Finlandia;AA+;Aa1;;1000;Senior;09/10/2026;LP;98;7000;1;2,72;0,9;2,38;2,65;0,9;-0,473;-0,473;0,005;1;9;0,0051;99,42;
FI4000306758;FINLANDIA 15/04/2034 1,125%;15/04/2034;EUR;GOV_FI;Finlandia;AA+;Aa1;;1000;Senior;09/10/2026;LP;83,58;12000;1;3,67;6,91;3,24;3,5;6,96;0,152;0,155;0,01125;1;4;0,0135;98,456;
FI4000348727;FINLANDIA 15/09/2028 0,515%;15/09/2028;EUR;GOV_FI;Finlandia;AA+;Aa1;;1000;Senior;09/10/2026;LP;94,95;3000;1;3,25;1,86;2,85;3,18;1,86;-0,135;-0,135;0,005;1;9;0,0053;100;
FI4000369467;FINLANDIA 15/09/2029 0,5%;15/09/2029;EUR;GOV_FI;Finlandia;AA+;Aa1;;1000;Senior;09/10/2026;LP;92,25;30000;1;3,33;2,81;2,92;3,26;2,82;-0,115;-0,114;0,005;1;9;0,0054;99,6;
FI4000415153;FINLANDIA 15/04/2036 0,125%;15/04/2036;EUR;GOV_FI;Finlandia;AA+;Aa1;;1000;Senior;09/10/2026;LP;70,91;64000;1;3,83;9,09;3,41;3,81;9,1;0,277;0,277;0,00125;1;4;0,0018;99,712;
FI4000440557;FINLANDIA 15/09/2040 0,25%;15/09/2040;EUR;GOV_FI;Finlandia;AA+;Aa1;;1000;Senior;09/10/2026;RP;59,34;0;1;4,15;13,07;3,73;4,11;13,11;0,521;0,523;0,0025;1;9;0,0042;99,019;
FI4000441878;FINLANDIA 15/09/2030 0%;15/09/2030;EUR;GOV_FI;Finlandia;AA+;Aa1;;1000;Senior;09/10/2026;LP;87,74;19000;1;3,39;3,8;2,98;3,39;3,8;-0,07;-0,07;0;1;9;0;102,204;
FI4000480488;FINLANDIA 15/04/2052 0,125%;15/04/2052;EUR;GOV_FI;Finlandia;AA+;Aa1;;1000;Senior;09/10/2026;RP;36,54;0;1;4,25;23,7;3,89;4,22;23,8;0,709;0,708;0,00125;1;4;0,0034;99,209;
FI4000507231;FINLANDIA 15/09/2031 0,125%;15/09/2031;EUR;GOV_FI;Finlandia;AA+;Aa1;;1000;Senior;09/10/2026;LP;84,98;20000;1;3,5;4,74;3,09;3,48;4,75;0,027;0,028;0,00125;1;9;0,0015;99,612;
FI4000517677;FINLANDIA 15/04/2043 0,5%;15/04/2043;EUR;GOV_FI;Finlandia;AA+;Aa1;;1000;Senior;09/10/2026;RP;56,43;0;0;4,22;14,91;3,8;4,13;15,03;0,585;0,588;0,005;1;4;0,0089;99,4;
FI4000523238;FINLANDIA 15/09/2032 1,5%;15/09/2032;EUR;GOV_FI;Finlandia;AA+;Aa1;;1000;Senior;09/10/2026;LP;89,29;50000;1;3,53;5,5;3,11;3,33;5,53;0,049;0,051;0,015;1;9;0,0168;99,719;
FI4000527551;FINLANDIA 15/04/2027 1,375%;15/04/2027;EUR;GOV_FI;Finlandia;AA+;Aa1;;1000;Senior;09/10/2026;RP;99,26;0;1;2,86;0,49;2,51;2,69;0,49;-0,075;-0,075;0,01375;1;4;0,0139;99,838;
FI4000546528;FINLANDIA 15/04/2038 2,75%;15/04/2038;EUR;GOV_FI;Finlandia;AA+;Aa1;;1000;Senior;09/10/2026;RP;88,72;0;1;3,99;9,39;3,51;3,61;9,61;0,39;0,404;0,0275;1;4;0,031;98,484;
FI4000550249;FINLANDIA 15/09/2033 3%;15/09/2033;EUR;GOV_FI;Finlandia;AA+;Aa1;;1000;Senior;09/10/2026;LP;96,23;25000;1;3,62;6,11;3,18;3,24;6,2;0,122;0,127;0,03;1;9;0,0312;99,729;
FI4000557525;FINLANDIA 15/04/2029 2,875% ;15/04/2029;EUR;GOV_FI;Finlandia;AA+;Aa1;;1000;Senior;09/10/2026;RP;99,19;0;1;3,21;2,35;2,81;2,84;2,36;-0,212;-0,207;0,02875;1;4;0,029;99,417;
FI4000566294;FINLANDIA 15/04/2055 2,95%;15/04/2055;EUR;GOV_FI;Finlandia;AA+;Aa1;;1000;Senior;09/10/2026;RP;78,16;0;1;4,29;17,29;3,79;3,86;18,3;0,802;0,771;0,0295;1;4;0,0377;99,584;
FI4000571104;FINLANDIA 15/09/2034 3% ;15/09/2034;EUR;GOV_FI;Finlandia;AA+;Aa1;;1000;Senior;09/10/2026;LP;95,29;10000;1;3,7;6,88;3,24;3,31;6,99;0,172;0,179;0,03;1;9;0,0315;99,87;
FI4000577952;FINLANDIA 15/04/2030 2,5% ;15/04/2030;EUR;GOV_FI;Finlandia;AA+;Aa1;;1000;Senior;09/10/2026;RP;97,17;0;1;3,37;3,25;2,95;3,04;3,28;-0,087;-0,083;0,025;1;4;0,0257;99,748;
FI4000586284;FINLANDIA 15/04/2045 3,2%;15/04/2045;EUR;GOV_FI;Finlandia;AA+;Aa1;;1000;Senior;09/10/2026;RP;86,79;0;1;4,24;13,08;3,74;3,81;13,62;0,619;0,633;0,032;1;4;0,0369;99,935;
FI4000587415;FINLANDIA 15/09/2035 3%;15/09/2035;EUR;GOV_FI;Finlandia;AA+;Aa1;;1000;Senior;09/10/2026;RP;93,98;0;1;3,81;7,62;3,34;3,42;7,76;0,262;0,271;0,03;1;9;0,0319;99,87;
FI4000591862;FINLANDIA 15/04/2032 2,625%;15/04/2032;EUR;GOV_FI;Finlandia;AA+;Aa1;;1000;Senior;09/10/2026;LP;96,01;5000;1;3,43;4,96;3,01;3,08;5,02;-0,05;-0,046;0,02625;0;4;0,0273;99,254;
FI4000598776;FINLANDIA 15/04/2041 3,55%;15/04/2041;EUR;GOV_FI;Finlandia;AA+;Aa1;;1000;Senior;09/10/2026;LP;93,94;9000;1;4,11;10,82;3,61;3,65;11,2;0,474;0,495;0,0355;0;4;0,0378;99,594;
FI4000602891;FINLANDIA 15/09/2036 3,35%;15/09/2036;EUR;GOV_FI;Finlandia;AA+;Aa1;;1000;Senior;09/10/2026;LP;95,7;11000;1;3,88;8,23;3,4;3,45;8,41;0,313;0,325;0,0335;0;9;0,035;99,909;
FI4000609516;FINLANDIA 15/04/2033 3,3%;15/04/2033;EUR;GOV_FI;Finlandia;AA+;Aa1;;1000;Senior;09/10/2026;RP;98,11;0;1;3,63;5,72;3,18;3,21;5,81;0,137;0,142;0,033;0;4;0,0336;99,953;
FR0000187635;FRANCIA 25/10/2032 5,75%;25/10/2032;EUR;GOV_FR;Francia;A+;Aa3;;1000;Senior;09/10/2026;LP;107,35;94000;2;4,34;4,83;3,65;3,65;4,96;0,849;0,857;0,0575;1;10;0,0536;99,53;
FR0000471930;ORANGE 28/01/2033 8,125%;28/01/2033;EUR;ORANGE;Orange S.A;;;;1000;Senior;09/10/2026;RP;121,09;0;1;4,23;4,85;2,36;2,36;5,21;0,738;0,75;0,08125;1;1;0,0671;99,34;
FR0000571218;FRANCIA 25/04/2029 5,5%;25/04/2029;EUR;GOV_FR;Francia;A+;Aa3;;1000;Senior;09/10/2026;RP;104,23;0;1;3,71;2,3;3,04;3,04;2,33;0,282;0,29;0,055;1;4;0,0528;97,68;
FR0010014845;GIE PSA TRÉSORERIE 19/09/2033 6%;19/09/2033;EUR;PEUGEOT;Peugeot;;;;1000;Senior;09/10/2026;LP;103,1;233000;2;5,45;5,57;3,92;3,92;5,89;1,945;1,954;0,06;1;9;0,0582;99,828;
FR0010070060;FRANCIA 25/04/2035 4,75%;25/04/2035;EUR;GOV_FR;Francia;A+;Aa3;;1000;Senior;09/10/2026;LP;100,47;830215;2;4,68;6,75;4,09;4,09;6,94;1,14;1,153;0,0475;1;4;0,0473;99,54;
FR0010171975;FRANCIA 25/04/2055 4%;25/04/2055;EUR;GOV_FR;Francia;A+;Aa3;;1000;Senior;09/10/2026;LP;79,99;414500;2;5,39;14,98;4,76;4,81;16,07;1,897;1,858;0,04;1;4;0,05;95,632;
FR0010371401;FRANCIA 25/10/2038 4%;25/10/2038;EUR;GOV_FR;Francia;A+;Aa3;;1000;Senior;09/10/2026;LP;91,15;1205795;3;5;8,82;4,4;4,47;9,14;1,385;1,406;0,04;1;10;0,0439;98,25;
FR0010773192;FRANCIA 25/04/2041 4,5%;25/04/2041;EUR;GOV_FR;Francia;A+;Aa3;;1000;Senior;09/10/2026;LP;93,62;470178;2;5,13;10,09;4,5;4,54;10,52;1,492;1,52;0,045;1;4;0,0481;99,568;
FR0010870956;FRANCIA 25/04/2060 4%;25/04/2060;EUR;GOV_FR;Francia;A+;Aa3;;1000;Senior;09/10/2026;LP;78,66;536626;2;5,39;15,93;4,76;4,79;17,26;1,978;1,899;0,04;1;4;0,0509;96,34;
FR0011225143;EDF 25/03/2027 4,125%;25/03/2027;EUR;EDF;Electricite de France S.A;;;;100000;Senior;09/10/2026;RP;101,24;0;0;1,31;0,44;0,26;0,26;0,45;-1,58;-1,58;0,04125;1;3;0,0407;99,375;
FR0011317783;FRANCIA 25/10/2027 2,75%;25/10/2027;EUR;GOV_FR;Francia;A+;Aa3;;1000;Senior;09/10/2026;LP;99,51;156000;2;3,24;0,97;2,84;2,89;0,98;0,009;0,01;0,0275;1;10;0,0276;98,82;
FR0011461037;FRANCIA 25/05/2045 3,25%;25/05/2045;EUR;GOV_FR;Francia;A+;Aa3;;1000;Senior;09/10/2026;LP;76,44;161000;2;5,26;12,64;4,66;4,78;13,21;1,64;1,656;0,0325;1;5;0,0425;99,737;
FR0011883966;FRANCIA 25/05/2030 2,5%;25/05/2030;EUR;GOV_FR;Francia;A+;Aa3;;1000;Senior;09/10/2026;LP;95,29;345000;2;3,92;3,33;3,44;3,59;3,36;0,464;0,468;0,025;1;5;0,0262;98,18;
FR0012993103;FRANCIA 25/05/2031 1,5%;25/05/2031;EUR;GOV_FR;Francia;A+;Aa3;;1000;Senior;09/10/2026;LP;89,28;482240;2;4,1;4,28;3,6;3,89;4,31;0,627;0,629;0,015;1;5;0,0168;100,09;
FR0013154028;FRANCIA 25/05/2066 1,75%;25/05/2066;EUR;GOV_FR;Francia;A+;Aa3;;1000;Senior;09/10/2026;LP;42,86;81500;2;5,17;20,8;4,66;4,77;22,36;1,858;1,768;0,0175;1;5;0,0408;94,683;
FR0013154044;FRANCIA 25/05/2036 1,25%;25/05/2036;EUR;GOV_FR;Francia;A+;Aa3;;1000;Senior;09/10/2026;LP;73,2;127291;2;4,79;8,55;4,26;4,6;8,64;1,232;1,237;0,0125;1;5;0,0171;98,945;
FR0013200813;FRANCIA 25/11/2026 0,25%;25/11/2026;EUR;GOV_FR;Francia;A+;Aa3;;1000;Senior;09/10/2026;LP;99,7;20000;2;2,83;0,11;2,48;2,8;0,11;0,191;0,191;0,0025;1;11;0,0025;99,94;
FR0013234333;FRANCIA GREEN BOND 25/06/2039 1,75%;25/06/2039;EUR;GOV_FR;Francia;A+;Aa3;;1000;Senior;09/10/2026;LP;70,11;11000;1;4,98;10,59;4,43;4,71;10,79;1,362;1,374;0,0175;1;6;0,025;100,16;
FR0013250560;FRANCIA 25/05/2027 1%;25/05/2027;EUR;GOV_FR;Francia;A+;Aa3;;1000;Senior;09/10/2026;LP;98,757;60000;2;3,07;0,6;2,69;2,94;0,6;0,047;0,047;0,01;1;5;0,0101;100,29;
FR0013257524;FRANCIA 25/05/2048 2%;25/05/2048;EUR;GOV_FR;Francia;A+;Aa3;;1000;Senior;09/10/2026;LP;58,26;28000;1;5,28;15,25;4,73;4,93;15,86;1,681;1,687;0,02;1;5;0,0343;100,069;
FR0013286192;FRANCIA 25/05/2028 0,75%;25/05/2028;EUR;GOV_FR;Francia;A+;Aa3;;1000;Senior;09/10/2026;LP;95,75;312479;2;3,5;1,55;3,07;3,39;1,56;0,151;0,152;0,0075;1;5;0,0078;98,64;
FR0013313582;FRANCIA 25/05/2034 1,25%;25/05/2034;EUR;GOV_FR;Francia;A+;Aa3;;1000;Senior;09/10/2026;LP;78,83;142989;2;4,61;6,9;4,08;4,42;6,96;1,091;1,094;0,0125;1;5;0,0159;98,79;
FR0013341682;FRANCIA 25/11/2028 0,75%;25/11/2028;EUR;GOV_FR;Francia;A+;Aa3;;1000;Senior;09/10/2026;LP;94,27;545383;2;3,61;2,02;3,17;3,5;2,03;0,207;0,208;0,0075;1;11;0,008;98,49;
FR0013404969;FRANCIA 25/05/2050 1,5%;25/05/2050;EUR;GOV_FR;Francia;A+;Aa3;;1000;Senior;09/10/2026;LP;49,6;21000;1;5,28;17,02;4,77;4,99;17,64;1,714;1,712;0,015;1;5;0,0302;97,338;
FR0013407236;FRANCIA 25/05/2029 0,5%;25/05/2029;EUR;GOV_FR;Francia;A+;Aa3;;1000;Senior;09/10/2026;LP;92,1;135795;2;3,73;2,5;3,27;3,65;2,51;0,298;0,298;0,005;1;5;0,0054;99,32;
FR0013451507;FRANCIA 25/11/2029 0%;25/11/2029;EUR;GOV_FR;Francia;A+;Aa3;;1000;Senior;09/10/2026;LP;88,96;1192209;2;3,82;3,01;3,36;3,82;3,01;0,377;0,377;0;1;11;0;102,48;
FR0013480613;FRANCIA 25/05/2052 0,75%;25/05/2052;EUR;GOV_FR;Francia;A+;Aa3;;1000;Senior;09/10/2026;LP;37,45;395586;2;5,24;20,21;4,78;5,07;20,71;1,706;1,7;0,0075;1;5;0,02;100,659;
FR0013515806;FRANCIA 25/05/2040 0,5% ;25/05/2040;EUR;GOV_FR;Francia;A+;Aa3;;1000;Senior;09/10/2026;LP;55,6;79930;2;5,1;12,33;4,59;5,01;12,42;1,473;1,476;0,005;1;5;0,009;99,527;
FR0013516549;FRANCIA 25/11/2030 0%;25/11/2030;EUR;GOV_FR;Francia;A+;Aa3;;1000;Senior;09/10/2026;LP;85,02;700484;3;4,02;3,96;3,55;4,01;3,96;0,557;0,557;0;1;11;0;99,22;
FR0014001NN8;FRANCIA 25/05/2072 0,5%;25/05/2072;EUR;GOV_FR;Francia;A+;Aa3;;1000;Senior;09/10/2026;LP;22,17;7043559;4;4,62;31,27;4,27;4,45;32,63;1,415;1,36;0,005;1;5;0,0226;95,895;
FR0014002JM6;FRANCIA GREEN BOND 25/06/2044 0,5% ;25/06/2044;EUR;GOV_FR;Francia;A+;Aa3;;1000;Senior;09/10/2026;LP;46,56;59968;2;5,19;15,66;4,7;5,09;15,81;1,558;1,561;0,005;1;6;0,0107;99,432;
FR0014002WK3;FRANCIA 25/11/2031 0%;25/11/2031;EUR;GOV_FR;Francia;A+;Aa3;;1000;Senior;09/10/2026;LP;81,07;431577;2;4,19;4,91;3,7;4,17;4,92;0,711;0,711;0;1;11;0;97,97;
FR0014003513;FRANCIA 25/02/2027 0%;25/02/2027;EUR;GOV_FR;Francia;A+;Aa3;;1000;Senior;09/10/2026;LP;98,942;716152;3;2,92;0,36;2,55;2,92;0,36;0,12;0,12;0;1;2;0;102,15;
FR0014004J31;FRANCIA 25/05/2053 0,75%;25/05/2053;EUR;GOV_FR;Francia;A+;Aa3;;1000;Senior;09/10/2026;LP;36,39;70000;2;5,23;20,76;4,78;5,05;21,3;1,711;1,703;0,0075;1;5;0,0206;95,376;
FR0014007L00;FRANCIA 25/05/2032 0%;25/05/2032;EUR;GOV_FR;Francia;A+;Aa3;;1000;Senior;09/10/2026;LP;79,13;294351;2;4,26;5,39;3,77;4,23;5,39;0,775;0,775;0;1;5;0;96,98;
FR0014009O62;FRANCIA 25/05/2038 1,25% ;25/05/2038;EUR;GOV_FR;Francia;A+;Aa3;;1000;Senior;09/10/2026;LP;67,7;37500;1;4,98;10,1;4,44;4,77;10,24;1,375;1,382;0,0125;1;5;0,0185;97,58;
FR001400AIN5;FRANCIA 25/02/2028 0,75%;25/02/2028;EUR;GOV_FR;Francia;A+;Aa3;;1000;Senior;09/10/2026;LP;96,5;718000;2;3,41;1,32;2,99;3,28;1,32;0,1;0,102;0,0075;1;2;0,0078;98,25;
FR001400B1L7;RCI BANQUE 06/07/2027 4,75%;06/07/2027;EUR;RCIBANQUE;RCI Banque SA;;;;1000;Senior;09/10/2026;RP;100,7;0;1;3,73;0,7;2,51;2,51;0,71;0,636;0,636;0,0475;1;7;0,0472;99,761;
FR001400BKZ3;FRANCIA 25/11/2032 2%;25/11/2032;EUR;GOV_FR;Francia;A+;Aa3;;1000;Senior;09/10/2026;LP;87,6;40050;2;4,35;5,44;3,83;4,08;5,51;0,861;0,864;0,02;1;11;0,0228;100,71;
FR001400CMX2;FRANCIA 25/05/2043 2,5% ;25/05/2043;EUR;GOV_FR;Francia;A+;Aa3;;1000;Senior;09/10/2026;LP;70,26;50000;1;5,22;12,32;4,64;4,83;12,73;1,586;1,602;0,025;1;5;0,0356;98,471;
FR001400CRG6;RCI BANQUE 21/09/2028 4,875%;21/09/2028;EUR;RCIBANQUE;RCI Banque SA;;;;1000;Senior;09/10/2026;RP;101,43;0;1;4,09;1,82;2,82;2,82;1,85;0,702;0,706;0,04875;1;9;0,0481;99,639;
FR001400FTH3;FRANCIA 25/05/2054 3%;25/05/2054;EUR;GOV_FR;Francia;A+;Aa3;;1000;Senior;09/10/2026;LP;66,14;156995;2;5,38;15,83;4,78;4,88;16,86;1,877;1,849;0,03;1;5;0,0454;97,422;
FR001400H7V7;FRANCIA 25/05/2033 3%;25/05/2033;EUR;GOV_FR;Francia;A+;Aa3;;1000;Senior;09/10/2026;LP;92,14;165734;2;4,39;5,75;3,86;4;5,84;0,894;0,899;0,03;1;5;0,0326;102,64;
FR001400HI98;FRANCIA 25/02/2029 2,75%;25/02/2029;EUR;GOV_FR;Francia;A+;Aa3;;1000;Senior;09/10/2026;LP;97,9;241000;2;3,69;2,21;3,23;3,33;2,22;0,269;0,274;0,0275;1;2;0,0281;99,29;
FR001400L834;FRANCIA 25/11/2033 3,5%;25/11/2033;EUR;GOV_FR;Francia;A+;Aa3;;1;Senior;09/10/2026;LP;94,16;110966;2;4,47;5,93;3,93;4,02;6,06;0,967;0,974;0,035;1;11;0,0372;99,48;
FR001400NBC6;FRANCIA 24/09/2027 2,5%;24/09/2027;EUR;GOV_FR;Francia;A+;Aa3;;1;Senior;09/10/2026;LP;99,529;144395;2;3,01;0,92;2,63;2,69;0,92;-0,195;-0,195;0,025;1;9;0,0251;99,79;
FR001400NEF3;FRANCIA GREEN BOND 25/06/2049 3%;25/06/2049;EUR;GOV_FR;Francia;A+;Aa3;;1;Senior;09/10/2026;LP;70,44;4749;1;5,26;14,51;4,67;4,78;15,26;1,674;1,675;0,03;1;6;0,0426;96,528;
FR001400OHF4;FRANCIA 25/05/2055 3,25%;25/05/2055;EUR;GOV_FR;Francia;A+;Aa3;;1;Senior;09/10/2026;LP;69,59;5064;1;5,35;15,82;4,74;4,82;16,91;1,859;1,823;0,0325;1;5;0,0467;96,759;
FR001400PM68;FRANCIA 25/02/2030 2,75%;25/02/2030;EUR;GOV_FR;Francia;A+;Aa3;;1;Senior;09/10/2026;LP;96,64;21000;2;3,83;3,09;3,35;3,47;3,12;0,376;0,381;0,0275;1;2;0,0285;99,78;
FR001400QMF9;FRANCIA 25/11/2034 3% ;25/11/2034;EUR;GOV_FR;Francia;A+;Aa3;;1;Senior;09/10/2026;LP;89,23;120746;3;4,62;6,75;4,07;4,21;6,89;1,092;1,099;0,03;1;11;0,0336;99,51;
FR001400WYO4;FRANCIA 25/05/2042 3,6%;25/05/2042;EUR;GOV_FR;Francia;A+;Aa3;;1;Senior;09/10/2026;LP;83,74;4000;2;5,14;11,09;4,53;4,63;11,53;1,499;1,522;0,036;1;5;0,043;99,176;
FR001400X8V5;FRANCIA 25/05/2035 3,2%;25/05/2035;EUR;GOV_FR;Francia;A+;Aa3;;1;Senior;09/10/2026;LP;89,65;87189;2;4,69;7,17;4,12;4,26;7,32;1,146;1,155;0,032;1;5;0,0357;100,47;
FR001400XJJ3;FRANCIA 25/05/2056 3,75%;25/05/2056;EUR;GOV_FR;Francia;A+;Aa3;;1;Senior;09/10/2026;RP;75,72;0;2;5,41;15,46;4,78;4,84;16,62;1,939;1,893;0,0375;1;5;0,0495;98,74;
FR001400XLW2;FRANCIA 24/09/2028 2,4%;24/09/2028;EUR;GOV_FR;Francia;A+;Aa3;;1;Senior;09/10/2026;LP;97,84;202417;2;3,57;1,86;3,12;3,24;1,87;0,178;0,18;0,024;1;9;0,0245;99,41;
FR001400Z2L7;FRANCIA 25/02/2031 2,7%;25/02/2031;EUR;GOV_FR;Francia;A+;Aa3;;1;Senior;09/10/2026;LP;94,61;195580;2;4,07;3,94;3,57;3,72;3,99;0,602;0,606;0,027;1;2;0,0285;99,83;
FR0014012II5;FRANCIA 25/11/2035 3,5%;25/11/2035;EUR;GOV_FR;Francia;A+;Aa3;;1;Senior;09/10/2026;LP;90,98;197619;2;4,74;7,29;4,17;4,27;7,48;1,19;1,201;0,035;1;11;0,0385;99,38;
FR0014015MU5;FRANCIA 25/05/2046 4,1%;25/05/2046;EUR;GOV_FR;Francia;A+;Aa3;;1;Senior;09/10/2026;LP;85,6;137000;2;5,3;12,43;4,66;4,72;13,1;1,676;1,692;0,041;1;5;0,0479;98,725;
FR0014016CV2;FRANCIA 25/05/2057 4,4%;25/05/2057;EUR;GOV_FR;Francia;A+;Aa3;;1;Senior;09/10/2026;LP;85,27;79751;2;5,39;15,15;4,74;4,77;16,37;1,935;1,877;0,044;1;5;0,0516;99,329;
FR0014017Z10;FRANCIA GREEN BOND 25/06/2037 3,8%;25/06/2037;EUR;GOV_FR;Francia;A+;Aa3;;1;Senior;09/10/2026;LP;91,41;180157;1;4,85;8,38;4,26;4,34;8,62;1,262;1,278;0,038;1;6;0,0416;99,106;
FR0014018OI0;FRANCIA 25/02/2032 3,25%;25/02/2032;EUR;GOV_FR;Francia;A+;Aa3;;1;Senior;09/10/2026;LP;95,3;185000;2;4,24;4,7;3,72;3,83;4,77;0,766;0,771;0,0325;1;2;0,0341;100;
GB00B16NNR78;REGNO UNITO 07/12/2027 4,25% GBP;07/12/2027;GBP;GOV_GB;Gran Bretagna;AA;Aa3;;1000;Senior;09/10/2026;LP;99,67;117000;1;4,59;1,07;4,02;4,05;1,08;1,334;1,338;0,0425;2;6,12;0,0426;99,09;
GB00B3KJDS62;REGNO UNITO 07/09/2039 4,25% GBP;07/09/2039;GBP;GOV_GB;Gran Bretagna;AA;Aa3;;1000;Senior;09/10/2026;LP;87,33;44500;2;5,73;9,25;5,05;5,14;9,6;2,103;2,128;0,0425;2;3,9;0,0487;96,12;
GB00B84Z9V04;REGNO UNITO 22/01/2044 3,25% GBP;22/01/2044;GBP;GOV_GB;Gran Bretagna;AA;Aa3;;1000;Senior;09/10/2026;LP;71,55;21000;1;5,98;11,67;5,31;5,47;12,2;2,354;2,373;0,0325;2;1,7;0,0454;99,594;
GB00BMF9LG83;GRAN BRETAGNA 07/06/2028 4,5% GBP;07/06/2028;GBP;GOV_UK;Gran Bretagna;AA;Aa3;;1;Senior;09/10/2026;LP;99,74;83800;1;4,71;1,51;4,1;4,1;1,53;1,36;1,366;0,045;2;6,12;0,0451;98,121;
GB00BN65R313;REGNO UNITO 22/01/2045 3,5% GBP;22/01/2045;GBP;GOV_GB;Gran Bretagna;AA;Aa3;;1000;Senior;09/10/2026;RP;73,39;0;1;5,98;11,89;5,3;5,44;12,49;2,358;2,376;0,035;2;1,7;0,0477;100,673;
GR0114033583;GRECIA 15/06/2028 3,875%;15/06/2028;EUR;GOV_GR;Grecia;BBB;Baa3;;1000;Senior;09/10/2026;LP;101,19;100000;1;3,12;1,59;2,64;2,64;1,6;-0,234;-0,23;0,03875;1;6;0,0383;99,808;
GR0118020685;GRECIA 22/04/2027 2,0%;22/04/2027;EUR;GOV_GR;Grecia;BBB;Baa3;;1000;Senior;09/10/2026;RP;99,738;0;1;2,5;0,51;2,19;2,25;0,51;-0,457;-0,457;0,02;1;4;0,0201;99,916;
GR0124034688;GRECIA 30/01/2028 3,75%;30/01/2028;EUR;GOV_GR;Grecia;BBB;Baa3;;1000;Senior;09/10/2026;RP;100,76;0;1;3,13;1,22;2,67;2,67;1,23;-0,158;-0,153;0,0375;1;1;0,0372;100;
GR0124035693;GRECIA 12/03/2029 3,875%;12/03/2029;EUR;GOV_GR;Grecia;BBB;Baa3;;1000;Senior;09/10/2026;RP;101,43;0;0;3,24;2,23;2,76;2,76;2,25;-0,177;-0,171;0,03875;1;3;0,0382;100;
GR0124036709;GRECIA 18/06/2030 1,5%;18/06/2030;EUR;GOV_GR;Grecia;BBB;Baa3;;1000;Senior;09/10/2026;RP;92,71;0;1;3,65;3,46;3,21;3,45;3,48;0,195;0,197;0,015;1;6;0,0162;99,375;
GR0124037715;GRECIA 18/06/2031 0,75%;18/06/2031;EUR;GOV_GR;Grecia;BBB;Baa3;;1000;Senior;09/10/2026;RP;87,2;0;1;3,79;4,43;3,33;3,68;4,45;0,316;0,317;0,0075;1;6;0,0086;99,436;
GR0124038721;GRECIA 18/06/2032 1,75%;18/06/2032;EUR;GOV_GR;Grecia;BBB;Baa3;;1000;Senior;09/10/2026;RP;89,22;0;1;3,9;5,21;3,43;3,66;5,25;0,418;0,42;0,0175;1;6;0,0196;99,197;
GR0124039737;GRECIA 15/06/2033 4,25%;15/06/2033;EUR;GOV_GR;Grecia;BBB;Baa3;;1000;Senior;09/10/2026;RP;101,15;0;1;4,05;5,65;3,52;3,52;5,76;0,548;0,555;0,0425;1;6;0,042;99,782;
GR0124040743;GRECIA 15/06/2034 3,375%;15/06/2034;EUR;GOV_GR;Grecia;BBB;Baa3;;1000;Senior;09/10/2026;LP;95,24;1000;1;4,11;6,52;3,6;3,67;6,65;0,59;0,597;0,03375;1;6;0,0354;99,13;
GR0124041758;GRECIA 15/06/2035 3,625%;15/06/2035;EUR;GOV_GR;Grecia;BBB;Baa3;;1000;Senior;09/10/2026;RP;95,21;0;1;4,3;7,17;3,77;3,83;7,33;0,756;0,766;0,03625;1;6;0,0381;99,913;
GR0124042764;GRECIA 16/06/2036 3,375%;16/06/2036;EUR;GOV_GR;Grecia;BBB;Baa3;;1000;Senior;09/10/2026;RP;91,82;0;1;4,43;7,9;3,89;3,98;8,09;0,869;0,881;0,03375;0;6;0,0368;99,196;
GR0128014710;REPUBBLICA GRECA 24/02/2027 STEP UP;24/02/2027;EUR;GOV_GR;Grecia;BBB;Baa3;;1;Senior;09/10/2026;LP;99,9;4000;1;4,52;0,35;3,96;3,99;0,35;1,724;1,724;0,043;1;2;0,043;100;
GR0128015725;GRECIA 30/01/2033 3,9%;30/01/2033;EUR;GOV_GR;Grecia;BBB;Baa3;;1000;Senior;09/10/2026;LP;99,75;100000;1;3,94;5,35;3,45;3,46;5,45;0,45;0,456;0,039;1;1;0,0391;100;
GR0128016731;GRECIA 04/02/2035 1,875%;04/02/2035;EUR;GOV_GR;Grecia;BBB;Baa3;;1000;Senior;09/10/2026;LP;83,6;14000;1;4,26;7,29;3,76;3,99;7,39;0,725;0,731;0,01875;1;2;0,0224;99,534;
GR0128017747;GRECIA 18/07/2038 4,375%;18/07/2038;EUR;GOV_GR;Grecia;BBB;Baa3;;1000;Senior;09/10/2026;LP;99;3000;1;4,48;8,93;3,93;3,93;9,23;0,879;0,9;0,04375;1;7;0,0442;99,042;
GR0133006198;REPUBBLICA GRECA 24/02/2028 STEP UP;24/02/2028;EUR;GOV_GR;Grecia;BBB;Baa3;;1;Senior;09/10/2026;LP;101,76;15000;1;2,96;1,29;2,43;2,43;1,3;-0,349;-0,343;0,043;1;2;0,0423;100;
GR0133007204;REPUBBLICA GRECA 24/02/2029 STEP UP;24/02/2029;EUR;GOV_GR;Grecia;BBB;Baa3;;1;Senior;09/10/2026;RP;101,75;0;1;3,51;2,17;2,98;2,98;2,2;0,092;0,099;0,043;1;2;0,0423;100;
GR0133008210;REPUBBLICA GRECA 24/02/2030 STEP UP;24/02/2030;EUR;GOV_GR;Grecia;BBB;Baa3;;1;Senior;09/10/2026;RP;102,34;0;1;3,54;3,02;3,02;3,02;3,07;0,094;0,1;0,043;1;2;0,042;100;
GR0133009226;REPUBBLICA GRECA 24/02/2031 STEP UP;24/02/2031;EUR;GOV_GR;Grecia;BBB;Baa3;;1;Senior;09/10/2026;RP;102,66;0;1;3,63;3,84;3,1;3,1;3,9;0,16;0,167;0,043;1;2;0,0419;100;
GR0133010232;REPUBBLICA GRECA 24/02/2032 STEP UP;24/02/2032;EUR;GOV_GR;Grecia;BBB;Baa3;;1;Senior;09/10/2026;LP;100,4;160;1;4,21;4,59;3,68;3,68;4,68;0,733;0,739;0,043;1;2;0,0428;100;
GR0133011248;GRECIA 30/01/2037 4%;30/01/2037;EUR;GOV_GR;Grecia;BBB;Baa3;;1000;Senior;09/10/2026;RP;96,79;0;1;4,39;8,02;3,85;3,88;8,26;0,817;0,833;0,04;1;1;0,0413;100;
GR0138005716;REPUBBLICA GRECA 24/02/2033 STEP UP;24/02/2033;EUR;GOV_GR;Grecia;BBB;Baa3;;1;Senior;09/10/2026;RP;100,41;0;1;4,22;5,34;3,69;3,69;5,45;0,727;0,735;0,043;1;2;0,0428;100;
GR0138006722;REPUBBLICA GRECA 24/02/2034 STEP UP;24/02/2034;EUR;GOV_GR;Grecia;BBB;Baa3;;1;Senior;09/10/2026;RP;99,18;0;1;4,43;6,03;3,88;3,89;6,18;0,917;0,926;0,043;1;2;0,0434;100;
GR0138007738;REPUBBLICA GRECA 24/02/2035 STEP UP;24/02/2035;EUR;GOV_GR;Grecia;BBB;Baa3;;1;Senior;09/10/2026;LP;100;10000;1;4,3;6,73;3,76;3,76;6,91;0,763;0,774;0,043;1;2;0,043;100;
GR0138008744;REPUBBLICA GRECA 24/02/2036 STEP UP;24/02/2036;EUR;GOV_GR;Grecia;BBB;Baa3;;1;Senior;09/10/2026;LP;97,51;80;1;4,63;7,34;4,06;4,09;7,55;1,076;1,09;0,043;1;2;0,0441;100;
GR0138009759;REPUBBLICA GRECA 24/02/2037 STEP UP;24/02/2037;EUR;GOV_GR;Grecia;BBB;Baa3;;1;Senior;09/10/2026;LP;96,3;80;1;4,76;7,93;4,17;4,21;8,19;1,181;1,198;0,043;1;2;0,0447;100;
GR0138010765;REPUBBLICA GRECA 24/02/2038 STEP UP;24/02/2038;EUR;GOV_GR;Grecia;BBB;Baa3;;1;Senior;09/10/2026;LP;97,21;160;1;4,62;8,55;4,05;4,07;8,84;1,02;1,041;0,043;1;2;0,0442;100;
GR0138011771;REPUBBLICA GRECA 24/02/2039 STEP UP;24/02/2039;EUR;GOV_GR;Grecia;BBB;Baa3;;1;Senior;09/10/2026;RP;97,91;0;1;4,52;9,14;3,96;3,98;9,47;0,907;0,93;0,043;1;2;0,0439;100;
GR0138012787;REPUBBLICA GRECA 24/02/2040 STEP UP;24/02/2040;EUR;GOV_GR;Grecia;BBB;Baa3;;1;Senior;09/10/2026;RP;96,43;0;1;4,66;9,65;4,09;4,11;10,03;1,035;1,06;0,043;1;2;0,0446;100;
GR0138013793;REPUBBLICA GRECA 24/02/2041 STEP UP;24/02/2041;EUR;GOV_GR;Grecia;BBB;Baa3;;1;Senior;09/10/2026;RP;98,05;0;1;4,48;10,22;3,93;3,94;10,64;0,848;0,874;0,043;1;2;0,0439;100;
GR0138014809;REPUBBLICA GRECA 24/02/2042 STEP UP 2% - 4,3%;24/02/2042;EUR;GOV_GR;Grecia;BBB;Baa3;;1;Senior;09/10/2026;RP;96,78;0;1;4,59;10,69;4,03;4,05;11,15;0,956;0,981;0,043;1;2;0,0444;100;
GR0138015814;GRECIA 30/01/2042 4,2%;30/01/2042;EUR;GOV_GR;Grecia;BBB;Baa3;;1000;Senior;09/10/2026;LP;95,37;14091;1;4,63;10,66;4,04;4,04;11,08;0,988;1,013;0,042;1;1;0,044;77,764;
GR0138017836;GRECIA 24/01/2052 1,875%;24/01/2052;EUR;GOV_GR;Grecia;BBB;Baa3;;1000;Senior;09/10/2026;RP;57,02;0;1;4,87;17,13;4,36;4,53;17,9;1,324;1,314;0,01875;1;1;0,0329;98,14;
GR0138018842;GRECIA 15/06/2054 4,125%;15/06/2054;EUR;GOV_GR;Grecia;BBB;Baa3;;1000;Senior;09/10/2026;LP;88,36;1000;1;4,9;15,29;4,31;4,34;16,34;1,398;1,365;0,04125;1;6;0,0467;98,057;
IE00080U68D3;IRLANDA 18/10/2055 3,15% ;18/10/2055;EUR;GOV_IE;Irlanda;AA+;Aa2;;1;Senior;09/10/2026;RP;85,68;0;1;3,99;17,24;3,51;3,56;18,3;0,511;0,476;0,0315;1;10;0,0368;99,931;
IE000GVLBXU6;IRLANDA GREEN BOND 18/10/2043 3%;18/10/2043;EUR;GOV_IE;Irlanda;AA+;Aa2;;1000;Senior;09/10/2026;RP;89,14;0;1;3,88;12,42;3,42;3,48;12,88;0,254;0,269;0,03;1;10;0,0337;98,404;
IE000LQ7YWY4;IRLANDA 18/10/2034 2,6%;18/10/2034;EUR;GOV_IE;Irlanda;AA+;Aa2;;1;Senior;09/10/2026;RP;93,67;0;1;3,52;6,87;3,09;3,18;7;-0,005;0,001;0,026;1;10;0,0278;99,535;
IE000O6GBYC9;IRLANDA 18/06/2036 3,1%;18/06/2036;EUR;GOV_IE;Irlanda;AA+;Aa2;;1;Senior;09/10/2026;RP;95,94;0;1;3,6;8,11;3,16;3,2;8,28;0,042;0,052;0,031;0;6;0,0323;99,617;
IE00BDHDPR44;IRLANDA 15/05/2028 0,9%;15/05/2028;EUR;GOV_IE;Irlanda;AA+;Aa2;;1000;Senior;09/10/2026;LP;96,83;397;1;2,97;1,53;2,6;2,85;1,54;-0,374;-0,373;0,009;1;5;0,0093;99,569;
IE00BFZRPZ02;IRLANDA 15/05/2033 1,3%;15/05/2033;EUR;GOV_IE;Irlanda;AA+;Aa2;;1000;Senior;09/10/2026;LP;87,63;4400;1;3,43;6,09;3,02;3,25;6,13;-0,068;-0,066;0,013;1;5;0,0148;99,741;
IE00BFZRQ242;IRLANDA GREEN BOND 18/03/2031 1,35%;18/03/2031;EUR;GOV_IE;Irlanda;AA+;Aa2;;1000;Senior;09/10/2026;RP;92,36;0;1;3,23;4,15;2,84;3,05;4,18;-0,238;-0,236;0,0135;1;3;0,0146;99,447;
IE00BH3SQ895;IRLANDA 15/05/2029 1,1%;15/05/2029;EUR;GOV_IE;Irlanda;AA+;Aa2;;1000;Senior;09/10/2026;RP;94,78;0;1;3,23;2,47;2,84;3,09;2,48;-0,193;-0,191;0,011;1;5;0,0116;99,778;
IE00BH3SQB22;IRLANDA 15/05/2050 1,5%;15/05/2050;EUR;GOV_IE;Irlanda;AA+;Aa2;;1000;Senior;09/10/2026;RP;63,02;0;1;3,93;17,98;3,52;3,68;18,54;0,364;0,362;0,015;1;5;0,0238;99,313;
IE00BJ38CR43;IRLANDA 15/05/2030 2,4%;15/05/2030;EUR;GOV_IE;Irlanda;AA+;Aa2;;1000;Senior;09/10/2026;RP;97,3;0;1;3,21;3,34;2,81;2,9;3,36;-0,248;-0,245;0,024;1;5;0,0247;98,899;
IE00BKFVC345;IRLANDA 15/05/2035 0,4% ;15/05/2035;EUR;GOV_IE;Irlanda;AA+;Aa2;;1000;Senior;09/10/2026;RP;76,98;0;1;3,56;8,13;3,16;3,5;8,15;0,02;0,022;0,004;1;5;0,0052;99,261;
IE00BKFVC568;IRLANDA 15/05/2027 0,2%;15/05/2027;EUR;GOV_IE;Irlanda;AA+;Aa2;;1000;Senior;09/10/2026;LP;98,675;40000;1;2,5;0,57;2,19;2,47;0,57;-0,499;-0,499;0,002;1;5;0,002;99,706;
IE00BKFVC899;IRLANDA 18/10/2030 0,2% ;18/10/2030;EUR;GOV_IE;Irlanda;AA+;Aa2;;1000;Senior;09/10/2026;LP;89;2000;1;3,16;3,87;2,78;3,13;3,87;-0,3;-0,3;0,002;1;10;0,0022;99,135;
IE00BMD03L28;IRLANDA 18/10/2032 0,35% ;18/10/2032;EUR;GOV_IE;Irlanda;AA+;Aa2;;1000;Senior;09/10/2026;RP;83,72;0;1;3,39;5,74;2,99;3,33;5,75;-0,1;-0,1;0,0035;1;10;0,0042;99,612;
IE00BMQ5JL65;IRLANDA 18/10/2031 0%;18/10/2031;EUR;GOV_IE;Irlanda;AA+;Aa2;;1000;Senior;09/10/2026;LP;85,25;23000;1;3,23;4,86;2,85;3,23;4,86;-0,238;-0,238;0;1;10;0;102,809;
IE00BMQ5JM72;IRLANDA 22/04/2041 0,55% ;22/04/2041;EUR;GOV_IE;Irlanda;AA+;Aa2;;1000;Senior;09/10/2026;RP;63,71;0;1;3,86;13,25;3,46;3,77;13,35;0,223;0,227;0,0055;1;4;0,0086;99,341;
IE00BV8C9186;IRLANDA 18/02/2045 2%;18/02/2045;EUR;GOV_IE;Irlanda;AA+;Aa2;;1000;Senior;09/10/2026;RP;75,25;0;1;3,92;14,2;3,48;3,62;14,62;0,291;0,3;0,02;1;2;0,0266;98,05;
IE00BV8C9B83;IRLANDA 15/05/2037 1,7%;15/05/2037;EUR;GOV_IE;Irlanda;AA+;Aa2;;1000;Senior;09/10/2026;RP;82,74;0;1;3,7;9,26;3,27;3,46;9,39;0,119;0,126;0,017;1;5;0,0205;99,43;
IT0000966017;INTESA SANPAOLO - COMIT 08/01/2027 ZC;08/01/2027;EUR;INTESASP;Intesa Sanpaolo;;;;1000;Senior;09/10/2026;LP;99,35;7000;1;2,77;0,23;1,1;1,1;0,24;0,131;0,131;0;;;0;10,85;
IT0001086567;BTP 01/11/2026 7,25%(No CACs);01/11/2026;EUR;GOV_IT;Italia;BBB+;Baa2;;1000;Senior;09/10/2026;LP;100,236;185612;2;2,6;0,05;1,72;1,72;0,05;-0,044;-0,044;0,0725;2;5,11;0,0723;99,45;
IT0001174611;BTP 01/11/2027 6,5%(No CACs);01/11/2027;EUR;GOV_IT;Italia;BBB+;Baa2;;1000;Senior;09/10/2026;LP;103,3;2234795;3;3,31;0,97;2,5;2,5;0,99;0,071;0,076;0,065;2;5,11;0,0629;100,15;
IT0001200390;INTESA SANPAOLO - COMIT 17/02/2028 ZC;17/02/2028;EUR;INTESASP;Intesa Sanpaolo;;;;1000;Senior;09/10/2026;LP;95,3;33000;2;3,64;1,3;2,73;2,73;1,31;0,334;0,334;0;;;0;18,65;
IT0001203253;MEDIO CREDITO CENTRALE 10/02/2028 ZC;10/02/2028;EUR;MEDIOCREDCEN;Banca del Mezzogiorno - MedioCredito Centrale;;;;1000;Senior;09/10/2026;RP;95,06;0;1;3,89;1,28;2,99;2,99;1,29;0,589;0,589;0;;;0;17,5247;
IT0001205589;INTESA SANPAOLO 18/02/2028 ZC;18/02/2028;EUR;INTESASP;Intesa Sanpaolo;;;;1000;Senior;09/10/2026;LP;95,15;2000;1;3,75;1,3;2,81;2,81;1,31;0,447;0,447;0;;;0;17,37;
IT0001278511;BTP 01/11/2029 5,25%(No CACs);01/11/2029;EUR;GOV_IT;Italia;BBB+;Baa2;;1000;Senior;09/10/2026;LP;104,51;11833000;4;3,71;2,7;3,06;3,06;2,75;0,263;0,27;0,0525;2;5,11;0,0502;99,7;
IT0001302733;MPS 01/02/2029 ZC;01/02/2029;EUR;MPS;Monte dei Paschi di Siena;;;;1000;Senior;09/10/2026;LP;199,76;19000;1;4,28;2,21;3,66;3,73;2,22;0,863;0,863;0;;;0;100;
IT0001308508;MPS 15/02/2029 ZC(calcolato con emissione il 15/02/2009 a 100);15/02/2029;EUR;MPS;Monte dei Paschi di Siena;;;;1000;Senior;09/10/2026;LP;194,2;8000;1;4,44;2,25;3,79;3,94;2,26;1,023;1,023;0;;;0;100;
IT0001444378;BTP 01/05/2031 6%(No CACs);01/05/2031;EUR;GOV_IT;Italia;BBB+;Baa2;;1000;Senior;09/10/2026;LP;108,61;4231000;4;3,96;3,82;3,23;3,23;3,91;0,489;0,497;0,06;2;5,11;0,0552;102,4;
IT0003256820;BTP 01/02/2033 5,75%(No CACs);01/02/2033;EUR;GOV_IT;Italia;BBB+;Baa2;;1000;Senior;09/10/2026;LP;108,75;2707000;3;4,2;5,15;3,5;3,5;5,29;0,705;0,713;0,0575;2;2,8;0,0529;101,15;
IT0003535157;BTP 01/08/2034 5%(No CACs);01/08/2034;EUR;GOV_IT;Italia;BBB+;Baa2;;1000;Senior;09/10/2026;LP;104,48;1449000;4;4,36;6,25;3,74;3,74;6,42;0,842;0,853;0,05;2;2,8;0,0479;98,106;
IT0003745541;BTPi 15/09/2035 2,35%(senza indicizzazione);15/09/2035;EUR;GOV_IT;Italia;BBB+;Baa2;;1000;Senior;09/10/2026;LP;101,99;1431000;3;2,12;7,93;1,82;1,82;8,05;-1,429;-1,423;0,0235;2;3,9;0,023;100;
IT0003934657;BTP 01/02/2037 4%(No CACs);01/02/2037;EUR;GOV_IT;Italia;BBB+;Baa2;;1000;Senior;09/10/2026;LP;95,89;21033000;4;4,55;8,06;3,99;4,03;8,3;0,977;0,993;0,04;2;2,8;0,0417;101,289;
IT0004286966;BTP 01/08/2039 5%(No CACs);01/08/2039;EUR;GOV_IT;Italia;BBB+;Baa2;;1000;Senior;09/10/2026;LP;102,95;1406000;4;4,75;9,14;4,12;4,12;9,51;1,125;1,151;0,05;2;2,8;0,0486;99,98;
IT0004532559;BTP 01/09/2040 5%(No CACs);01/09/2040;EUR;GOV_IT;Italia;BBB+;Baa2;;1000;Senior;09/10/2026;LP;102,63;5130000;4;4,79;9,71;4,17;4,17;10,12;1,161;1,19;0,05;2;3,9;0,0487;98,186;
IT0004545890;BTPi 15/09/2041 2,55%(senza indicizzazione);15/09/2041;EUR;GOV_IT;Italia;BBB+;Baa2;;1000;Senior;09/10/2026;LP;99,7;211000;3;2,59;12,16;2,27;2,27;12,47;-1,048;-1,033;0,0255;2;3,9;0,0256;100;
IT0004889033;BTP 01/09/2028 4,75%;01/09/2028;EUR;GOV_IT;Italia;BBB+;Baa2;;1000;Senior;09/10/2026;LP;102,37;6197000;4;3,46;1,76;2,87;2,87;1,78;0,083;0,089;0,0475;2;3,9;0,0464;100,017;
IT0004923998;BTP 01/09/2044 4,75%;01/09/2044;EUR;GOV_IT;Italia;BBB+;Baa2;;1000;Senior;09/10/2026;LP;98,55;10271000;4;4,93;11,56;4,32;4,32;12,16;1,304;1,325;0,0475;2;3,9;0,0482;97,221;
IT0005024234;BTP 01/03/2030 3,5%;01/03/2030;EUR;GOV_IT;Italia;BBB+;Baa2;;1000;Senior;09/10/2026;LP;99,35;6061000;4;3,74;3,09;3,27;3,29;3,12;0,291;0,296;0,035;2;3,9;0,0352;99,471;
IT0005083057;BTP 01/09/2046 3,25%;01/09/2046;EUR;GOV_IT;Italia;BBB+;Baa2;;1000;Senior;09/10/2026;LP;78,6;9515000;4;5,02;13,3;4,43;4,53;13,93;1,397;1,41;0,0325;2;3,9;0,0413;99,71;
IT0005094088;BTP 01/03/2032 1,65%;01/03/2032;EUR;GOV_IT;Italia;BBB+;Baa2;;1000;Senior;09/10/2026;LP;88,65;2642000;4;4,06;4,95;3,57;3,83;4,98;0,578;0,58;0,0165;2;3,9;0,0186;99,501;
IT0005138828;BTPi 15/09/2032 1,25%(senza indicizzazione);15/09/2032;EUR;GOV_IT;Italia;BBB+;Baa2;;1000;Senior;09/10/2026;LP;97,55;1752000;3;1,69;5,62;1,48;1,53;5,66;-1,792;-1,79;0,0125;2;3,9;0,0128;99,772;
IT0005162828;BTP 01/03/2047 2,7%;01/03/2047;EUR;GOV_IT;Italia;BBB+;Baa2;;1000;Senior;09/10/2026;LP;71,25;2749000;4;5,02;14,01;4,45;4,59;14,63;1,403;1,414;0,027;2;3,9;0,0379;99,18;
IT0005177909;BTP 01/09/2036 2,25%;01/09/2036;EUR;GOV_IT;Italia;BBB+;Baa2;;1000;Senior;09/10/2026;LP;82,13;2137000;4;4,56;8,38;4,03;4,24;8,53;0,995;1,004;0,0225;2;3,9;0,0274;99,368;
IT0005210650;BTP 01/12/2026 1,25%;01/12/2026;EUR;GOV_IT;Italia;BBB+;Baa2;;1000;Senior;09/10/2026;LP;99,821;5173000;4;2,6;0,13;2,27;2,44;0,13;-0,041;-0,041;0,0125;2;6,12;0,0125;100,18;
IT0005217390;BTP 01/03/2067 2,8%;01/03/2067;EUR;GOV_IT;Italia;BBB+;Baa2;;1000;Senior;09/10/2026;LP;63,89;14965000;4;4,9;19,17;4,35;4,41;20,84;1,609;1,491;0,028;2;3,9;0,0438;99,19;
IT0005240350;BTP 01/09/2033 2,45%;01/09/2033;EUR;GOV_IT;Italia;BBB+;Baa2;;1000;Senior;09/10/2026;LP;89,63;24690000;4;4,24;6,06;3,73;3,91;6,15;0,741;0,745;0,0245;2;3,9;0,0273;99,13;
IT0005240830;BTP 01/06/2027 2,2%;01/06/2027;EUR;GOV_IT;Italia;BBB+;Baa2;;1000;Senior;09/10/2026;LP;99,456;3011000;4;3,1;0,61;2,71;2,81;0,61;0,063;0,064;0,022;2;6,12;0,0221;98,58;
IT0005246134;BTPi 15/05/2028 1,30%(senza indicizzazione);15/05/2028;EUR;GOV_IT;Italia;BBB+;Baa2;;1000;Senior;09/10/2026;LP;100,82;48000;2;0,78;1,56;0,62;0,62;1,56;-2,56;-2,559;0,013;2;5,11;0,0129;99,878;
IT0005273013;BTP 01/03/2048 3,45%;01/03/2048;EUR;GOV_IT;Italia;BBB+;Baa2;;1000;Senior;09/10/2026;LP;80,19;16922000;4;5,03;13,71;4,43;4,52;14,43;1,42;1,429;0,0345;2;3,9;0,043;98,956;
IT0005274805;BTP 01/08/2027 2,05%;01/08/2027;EUR;GOV_IT;Italia;BBB+;Baa2;;1000;Senior;09/10/2026;LP;99,163;2189000;3;3,14;0,77;2,75;2,87;0,77;0,004;0,006;0,0205;2;2,8;0,0207;99,08;
IT0005321325;BTP 01/09/2038 2,95%;01/09/2038;EUR;GOV_IT;Italia;BBB+;Baa2;;1000;Senior;09/10/2026;LP;84,64;11890000;4;4,7;9,44;4,14;4,28;9,69;1,092;1,108;0,0295;2;3,9;0,0349;99,766;
IT0005323032;BTP 01/02/2028 2%;01/02/2028;EUR;GOV_IT;Italia;BBB+;Baa2;;1000;Senior;09/10/2026;LP;98,37;5053000;4;3,31;1,25;2,9;3,05;1,25;0,016;0,018;0,02;2;2,8;0,0203;99,55;
IT0005340929;BTP 01/12/2028 2,8%;01/12/2028;EUR;GOV_IT;Italia;BBB+;Baa2;;1000;Senior;09/10/2026;LP;98,63;12297000;4;3,5;2;3,06;3,14;2,01;0,098;0,102;0,028;2;6,12;0,0284;99,54;
IT0005358806;BTP 01/03/2035 3,35%;01/03/2035;EUR;GOV_IT;Italia;BBB+;Baa2;;1000;Senior;09/10/2026;LP;92,86;5725000;4;4,43;6,99;3,88;3,98;7,14;0,892;0,9;0,0335;2;3,9;0,0361;99,609;
IT0005363111;BTP 01/09/2049 3,85%;01/09/2049;EUR;GOV_IT;Italia;BBB+;Baa2;;1000;Senior;09/10/2026;LP;84,7;20229000;4;5,04;13,91;4,43;4,49;14,73;1,456;1,457;0,0385;2;3,9;0,0455;99,594;
IT0005365165;BTP 01/08/2029 3%;01/08/2029;EUR;GOV_IT;Italia;BBB+;Baa2;;1000;Senior;09/10/2026;LP;98,4;10936000;4;3,64;2,6;3,18;3,25;2,62;0,202;0,206;0,03;2;2,8;0,0305;101,85;
IT0005377152;BTP 01/03/2040 3,1%;01/03/2040;EUR;GOV_IT;Italia;BBB+;Baa2;;1000;Senior;09/10/2026;LP;83,91;2294000;4;4,79;10,26;4,23;4,35;10,57;1,166;1,185;0,031;2;3,9;0,0369;99,623;
IT0005383309;BTP 01/04/2030 1,35%;01/04/2030;EUR;GOV_IT;Italia;BBB+;Baa2;;1000;Senior;09/10/2026;LP;92,36;24410000;4;3,75;3,27;3,3;3,57;3,28;0,302;0,304;0,0135;2;4,10;0,0146;103,9;
IT0005387052;BTPi 15/05/2030 0,4%(senza indicizzazione);15/05/2030;EUR;GOV_IT;Italia;BBB+;Baa2;;1000;Senior;09/10/2026;LP;96,52;1746000;3;1,4;3,51;1,23;1,35;3,51;-2,05;-2,049;0,004;2;5,11;0,0041;99,632;
IT0005388175;BTP Italia 28/10/2027 0,65%(senza indicizzazione);28/10/2027;EUR;GOV_IT;Italia;BBB+;Baa2;;1000;Senior;09/10/2026;LP;101,21;2415000;4;-0,51;1,04;-0,59;-0,59;1,04;-3,739;-3,738;0,0065;2;4,10;0,0064;100;
IT0005390874;BTP 15/01/2027 0,85%;15/01/2027;EUR;GOV_IT;Italia;BBB+;Baa2;;1000;Senior;09/10/2026;LP;99,54;2833000;4;2,66;0,25;2,33;2,55;0,25;0,01;0,01;0,0085;2;1,7;0,0085;99,61;
IT0005398406;BTP 01/09/2050 2,45%;01/09/2050;EUR;GOV_IT;Italia;BBB+;Baa2;;1000;Senior;09/10/2026;LP;64,83;18117000;4;5,05;15,69;4,49;4,63;16,47;1,482;1,477;0,0245;2;3,9;0,0378;99,28;
IT0005399586;CASSA DEPOSITI E PRESTITI 11/02/2030 1%;11/02/2030;EUR;CDP;Cassa depositi e prestiti;;;;100000;Senior;09/10/2026;RP;92,63;0;0;3,37;3,16;2,97;3,23;3,17;-0,075;-0,074;0,01;1;2;0,0108;99,03;
IT0005402117;BTP 01/03/2036 1,45%;01/03/2036;EUR;GOV_IT;Italia;BBB+;Baa2;;1000;Senior;09/10/2026;LP;77,02;9332000;4;4,53;8,31;4,01;4,31;8,4;0,971;0,976;0,0145;2;3,9;0,0188;100;
IT0005403396;BTP 01/08/2030 0,95%;01/08/2030;EUR;GOV_IT;Italia;BBB+;Baa2;;1000;Senior;09/10/2026;LP;90,02;27714000;4;3,83;3,59;3,37;3,7;3,61;0,373;0,374;0,0095;2;2,8;0,0106;99,5;
IT0005413171;BTP 01/12/2030 1,65%;01/12/2030;EUR;GOV_IT;Italia;BBB+;Baa2;;1000;Senior;09/10/2026;LP;91,72;10160000;4;3,87;3,83;3,4;3,65;3,86;0,408;0,41;0,0165;2;6,12;0,018;100;
IT0005415291;BTP FUTURA 14/07/2030 STEP UP 1,15% - 1,45%;14/07/2030;EUR;GOV_IT;Italia;BBB+;Baa2;;1000;Senior;09/10/2026;LP;91,25;1106000;4;3,99;3,51;3,5;3,8;3,53;0,533;0,535;0,013;;1,7;0,0142;100;
IT0005416570;BTP 15/09/2027 0,95%;15/09/2027;EUR;GOV_IT;Italia;BBB+;Baa2;;1000;Senior;09/10/2026;LP;98,061;7414000;4;3,12;0,89;2,73;3;0,89;-0,076;-0,075;0,0095;2;3,9;0,0097;100,03;
IT0005421703;BTP 01/03/2041 1,8%;01/03/2041;EUR;GOV_IT;Italia;BBB+;Baa2;;1000;Senior;09/10/2026;LP;69,12;5726000;4;4,85;11,7;4,32;4,57;11,96;1,217;1,231;0,018;2;3,9;0,026;99,765;
IT0005422891;BTP 01/04/2031 0,90%;01/04/2031;EUR;GOV_IT;Italia;BBB+;Baa2;;1000;Senior;09/10/2026;LP;87,84;13669000;4;3,93;4,21;3,46;3,81;4,23;0,464;0,465;0,009;2;4,10;0,0102;100,13;
IT0005425233;BTP 01/09/2051 1,7%;01/09/2051;EUR;GOV_IT;Italia;BBB+;Baa2;;1000;Senior;09/10/2026;LP;53,49;48093000;4;5,04;17,34;4,53;4,72;18,06;1,494;1,487;0,017;2;3,9;0,0318;98,686;
IT0005425761;BTP FUTURA 17/11/2028 STEP UP 0,35% - 1%;17/11/2028;EUR;GOV_IT;Italia;BBB+;Baa2;;1000;Senior;09/10/2026;LP;94,75;2684000;4;3,64;2;3,19;3,51;2,01;0,236;0,238;0,006;;5,11;0,0063;100;
IT0005433195;BTP 01/03/2037 0,95%;01/03/2037;EUR;GOV_IT;Italia;BBB+;Baa2;;1000;Senior;09/10/2026;LP;70,48;12907000;4;4,6;9,35;4,1;4,45;9,43;1,025;1,029;0,0095;2;3,9;0,0135;99,409;
IT0005433690;BTP 15/03/2028 0,25%;15/03/2028;EUR;GOV_IT;Italia;BBB+;Baa2;;1000;Senior;09/10/2026;LP;95,8;6406000;4;3,33;1,37;2,91;3,29;1,37;0,01;0,01;0,0025;2;3,9;0,0026;99,62;
IT0005433849;MEDIOBANCA 26/02/2028 1,15% USD;26/02/2028;USD;MEDIOBANCA;Mediobanca;;;;2000;Senior;09/10/2026;LP;95,3;66000;1;4,76;1,3;3,53;4,45;1,31;1,457;1,459;0,0115;1;2;0,0121;100;
IT0005436693;BTP 01/08/2031 0,6%;01/08/2031;EUR;GOV_IT;Italia;BBB+;Baa2;;1000;Senior;09/10/2026;LP;85,62;24218000;4;3,95;4,55;3,48;3,87;4,56;0,483;0,484;0,006;2;2,8;0,007;99,97;
IT0005436701;BTPi 15/05/2051 0,15%(senza indicizzazione);15/05/2051;EUR;GOV_IT;Italia;BBB+;Baa2;;1000;Senior;09/10/2026;LP;53,85;918000;3;2,76;23,25;2,49;2,73;23,34;-0,79;-0,791;0,0015;2;5,11;0,0028;99,208;
IT0005436875;MEDIOBANCA 01/04/2028 STEP UP 1,40% - 2,40% USD;01/04/2028;USD;MEDIOBANCA;Mediobanca;;;;20000;Senior;09/10/2026;LP;95,07;140000;2;5,93;1,36;4,4;5,3;1,38;2,599;2,602;0,022;;4;0,0231;100;
IT0005438004;BTP Green 30/04/2045 1,5%;30/04/2045;EUR;GOV_IT;Italia;BBB+;Baa2;;1000;Senior;09/10/2026;LP;58,82;14117000;4;4,97;14,45;4,45;4,7;14,85;1,343;1,352;0,015;2;4,10;0,0255;99,168;
IT0005441883;BTP 01/03/2072 2,15%;01/03/2072;EUR;GOV_IT;Italia;BBB+;Baa2;;1000;Senior;09/10/2026;LP;52,88;24721000;4;4,71;21,45;4,19;4,27;23,36;1,495;1,354;0,0215;2;3,9;0,0407;99,467;
IT0005442097;BTP FUTURA 27/04/2037 STEP UP 0,75% - 2%;27/04/2037;EUR;GOV_IT;Italia;BBB+;Baa2;;1000;Senior;09/10/2026;LP;74,49;2255000;4;4,79;9,14;4,26;4,55;9,27;1,213;1,22;0,012;;4,10;0,0161;100;
IT0005445306;BTP 15/07/2028 0,50%;15/07/2028;EUR;GOV_IT;Italia;BBB+;Baa2;;1000;Senior;09/10/2026;LP;95,16;8867000;4;3,39;1,69;2,98;3,31;1,69;0,025;0,026;0,005;2;1,7;0,0053;98,69;
IT0005449969;BTP 01/12/2031 0,95%;01/12/2031;EUR;GOV_IT;Italia;BBB+;Baa2;;1000;Senior;09/10/2026;LP;86,11;14355000;4;4,01;4,8;3,53;3,87;4,82;0,531;0,533;0,0095;2;6,12;0,011;99,923;
IT0005450934;MEDIOBANCA 30/07/2031 STEP UP 1,35% - 3,30% USD;30/07/2031;USD;MEDIOBANCA;Mediobanca;;;;2000;Senior;09/10/2026;RP;91,03;0;1;5,05;4,31;3,77;4,25;4,4;1,578;1,582;0,025;;7;0,0275;100;
IT0005466013;BTP 01/06/2032 0,95%;01/06/2032;EUR;GOV_IT;Italia;BBB+;Baa2;;1000;Senior;09/10/2026;LP;84,59;10030000;4;4,08;5,25;3,6;3,93;5,28;0,593;0,595;0,0095;2;6,12;0,0112;99,07;
IT0005466351;BTP FUTURA 16/11/2033 STEP UP 0,75% - 1,7%;16/11/2033;EUR;GOV_IT;Italia;BBB+;Baa2;;1000;Senior;09/10/2026;LP;82,88;2464000;3;4,41;6,4;3,9;4,2;6,46;0,907;0,91;0,0135;0;5,11;0,0163;100;
IT0005467482;BTP 15/02/2029 0,45%;15/02/2029;EUR;GOV_IT;Italia;BBB+;Baa2;;1000;Senior;09/10/2026;LP;93,12;6416000;4;3,57;2,25;3,13;3,49;2,25;0,151;0,152;0,0045;2;2,8;0,0048;98,67;
IT0005467722;MEDIOBANCA 23/12/2029 2,05% USD;23/12/2029;USD;MEDIOBANCA;Mediobanca;;;;2000;Senior;09/10/2026;RP;90,7;0;1;5,29;2,91;3,95;4,72;2,96;1,838;1,841;0,0205;1;12;0,0226;100;
IT0005480980;BTP 01/09/2052 2,15%;01/09/2052;EUR;GOV_IT;Italia;BBB+;Baa2;;1000;Senior;09/10/2026;LP;58,8;6367000;4;5,07;16,85;4,53;4,68;17,7;1,538;1,524;0,0215;2;3,9;0,0366;99,987;
IT0005482994;BTPi 15/05/2033 0,1%(senza indicizzazione);15/05/2033;EUR;GOV_IT;Italia;BBB+;Baa2;;1000;Senior;09/10/2026;LP;88,59;2992000;3;1,96;6,44;1,73;1,95;6,44;-1,531;-1,531;0,001;2;5,11;0,0011;102,703;
IT0005484552;BTP 01/04/2027 1,10%;01/04/2027;EUR;GOV_IT;Italia;BBB+;Baa2;;1000;Senior;09/10/2026;LP;99,164;4208000;4;2,94;0,45;2,57;2,8;0,45;0,038;0,038;0,011;2;4,10;0,0111;100,15;
IT0005487134;MEDIOBANCA 13/04/2028 STEP UP 2% - 3,05% USD;13/04/2028;USD;MEDIOBANCA;Mediobanca;;;;2000;Senior;09/10/2026;RP;96,66;0;1;5,31;1,4;3,93;4,52;1,42;1,974;1,977;0,0275;;4;0,0285;100;
IT0005490955;MEDIOBANCA 29/04/2027 3% USD;29/04/2027;USD;MEDIOBANCA;Mediobanca;;;;2000;Senior;09/10/2026;LP;98,78;98000;2;5,32;0,52;3,94;4,53;0,52;2,345;2,345;0,03;1;4;0,0304;100;
IT0005493652;MEDIOBANCA 25/05/2028 2,1% EUR;25/05/2028;EUR;MEDIOBANCA;Mediobanca;;;;1000;Senior;09/10/2026;LP;97,28;396000;2;3,86;1,54;2,86;3,31;1,55;0,512;0,515;0,021;1;5;0,0216;100;
IT0005494239;BTP 01/12/2032 2,5%;01/12/2032;EUR;GOV_IT;Italia;BBB+;Baa2;;1000;Senior;09/10/2026;LP;91,4;9755000;4;4,14;5,42;3,64;3,78;5,5;0,651;0,655;0,025;2;6,12;0,0274;97,66;
IT0005495202;INTESA SANPAOLO 10/06/2027 2,64%;10/06/2027;EUR;INTESASP;Intesa Sanpaolo;;;;100000;Senior;09/10/2026;LP;99,5;200000;1;3,41;0,64;2,52;2,72;0,64;0,353;0,353;0,0264;1;6;0,0265;100;
IT0005495731;BTP 15/06/2029 2,8%;15/06/2029;EUR;GOV_IT;Italia;BBB+;Baa2;;1000;Senior;09/10/2026;LP;97,93;23719000;4;3,65;2,48;3,2;3,29;2,5;0,221;0,225;0,028;2;6,12;0,0286;102,73;
IT0005496770;BTP 01/03/2038 3,25%;01/03/2038;EUR;GOV_IT;Italia;BBB+;Baa2;;1000;Senior;09/10/2026;LP;87,89;8551000;4;4,69;9;4,12;4,24;9,24;1,087;1,103;0,0325;2;3,9;0,037;99,651;
IT0005497000;BTP Italia 28/06/2030 1,6%(senza indicizzazione);28/06/2030;EUR;GOV_IT;Italia;BBB+;Baa2;;1000;Senior;09/10/2026;LP;100,67;1717000;4;1,42;3,55;1,22;1,22;3,57;-2,036;-2,034;0,016;2;6,12;0,0159;100;
IT0005500068;BTP 01/12/2027 2,65%;01/12/2027;EUR;GOV_IT;Italia;BBB+;Baa2;;1000;Senior;09/10/2026;LP;99,34;13325000;4;3,27;1,08;2,86;2,93;1,09;0,016;0,018;0,0265;2;6,12;0,0267;99,62;
IT0005503393;KME GROUP 23/09/2027 5% CALLABLE;23/09/2027;EUR;KMEGROUP;KME Group S.p.A.;;;;1;Senior;09/10/2026;LP;99,76;109851;1;5,26;0,9;3,89;3,96;0,91;2,056;2,056;0,05;1;9;0,0501;100;
IT0005507832;MEDIOBANCA 28/09/2027 2,9%;28/09/2027;EUR;MEDIOBANCA;Mediobanca;;;;1000;Senior;09/10/2026;LP;99,32;423000;2;3,63;0,93;2,69;2,87;0,93;0,422;0,422;0,029;1;9;0,0292;100;
IT0005508590;BTP GREEN 30/04/2035 4%;30/04/2035;EUR;GOV_IT;Italia;BBB+;Baa2;;1000;Senior;09/10/2026;LP;97,28;6372000;4;4,43;6,86;3,88;3,91;7,05;0,896;0,906;0,04;2;4,10;0,0411;99,734;
IT0005517195;BTP Italia 22/11/2028 1,6%(senza indicizzazione);22/11/2028;EUR;GOV_IT;Italia;BBB+;Baa2;;1000;Senior;09/10/2026;LP;101,43;3573000;4;0,92;2,05;0,72;0,72;2,06;-2,482;-2,48;0,016;2;5,11;0,0158;100;
IT0005518128;BTP 01/05/2033 4,4%;01/05/2033;EUR;GOV_IT;Italia;BBB+;Baa2;;1000;Senior;09/10/2026;LP;101,27;47172000;4;4,22;5,43;3,67;3,67;5,55;0,725;0,732;0,044;2;5,11;0,0434;101,71;
IT0005519332;INTESA SANPAOLO 22/12/2026 4,08%;22/12/2026;EUR;INTESASP;Intesa Sanpaolo;;;;100000;Senior;09/10/2026;LP;100,21;300000;2;2,92;0,19;1,89;1,89;0,19;0,275;0,275;0,0408;1;12;0,0407;100;
IT0005519787;BTP 15/12/2029 3,85%;15/12/2029;EUR;GOV_IT;Italia;BBB+;Baa2;;1000;Senior;09/10/2026;LP;100,34;22233000;4;3,77;2,87;3,28;3,28;2,91;0,321;0,326;0,0385;2;6,12;0,0384;100,27;
IT0005520470;MEDIOBANCA 21/12/2027 3,4%;21/12/2027;EUR;MEDIOBANCA;Mediobanca;;;;1000;Senior;09/10/2026;LP;99,7;348000;2;3,65;1,12;2,71;2,77;1,13;0,386;0,389;0,034;1;12;0,0341;100;
IT0005521981;BTP 01/04/2028 3,4%;01/04/2028;EUR;GOV_IT;Italia;BBB+;Baa2;;1000;Senior;09/10/2026;LP;100,06;2585000;4;3,38;1,4;2,94;2,94;1,4;0,059;0,062;0,034;2;4,10;0,034;99,38;
IT0005530032;BTP 01/09/2043 4,45%;01/09/2043;EUR;GOV_IT;Italia;BBB+;Baa2;;1000;Senior;09/10/2026;LP;95,1;9853000;4;4,94;11,28;4,33;4,35;11,83;1,307;1,329;0,0445;2;3,9;0,0468;99,606;
IT0005532723;BTP Italia 14/03/2028 2%(senza indicizzazione);14/03/2028;EUR;GOV_IT;Italia;BBB+;Baa2;;1000;Senior;09/10/2026;LP;101,94;4856000;4;0,63;1,4;0,38;0,38;1,4;-2,688;-2,686;0,02;2;3,9;0,0196;100;
IT0005534141;BTP 01/10/2053 4,5%;01/10/2053;EUR;GOV_IT;Italia;BBB+;Baa2;;1000;Senior;09/10/2026;LP;91,79;42185000;4;5,13;14,6;4,49;4,51;15,64;1,612;1,581;0,045;2;4,10;0,049;99,559;
IT0005536435;MEDIOBANCA 13/04/2028 4,15%;13/04/2028;EUR;MEDIOBANCA;Mediobanca;;;;1000;Senior;09/10/2026;LP;100,05;20000;1;4,09;1,4;3,02;3,02;1,43;0,764;0,769;0,0415;1;4;0,0415;100;
IT0005542359;BTP GREEN BOND 30/10/2031 4%;30/10/2031;EUR;GOV_IT;Italia;BBB+;Baa2;;1000;Senior;09/10/2026;LP;100,22;10657000;4;3,99;4,36;3,48;3,48;4,44;0,517;0,522;0,04;2;4,10;0,0399;99,888;
IT0005542797;BTP 15/06/2030 3,7%;15/06/2030;EUR;GOV_IT;Italia;BBB+;Baa2;;1000;Senior;09/10/2026;LP;99,62;12710000;4;3,85;3,3;3,35;3,35;3,34;0,391;0,397;0,037;2;6,12;0,0371;98,26;
IT0005543803;BTPi 15/05/2029 1,5%(senza indicizzazione);15/05/2029;EUR;GOV_IT;Italia;BBB+;Baa2;;1000;Senior;09/10/2026;LP;100,69;5526000;2;1,23;2,5;1,02;1,02;2,51;-2,192;-2,19;0,015;2;5,11;0,0149;98,87;
IT0005544082;BTP 01/11/2033 4,35%;01/11/2033;EUR;GOV_IT;Italia;BBB+;Baa2;;1000;Senior;09/10/2026;LP;100,57;9060000;4;4,3;5,79;3,75;3,75;5,93;0,795;0,802;0,0435;2;5,11;0,0433;99,85;
IT0005545287;UNICREDIT 31/05/2028 3,7%;31/05/2028;EUR;UNICREDIT;UniCredit S.p.A;;;;1000;Senior;09/10/2026;LP;99,93;724000;2;3,73;1,54;2,76;2,77;1,56;0,38;0,385;0,037;1;5;0,037;100;
IT0005547408;BTP VALORE 1 13/06/2027 STEP UP 3,25% - 4%;13/06/2027;EUR;GOV_IT;Italia;BBB+;Baa2;;1000;Senior;09/10/2026;LP;100,466;4640000;4;3,31;0,63;2,81;2,81;0,64;0,255;0,257;0,04;2;6,12;0,0398;100;
IT0005547812;BTPi 15/05/2039 2,4%(senza indicizzazione);15/05/2039;EUR;GOV_IT;Italia;BBB+;Baa2;;1000;Senior;09/10/2026;LP;97,41;1094000;4;2,66;10,52;2,33;2,35;10,75;-0,955;-0,942;0,024;2;5,11;0,0246;99,674;
IT0005548315;BTP 01/08/2028 3,8%;01/08/2028;EUR;GOV_IT;Italia;BBB+;Baa2;;1000;Senior;09/10/2026;LP;100,6;1632000;4;3,48;1,69;3;3;1,7;0,11;0,115;0,038;2;2,8;0,0378;100,21;
IT0005552143;UNICREDITO 24/07/2027 4,05%;24/07/2027;EUR;UNICREDIT;UniCredit S.p.A;;;;150000;Senior;09/10/2026;LP;100,24;150000;1;3,71;0,75;2,67;2,67;0,76;0,587;0,587;0,0405;1;7;0,0404;100;
IT0005560948;BTP 01/03/2034 4,2%;01/03/2034;EUR;GOV_IT;Italia;BBB+;Baa2;;1000;Senior;09/10/2026;LP;99,4;12730000;4;4,34;6,12;3,8;3,81;6,26;0,83;0,839;0,042;2;3,9;0,0423;100;
IT0005561367;BANCA IFIS 13/09/2028 6,875%;13/09/2028;EUR;BANCAIFIS;Banca IFIS S.p.A.;;;;100000;Senior;09/10/2026;RP;100,78;0;1;6,42;1,74;4,65;4,65;1,79;3,031;3,037;0,06875;1;9;0,0682;100;
IT0005561888;BTP 15/11/2030 4%;15/11/2030;EUR;GOV_IT;Italia;BBB+;Baa2;;1000;Senior;09/10/2026;LP;100,46;13492000;4;3,91;3,61;3,39;3,39;3,67;0,451;0,456;0,04;2;5,11;0,0398;99;
IT0005565400;BTP VALORE 2 10/10/2028 STEP UP 4,10%-4,50%;10/10/2028;EUR;GOV_IT;Italia;BBB+;Baa2;;1000;Senior;09/10/2026;LP;101,7;3700000;4;3,66;1,85;3,09;3,09;1,87;0,269;0,275;0,045;0;1,4,7,10;0,0442;100;
IT0005566408;BTP 01/02/2029 4,1%;01/02/2029;EUR;GOV_IT;Italia;BBB+;Baa2;;1000;Senior;09/10/2026;LP;101,14;9518000;4;3,61;2,13;3,06;3,06;2,15;0,192;0,198;0,041;2;2,8;0,0405;98,77;
IT0005580045;BTP 15/02/2027 2,95%;15/02/2027;EUR;GOV_IT;Italia;BBB+;Baa2;;1000;Senior;09/10/2026;LP;100,02;1872000;3;2,88;0,33;2,5;2,5;0,33;0,117;0,117;0,0295;2;2,8;0,0295;99,82;
IT0005580094;BTP 15/02/2031 3,5%;15/02/2031;EUR;GOV_IT;Italia;BBB+;Baa2;;1000;Senior;09/10/2026;LP;98,35;19996000;4;3,95;3,89;3,46;3,5;3,94;0,486;0,491;0,035;2;2,8;0,0356;99,88;
IT0005582421;BTP 01/10/2039 4,15%;01/10/2039;EUR;GOV_IT;Italia;BBB+;Baa2;;1000;Senior;09/10/2026;LP;94,41;6627000;4;4,79;9,59;4,2;4,24;9,93;1,165;1,188;0,0415;2;4,10;0,044;99,68;
IT0005583486;BTP VALORE 3 05/03/2030 STEP UP 3,25% - 4%;05/03/2030;EUR;GOV_IT;Italia;BBB+;Baa2;;1000;Senior;09/10/2026;LP;99,95;4694000;4;3,99;3,06;3,48;3,48;3,1;0,533;0,539;0,0325;0;3,6,9,12;0,0325;100;
IT0005584849;BTP 01/07/2029 3,35%;01/07/2029;EUR;GOV_IT;Italia;BBB+;Baa2;;1000;Senior;09/10/2026;LP;99,27;17369000;4;3,67;2,5;3,21;3,24;2,53;0,236;0,24;0,0335;2;1,7;0,0337;99,82;
IT0005584856;BTP 01/07/2034 3,85%;01/07/2034;EUR;GOV_IT;Italia;BBB+;Baa2;;1000;Senior;09/10/2026;LP;96,88;7053000;4;4,38;6,38;3,83;3,88;6,52;0,858;0,866;0,0385;2;1,7;0,0397;99,8;
IT0005584864;INTESA SANPAOLO 28/03/2029 3,4%;28/03/2029;EUR;INTESASP;Intesa Sanpaolo;;;;100000;Senior;09/10/2026;LP;99;200000;1;3,83;2,27;2,84;2,94;2,31;0,406;0,411;0,034;1;3;0,0343;100;
IT0005585341;UNICREDIT 10/04/2028 3%;10/04/2028;EUR;UNICREDIT;UniCredit S.p.A;;;;10000;Senior;09/10/2026;LP;99,2;10000;1;3,55;1,41;2,63;2,77;1,43;0,217;0,221;0,03;1;4;0,0302;100;
IT0005585853;UNICREDIT 11/03/2037 4,6% CUMULATIVE CALLABLE;11/03/2037;EUR;UNICREDIT;UniCredit S.p.A;;;;10000;Senior;09/10/2026;RP;87,17;0;1;4,7;9,95;3,76;3,99;10,02;1,122;1,122;0,046;0;;0,0528;100;
IT0005588881;BTPi 15/05/2036 1,8%(senza indicizzazione);15/05/2036;EUR;GOV_IT;Italia;BBB+;Baa2;;1000;Senior;09/10/2026;LP;95,01;3050000;3;2,4;8,55;2,1;2,16;8,67;-1,158;-1,152;0,018;2;5,11;0,0189;99,763;
IT0005591844;INTESA SANPAOLO 12/04/2034 4,03%;12/04/2034;EUR;INTESASP;Intesa Sanpaolo;;;;100000;Senior;09/10/2026;RP;95,45;0;0;4,76;6,17;3,54;3,69;6,47;1,247;1,255;0,0403;1;4;0,0422;100;
IT0005594483;BTP VALORE 4 14/05/2030 STEP UP 3,35% - 3,90%;14/05/2030;EUR;GOV_IT;Italia;BBB+;Baa2;;1000;Senior;09/10/2026;LP;99,68;6049000;4;3,96;3,23;3,46;3,47;3,27;0,506;0,511;0,0335;0;2,5,8,11;0,0336;100;
IT0005595373;ALPERIA GREEN BOND 05/06/2029 4,75% CALLABLE;05/06/2029;EUR;ALPERIA;Alperia S.p.A.;;;;1000;Senior;09/10/2026;LP;101,15;54000;2;4,33;2,37;3,08;3,08;2,44;0,899;0,906;0,0475;2;6,12;0,047;100;
IT0005595803;BTP 15/07/2031 3,45%;15/07/2031;EUR;GOV_IT;Italia;BBB+;Baa2;;1000;Senior;09/10/2026;LP;97,83;11176000;4;3,99;4,22;3,5;3,55;4,28;0,525;0,53;0,0345;2;1,7;0,0353;99,74;
IT0005596470;BTP 30/10/2037 4,05% GREEN BOND;30/10/2037;EUR;GOV_IT;Italia;BBB+;Baa2;;1000;Senior;09/10/2026;LP;95,35;8915000;4;4,64;8,4;4,07;4,11;8,67;1,053;1,071;0,0405;2;4,10;0,0425;99,865;
IT0005596645;UNICREDIT 22/05/2034 5,35% USD;22/05/2034;USD;UNICREDIT;UniCredit S.p.A;;;;2000;Senior;09/10/2026;RP;94,32;0;1;6,31;5,9;4,7;4,87;6,28;2,79;2,802;0,0535;1;5;0,0567;100;
IT0005597874;KME GROUP 02/08/2029 5,75% CALLABLE;02/08/2029;EUR;KMEGROUP;KME Group S.p.A.;;;;1;Senior;09/10/2026;LP;100,62;291055;2;5,5;2,51;4,01;4,01;2,58;2,057;2,064;0,0575;1;8;0,0571;100;
IT0005599904;BTP 15/07/2027 3,45% ;15/07/2027;EUR;GOV_IT;Italia;BBB+;Baa2;;1000;Senior;09/10/2026;LP;100,211;1122000;3;3,19;0,72;2,76;2,76;0,73;0,081;0,083;0,0345;2;1,7;0,0344;100,04;
IT0005603284;CASSA DEPOSITI E PRESTITI 12/07/2031 3,875%;12/07/2031;EUR;CDP;Cassa depositi e prestiti;;;;100000;Senior;09/10/2026;RP;99,06;0;0;4,09;4,21;3,03;3,06;4,34;0,624;0,628;0,03875;1;7;0,0391;99,244;
IT0005606782;MEDIOBANCA 11/09/2029 4,5% USD;11/09/2029;USD;MEDIOBANCA;Mediobanca;;;;2000;Senior;09/10/2026;LP;97,02;12000;1;5,63;2,63;4,18;4,44;2,7;2,192;2,197;0,045;1;9;0,0464;100;
IT0005607970;BTP 01/02/2035 3,85% ;01/02/2035;EUR;GOV_IT;Italia;BBB+;Baa2;;1000;Senior;09/10/2026;LP;96,25;9520000;4;4,44;6,8;3,89;3,94;6,97;0,908;0,918;0,0385;2;2,8;0,04;101,04;
IT0005611055;BTP 01/10/2029 3% ;01/10/2029;EUR;GOV_IT;Italia;BBB+;Baa2;;1000;Senior;09/10/2026;LP;98,1;24987000;4;3,72;2,75;3,25;3,32;2,78;0,273;0,277;0,03;2;4,10;0,0306;99,74;
IT0005611741;BTP 01/10/2054 4,3% ;01/10/2054;EUR;GOV_IT;Italia;BBB+;Baa2;;1000;Senior;09/10/2026;LP;88,46;69381000;4;5,14;14,97;4,51;4,54;16,06;1,643;1,606;0,043;2;4,10;0,0486;99,789;
IT0005615114;MEDIOBANCA 13/11/2030 4,25% USD;13/11/2030;USD;MEDIOBANCA;Mediobanca;;;;2000;Senior;09/10/2026;RP;96,37;0;1;5,26;3,5;3,9;4,13;3,63;1,795;1,8;0,0425;1;11;0,0441;100;
IT0005619546;BTP 15/11/2031 3,15% ;15/11/2031;EUR;GOV_IT;Italia;BBB+;Baa2;;1000;Senior;09/10/2026;LP;96,15;34528000;4;4,03;4,49;3,53;3,62;4,56;0,558;0,563;0,0315;2;5,11;0,0328;99,831;
IT0005620346;MEDIOBANCA 16/12/2030 4,35% USD;16/12/2030;USD;MEDIOBANCA;Mediobanca;;;;2000;Senior;09/10/2026;LP;95,1;4000;1;5,7;3,56;4,24;4,53;3,7;2,232;2,238;0,0435;1;12;0,0457;100;
IT0005621369;INTESA SAN PAOLO 15/11/2029 3,1% ;15/11/2029;EUR;INTESASP;Intesa Sanpaolo;;;;100000;Senior;09/10/2026;RP;97,21;0;0;4,08;2,8;3,02;3,26;2,86;0,632;0,636;0,031;1;11;0,0319;100;
IT0005622128;BTP 15/10/2027 2,7% ;15/10/2027;EUR;GOV_IT;Italia;BBB+;Baa2;;1000;Senior;09/10/2026;LP;99,5;6770000;4;3,24;0,95;2,83;2,89;0,96;0,013;0,015;0,027;2;4,10;0,0271;99,96;
IT0005631590;BTP 01/08/2035 3,65% ;01/08/2035;EUR;GOV_IT;Italia;BBB+;Baa2;;1000;Senior;09/10/2026;LP;94,25;5151000;4;4,5;7,18;3,94;4,01;7,36;0,953;0,963;0,0365;2;2,8;0,0387;99,577;
IT0005631608;BTP GREEN BOND 30/04/2046 4,1% ;30/04/2046;EUR;GOV_IT;Italia;BBB+;Baa2;;1000;Senior;09/10/2026;LP;89,45;14598000;4;5,01;12,36;4,4;4,44;13,03;1,39;1,405;0,041;2;4,10;0,0458;99,465;
IT0005633794;BTP 25/02/2027 2,55% ;25/02/2027;EUR;GOV_IT;Italia;BBB+;Baa2;;1000;Senior;09/10/2026;LP;99,861;1853000;3;2,93;0,36;2,56;2,6;0,36;0,128;0,128;0,0255;2;2,8;0,0255;99,91;
IT0005634800;BTP PIU' 25/02/2033 STEP UP 2,85% - 3,7%;25/02/2033;EUR;GOV_IT;Italia;BBB+;Baa2;;1000;Senior;09/10/2026;LP;94,75;3372000;4;4,37;5,51;3,83;3,93;5,61;0,877;0,883;0,0285;0;2,5,8,11;0,0301;100;
IT0005635583;BTP 01/10/2040 3,85%;01/10/2040;EUR;GOV_IT;Italia;BBB+;Baa2;;1000;Senior;09/10/2026;LP;90,6;7755000;4;4,84;10,24;4,25;4,31;10,62;1,203;1,227;0,0385;2;4,10;0,0425;99,375;
IT0005635963;INTESA SAN PAOLO 21/02/2027 2,52%;21/02/2027;EUR;INTESASP;Intesa Sanpaolo;;;;100000;Senior;09/10/2026;RP;99,76;0;0;3,18;0,35;2,35;2,53;0,35;0,393;0,393;0,0252;1;2;0,0253;100;
IT0005637399;BTP 01/07/2030 2,95%;01/07/2030;EUR;GOV_IT;Italia;BBB+;Baa2;;1000;Senior;09/10/2026;LP;97,01;17627000;4;3,86;3,38;3,38;3,48;3,42;0,401;0,405;0,0295;2;1,7;0,0304;100,2;
IT0005638371;UNICREDIT 10/03/2038 4,5% Cumulative Callable;10/03/2038;EUR;UNICREDIT;UniCredit S.p.A;;;;1000;Senior;09/10/2026;RP;87,8;0;1;4,59;10,91;3,65;3,85;10,99;0,995;0,995;0,045;0;;0,0513;100;
IT0005641029;BTP 15/06/2028 2,65%;15/06/2028;EUR;GOV_IT;Italia;BBB+;Baa2;;1000;Senior;09/10/2026;LP;98,76;18061000;4;3,45;1,58;3,01;3,1;1,59;0,089;0,093;0,0265;2;6,12;0,0268;99,69;
IT0005647265;BTP 15/07/2032 3,25%;15/07/2032;EUR;GOV_IT;Italia;BBB+;Baa2;;1000;Senior;09/10/2026;LP;95,65;14221000;4;4,15;5,03;3,63;3,72;5,11;0,664;0,669;0,0325;2;1,7;0,034;99,974;
IT0005647273;BTPi 15/05/2056  2,55%(senza indicizzazione);15/05/2056;EUR;GOV_IT;Italia;BBB+;Baa2;;3000;Senior;09/10/2026;LP;91,22;299000;3;3,02;19,65;2,65;2,68;20,62;-0,449;-0,48;0,0255;2;5,11;0,028;99,268;
IT0005648149;BTP 01/10/2035 3,6%;01/10/2035;EUR;GOV_IT;Italia;BBB+;Baa2;;1000;Senior;09/10/2026;LP;93,64;21039000;4;4,52;7,35;3,96;4,04;7,52;0,972;0,982;0,036;2;4,10;0,0384;100,09;
IT0005648255;BTP Italia 04/06/2032 1,85%(senza indicizzazione);04/06/2032;EUR;GOV_IT;Italia;BBB+;Baa2;;1000;Senior;09/10/2026;LP;100,85;3609000;4;1,7;5,26;1,47;1,47;5,31;-1,782;-1,78;0,0185;2;6,12;0,0183;100;
IT0005654642;BTP 01/10/2030 2,7%;01/10/2030;EUR;GOV_IT;Italia;BBB+;Baa2;;1000;Senior;09/10/2026;LP;95,99;15994000;4;3,83;3,64;3,36;3,48;3,68;0,373;0,377;0,027;2;4,10;0,0281;99,761;
IT0005657330;BTP 26/08/2027 2,1%;26/08/2027;EUR;GOV_IT;Italia;BBB+;Baa2;;1000;Senior;09/10/2026;LP;99,085;4774000;4;3,2;0,84;2,8;2,93;0,84;0,03;0,031;0,021;2;2,8;0,0212;99,99;
IT0005657348;BTPi 15/08/2031 1,1%(senza indicizzazione);15/08/2031;EUR;GOV_IT;Italia;BBB+;Baa2;;1000;Senior;09/10/2026;LP;97,72;1100000;3;1,6;4,64;1,4;1,45;4,66;-1,871;-1,87;0,011;0;2,8;0,0113;99,38;
IT0005660052;BTP 15/01/2029 2,35%;15/01/2029;EUR;GOV_IT;Italia;BBB+;Baa2;;1000;Senior;09/10/2026;LP;97,42;11595000;4;3,58;2,12;3,13;3,26;2,14;0,167;0,17;0,0235;2;1,7;0,0241;99,66;
IT0005667982;UNICREDIT 09/09/2030 2,8%;09/09/2030;EUR;UNICREDIT;UniCredit S.p.A;;;;100000;Senior;09/10/2026;RP;94,92;0;0;4,24;3,59;3,15;3,48;3,66;0,777;0,78;0,028;1;9;0,0295;100;
IT0005668220;BTP 15/11/2032 3,25%;15/11/2032;EUR;GOV_IT;Italia;BBB+;Baa2;;1000;Senior;09/10/2026;LP;95,29;7434000;4;4,17;5,26;3,66;3,74;5,35;0,685;0,69;0,0325;2;5,11;0,0341;99,667;
IT0005668238;BTP 01/10/2055 4,65%;01/10/2055;EUR;GOV_IT;Italia;BBB+;Baa2;;1000;Senior;09/10/2026;LP;93,18;36376000;4;5,17;14,93;4,53;4,54;16,07;1,686;1,64;0,0465;2;4,10;0,0499;99,56;
IT0005671273;BTP 01/02/2031 2,85%;01/02/2031;EUR;GOV_IT;Italia;BBB+;Baa2;;1000;Senior;09/10/2026;LP;95,92;4458000;4;3,92;3,9;3,44;3,55;3,94;0,459;0,463;0,0285;0;2,8;0,0297;99,66;
IT0005672024;BTP VALORE 6 28/10/2032 STEP UP 2,6% - 4%;28/10/2032;EUR;GOV_IT;Italia;BBB+;Baa2;;1000;Senior;09/10/2026;LP;95,17;3450000;4;4,16;5,3;3,65;3,74;5,38;0,672;0,676;0,026;0;1,4,7,10;0,0273;100;
IT0005675597;CASSA DEPOSITI E PRESTITI 27/10/2035 3,5%;27/10/2035;EUR;CDP;Cassa depositi e prestiti;;;;100000;Senior;09/10/2026;RP;91,27;0;0;4,71;7,22;3,52;3,73;7,62;1,159;1,17;0,035;1;10;0,0383;99,222;
IT0005676504;BTP 01/02/2036 3,45%;01/02/2036;EUR;GOV_IT;Italia;BBB+;Baa2;;1000;Senior;09/10/2026;LP;92,2;9476000;4;4,53;7,57;3,98;4,07;7,76;0,98;0,991;0,0345;0;2,8;0,0374;100,19;
IT0005678492;BOT 13/11/2026 ZC;13/11/2026;EUR;GOV_IT;Italia;BBB+;Baa2;;1000;Senior;09/10/2026;LP;99,791;2078000;3;2,49;0,08;2,18;2,23;0,08;-0,149;-0,149;0;0;;0;97,957;
IT0005678518;INTESA SAN PAOLO 18/11/2029 2,67%;18/11/2029;EUR;INTESASP;Intesa Sanpaolo;;;;100000;Senior;09/10/2026;RP;95,95;0;0;4,09;2,83;3,03;3,37;2,88;0,64;0,644;0,0267;1;11;0,0278;100;
IT0005684888;BOT 14/12/2026 ZC;14/12/2026;EUR;GOV_IT;Italia;BBB+;Baa2;;1000;Senior;09/10/2026;LP;99,573;6387000;4;2,55;0,17;2,23;2,27;0,17;-0,091;-0,091;0;0;;0;97,825;
IT0005689861;UNICREDIT 14/01/2051 7,25% Cumulative Callable;14/01/2051;EUR;UNICREDIT;UniCredit S.p.A;;;;1000;Senior;09/10/2026;LP;98,76;35000;1;4,18;23,3;3,45;3,45;23,46;0,621;0,621;0,0725;0;;0,0734;100;
IT0005689887;BOT 14/01/2027 ZC;14/01/2027;EUR;GOV_IT;Italia;BBB+;Baa2;;1000;Senior;09/10/2026;LP;99,323;1362000;4;2,7;0,25;2,36;2,43;0,25;0,053;0,053;0;0;;0;97,904;
IT0005689895;UNICREDIT 13/01/2030 2,75%;13/01/2030;EUR;UNICREDIT;UniCredit S.p.A;;;;150000;Senior;09/10/2026;RP;95,39;0;0;4,33;2,98;3,21;3,58;3,04;0,877;0,881;0,0275;2;1,7;0,0288;100;
IT0005689960;BTP 15/03/2029 2,4%;15/03/2029;EUR;GOV_IT;Italia;BBB+;Baa2;;1000;Senior;09/10/2026;LP;97,27;10274000;4;3,62;2,28;3,17;3,31;2,29;0,203;0,207;0,024;0;3,9;0,0247;99,82;
IT0005689994;BTP 15/03/2033 3,15%;15/03/2033;EUR;GOV_IT;Italia;BBB+;Baa2;;1000;Senior;09/10/2026;LP;94,23;28728000;4;4,23;5,59;3,71;3,81;5,68;0,734;0,74;0,0315;0;3,9;0,0334;99,901;
IT0005692410;BTP 28/02/2028 2,2%;28/02/2028;EUR;GOV_IT;Italia;BBB+;Baa2;;1000;Senior;09/10/2026;LP;98,46;1787000;4;3,38;1,32;2,95;3,09;1,32;0,067;0,07;0,022;0;2,8;0,0223;99,91;
IT0005694630;BTP 01/10/2041 3,95%;01/10/2041;EUR;GOV_IT;Italia;BBB+;Baa2;;1000;Senior;09/10/2026;LP;90,52;7808000;4;4,91;10,69;4,31;4,37;11,12;1,267;1,291;0,0395;0;4,10;0,0436;99,99;
IT0005695256;BOT 12/02/2027 ZC;12/02/2027;EUR;GOV_IT;Italia;BBB+;Baa2;;1000;Senior;09/10/2026;LP;99,082;7408000;4;2,8;0,33;2,44;2,53;0,33;0,045;0,045;0;0;;0;97,952;
IT0005696338;BTP VALORE 7 10/03/2032 STEP UP 2,60% - 3,80%;10/03/2032;EUR;GOV_IT;Italia;BBB+;Baa2;;1000;Senior;09/10/2026;LP;95,5;1720000;4;4,24;4,79;3,71;3,81;4,86;0,759;0,763;0,026;0;3,6,9,12;0,0272;100;
IT0005698458;UNICREDIT 09/03/2046 6% Cumulative Callable;09/03/2046;EUR;UNICREDIT;UniCredit S.p.A;;;;1000;Senior;09/10/2026;RP;95,95;0;1;4,17;18,64;3,38;3,41;18,78;0,553;0,553;0,06;0;;0,0625;100;
IT0005699340;BOT 12/03/2027 ZC;12/03/2027;EUR;GOV_IT;Italia;BBB+;Baa2;;1000;Senior;09/10/2026;LP;98,866;6231000;4;2,81;0,4;2,46;2,51;0,4;-0,034;-0,034;0;0;;0;97,658;
IT0005704447;BOT 14/04/2027 ZC;14/04/2027;EUR;GOV_IT;Italia;BBB+;Baa2;;1000;Senior;09/10/2026;LP;98,564;2153000;4;2,93;0,49;2,55;2,59;0,49;-0,011;-0,011;0;0;;0;97,428;
IT0005704868;BTP 15/06/2033 3,3%;15/06/2033;EUR;GOV_IT;Italia;BBB+;Baa2;;1000;Senior;09/10/2026;LP;94,69;23430000;4;4,27;5,71;3,74;3,81;5,82;0,767;0,772;0,033;0;6,12;0,0349;98,86;
IT0005706285;BTP 01/07/2036 3,8%;01/07/2036;EUR;GOV_IT;Italia;BBB+;Baa2;;1000;Senior;09/10/2026;LP;94,27;5804000;4;4,59;7,72;4,02;4,08;7,93;1,025;1,038;0,038;0;1,7;0,0403;99,731;
IT0005706293;BTPi 15/02/2046 2,25%(senza indicizzazione);15/02/2046;EUR;GOV_IT;Italia;BBB+;Baa2;;1000;Senior;09/10/2026;LP;90,85;2143000;3;2,89;15,08;2,54;2,59;15,53;-0,729;-0,721;0,0225;2;2,8;0,0248;99,459;
IT0005707614;BTP 01/06/2031 3,15%;01/06/2031;EUR;GOV_IT;Italia;BBB+;Baa2;;1000;Senior;09/10/2026;LP;96,62;6534000;4;3,99;4,13;3,5;3,57;4,18;0,526;0,53;0,0315;0;6,12;0,0326;99,34;
IT0005709289;BOT 14/05/2027 ZC;14/05/2027;EUR;GOV_IT;Italia;BBB+;Baa2;;1000;Senior;09/10/2026;LP;98,309;1117000;4;2,97;0,57;2,59;2,62;0,57;-0,035;-0,035;0;0;;0;97,336;
IT0005711111;MEDIOBANCA 03/06/2029 3,2%;03/06/2029;EUR;MEDIOBANCA;Mediobanca;;;;1000;Senior;09/10/2026;RP;97,69;0;0;4,19;2,43;3,1;3,33;2,48;0,764;0,768;0,032;4;3,6,9,12;0,0328;100;
IT0005711749;BOT 30/11/2026 ZC;30/11/2026;EUR;GOV_IT;Italia;BBB+;Baa2;;1000;Senior;09/10/2026;LP;99,659;469000;3;2,63;0,13;2,3;2,32;0,13;-0,011;-0,011;0;0;;0;98,776;
IT0005713042;CASSA DEPOSITI E PRESTITI 03/06/2031 3,25%;03/06/2031;EUR;CDP;Cassa depositi e prestiti;;;;100000;Senior;09/10/2026;RP;96,22;0;0;4,16;4,15;3,09;3,28;4,26;0,69;0,695;0,0325;1;6;0,0338;99,691;
IT0005713547;BTP Italia Si 23/06/2031 1,6%(senza indicizzazione);23/06/2031;EUR;GOV_IT;Italia;BBB+;Baa2;;1000;Senior;09/10/2026;LP;99,86;5062000;4;1,64;4,45;1,43;1,44;4,48;-1,83;-1,828;0,016;2;6,12;0,016;100;
IT0005716714;BOT 14/06/2027 ZC;14/06/2027;EUR;GOV_IT;Italia;BBB+;Baa2;;1000;Senior;09/10/2026;LP;98,001;2231000;3;3,07;0,65;2,68;2,72;0,65;0,006;0,006;0;0;;0;97,326;
IT0005716839;BTP 15/09/2029 3%;15/09/2029;EUR;GOV_IT;Italia;BBB+;Baa2;;1000;Senior;09/10/2026;LP;98,1;15690000;4;3,72;2,71;3,26;3,34;2,74;0,284;0,288;0,03;0;3,9;0,0306;99,96;
IT0005719536;BOT 31/12/2026 ZC;31/12/2026;EUR;GOV_IT;Italia;BBB+;Baa2;;1000;Senior;09/10/2026;LP;99,426;6793000;4;2,7;0,21;2,35;2,38;0,21;0,053;0,053;0;0;;0;98,749;
IT0005722514;BOT 14/07/2027 ZC;14/07/2027;EUR;GOV_IT;Italia;BBB+;Baa2;;1000;Senior;09/10/2026;LP;97,765;5962000;4;3,06;0,73;2,67;2,71;0,73;-0,055;-0,055;0;0;;0;97,345;
IT0005722845;BTP 15/09/2033 3,35%;15/09/2033;EUR;GOV_IT;Italia;BBB+;Baa2;;1000;Senior;09/10/2026;LP;94,59;46166000;4;4,31;5,94;3,77;3,85;6,05;0,802;0,808;0,0335;0;3,9;0,0354;99,22;
IT0005725160;BTPi 15/02/2037 2%(senza indicizzazione);15/02/2037;EUR;GOV_IT;Italia;BBB+;Baa2;;1000;Senior;09/10/2026;LP;95,6;590000;4;2,5;9,11;2,19;2,24;9,25;-1,074;-1,067;0,02;0;2,8;0,0209;99,74;
IT0005725236;BOT 29/01/2027 ZC;29/01/2027;EUR;GOV_IT;Italia;BBB+;Baa2;;1000;Senior;09/10/2026;LP;99,181;1759000;3;2,82;0,29;2,46;2,49;0,29;0,116;0,116;0;0;;0;98,719;
IT0005729220;BOT 13/08/2027 ZC;13/08/2027;EUR;GOV_IT;Italia;BBB+;Baa2;;1000;Senior;09/10/2026;LP;97,46;2632000;4;3,14;0,81;2,74;2,78;0,81;-0,019;-0,019;0;0;;0;97,277;
IT0005729733;BTP 30/10/2028 3%;30/10/2028;EUR;GOV_IT;Italia;BBB+;Baa2;;1000;Senior;09/10/2026;LP;99,05;9573000;4;3,51;1,93;3,07;3,13;1,94;0,119;0,123;0,03;0;4,10;0,0303;100,01;
IT0005729931;BTP 01/10/2036 4%;01/10/2036;EUR;GOV_IT;Italia;BBB+;Baa2;;1000;Senior;09/10/2026;LP;95,64;20852000;4;4,6;7,9;4,03;4,07;8,12;1,033;1,047;0,04;0;4,10;0,0418;99,56;
IT0005730681;BOT 14/09/2027 ZC;14/09/2027;EUR;GOV_IT;Italia;BBB+;Baa2;;1000;Senior;09/10/2026;LP;97,217;20190000;4;3,11;0,89;2,71;2,73;0,9;-0,081;-0,081;0;0;;0;97,08;
IT0005733099;BTP GREEN BOND 30/10/2038 4,4%;30/10/2038;EUR;GOV_IT;Italia;BBB+;Baa2;;1000;Senior;09/10/2026;LP;97,48;23502000;4;4,73;9;4,14;4,16;9,31;1,12;1,143;0,044;0;4,10;0,0451;99,591;
IT0005733115;BOT 31/03/2027 ZC;31/03/2027;EUR;GOV_IT;Italia;BBB+;Baa2;;1000;Senior;09/10/2026;LP;98,675;1041000;4;2,92;0,45;2,55;2,55;0,45;0,019;0,019;0;0;;0;98,568;
IT0005733636;BTP 01/02/2032 3,95%;01/02/2032;EUR;GOV_IT;Italia;BBB+;Baa2;;1000;Senior;09/10/2026;LP;99,8;13269000;4;4,03;4,64;3,52;3,52;4,72;0,554;0,559;0,0395;0;2,8;0,0396;99,58;
IT0006526609;BEI 22/01/2029 ZC;22/01/2029;EUR;SOV_BEI;European Investment Bank;AAA;;;1000;Senior;09/10/2026;LP;201,39;30000;1;3,96;2,19;3,69;3,69;2,2;0,546;0,546;0;;;0;100;
IT0006527300;BEI 26/02/2029 ZC;26/02/2029;EUR;SOV_BEI;European Investment Bank;AAA;;;1000;Senior;09/10/2026;RP;184,51;0;1;3,46;2,3;3,22;3,36;2,3;0,039;0,039;0;;;0;100;
IT0006768151;CARRARO 17/04/2030 5,25% CALLABLE;17/04/2030;EUR;CARRARO;Carraro S.p.A.;;;;1000;Senior;09/10/2026;LP;101;170000;2;5;3,02;3,61;3,61;3,14;1,544;1,551;0,0525;2;4,10;0,052;100;
NL0000102234;OLANDA 15/01/2037 4%;15/01/2037;EUR;GOV_NL;Paesi Bassi;AAA;Aaa;;1000;Senior;09/10/2026;LP;103,25;32000;1;3,61;8,11;3,12;3,12;8,35;0,04;0,055;0,04;1;1;0,0387;98,728;
NL0000102317;OLANDA 15/01/2028 5,5%;15/01/2028;EUR;GOV_NL;Paesi Bassi;AAA;Aaa;;1000;Senior;09/10/2026;LP;103;10000;1;3,02;1,17;2,35;2,35;1,18;-0,263;-0,256;0,055;1;1;0,0534;100,27;
NL0009446418;OLANDA 15/01/2042 3,75%;15/01/2042;EUR;GOV_NL;Paesi Bassi;AAA;Aaa;;1000;Senior;09/10/2026;LP;99,05;30000;2;3,83;11,13;3,36;3,36;11,55;0,193;0,215;0,0375;1;1;0,0379;99,05;
NL0010071189;OLANDA 15/01/2033 2,5%;15/01/2033;EUR;GOV_NL;Paesi Bassi;AAA;Aaa;;1000;Senior;09/10/2026;LP;95;7712;1;3,4;5,56;2,99;3,07;5,63;-0,093;-0,088;0,025;1;1;0,0263;96,29;
NL0010721999;OLANDA 15/01/2047 2,75%;15/01/2047;EUR;GOV_NL;Paesi Bassi;AAA;Aaa;;1000;Senior;09/10/2026;RP;84,37;0;1;3,88;14,41;3,42;3,49;14,99;0,262;0,271;0,0275;1;1;0,0326;99,64;
NL0012171458;OLANDA 15/07/2027 0,75%;15/07/2027;EUR;GOV_NL;Paesi Bassi;AAA;Aaa;;1000;Senior;09/10/2026;LP;98,53;200000;1;2,75;0,73;2,4;2,65;0,73;-0,368;-0,368;0,0075;1;7;0,0076;100,43;
NL0012818504;OLANDA 15/07/2028 0,75%;15/07/2028;EUR;GOV_NL;Paesi Bassi;AAA;Aaa;;1000;Senior;09/10/2026;LP;95,98;1255000;2;3,14;1,69;2,75;3,04;1,7;-0,228;-0,227;0,0075;1;7;0,0078;99,6;
NL0013332430;OLANDA 15/07/2029 0,25%;15/07/2029;EUR;GOV_NL;Paesi Bassi;AAA;Aaa;;1000;Senior;09/10/2026;LP;92,36;10000;2;3,19;2,66;2,8;3,15;2,66;-0,242;-0,242;0,0025;1;7;0,0027;98,9;
NL0013552060;OLANDA GREEN BOND 15/01/2040 0,5%;15/01/2040;EUR;GOV_NL;Paesi Bassi;AAA;Aaa;;1000;Senior;09/10/2026;LP;66,15;12854;1;3,8;12,21;3,39;3,71;12,28;0,171;0,175;0,005;1;1;0,0076;98,89;
NL0014555419;OLANDA 15/07/2030 0%;15/07/2030;EUR;GOV_NL;Paesi Bassi;AAA;Aaa;;1000;Senior;09/10/2026;LP;88,72;3000;1;3,24;3,64;2,85;3,24;3,64;-0,217;-0,217;0;1;7;0;104,92;
NL00150006U0;OLANDA 15/07/2031 0%;15/07/2031;EUR;GOV_NL;Paesi Bassi;AAA;Aaa;;1000;Senior;09/10/2026;LP;85,79;24000;1;3,28;4,61;2,89;3,28;4,61;-0,193;-0,193;0;1;7;0;103,35;
NL0015000B11;OLANDA 15/01/2038 0%;15/01/2038;EUR;GOV_NL;Paesi Bassi;AAA;Aaa;;1000;Senior;09/10/2026;RP;66,33;0;2;3,71;10,86;3,32;3,7;10,86;0,119;0,119;0;1;1;0;96,9;
NL0015000LS8;OLANDA 15/01/2029 0%;15/01/2029;EUR;GOV_NL;Paesi Bassi;AAA;Aaa;;1000;Senior;09/10/2026;LP;93,22;178414;2;3,16;2,19;2,77;3,16;2,19;-0,251;-0,251;0;1;1;0;101,85;
NL0015000RP1;OLANDA 15/07/2032 0,5%;15/07/2032;EUR;GOV_NL;Paesi Bassi;AAA;Aaa;;1000;Senior;09/10/2026;LP;85,54;21466;1;3,3;5,49;2,91;3,22;5,51;-0,184;-0,183;0,005;1;7;0,0058;99,28;
NL00150012X2;OLANDA 15/01/2054 2%;15/01/2054;EUR;GOV_NL;Paesi Bassi;AAA;Aaa;;1000;Senior;09/10/2026;LP;69,19;3100000;2;3,84;18,68;3,42;3,51;19,5;0,335;0,317;0,02;1;1;0,0289;92,79;
NL0015001AM2;OLANDA 15/07/2033 2,5%;15/07/2033;EUR;GOV_NL;Paesi Bassi;AAA;Aaa;;1000;Senior;09/10/2026;LP;94,67;5000;2;3,4;6,04;2,98;3,06;6,12;-0,105;-0,101;0,025;1;7;0,0264;98,6;
NL0015001DQ7;OLANDA 15/01/2030 2,5%;15/01/2030;EUR;GOV_NL;Paesi Bassi;AAA;Aaa;;1000;Senior;09/10/2026;LP;97,55;43000;2;3,3;3,01;2,89;2,98;3,04;-0,146;-0,142;0,025;1;1;0,0256;99,62;
NL0015001RG8;OLANDA GREEN BOND 15/01/2044 3,25% ;15/01/2044;EUR;GOV_NL;Paesi Bassi;AAA;Aaa;;1;Senior;09/10/2026;LP;93,04;2000;2;3,81;12,51;3,34;3,38;12,99;0,178;0,193;0,0325;1;1;0,0349;98,63;
NL0015001XZ6;OLANDA 15/07/2034 2,5% ;15/07/2034;EUR;GOV_NL;Paesi Bassi;AAA;Aaa;;1;Senior;09/10/2026;RP;93,47;0;2;3,47;6,84;3,05;3,13;6,94;-0,046;-0,04;0,025;1;7;0,0267;98,41;
NL0015002F72;OLANDA 15/07/2035 2,5%;15/07/2035;EUR;GOV_NL;Paesi Bassi;AAA;Aaa;;1;Senior;09/10/2026;LP;92,34;5017500;2;3,53;7,61;3,1;3,18;7,74;-0,01;-0,003;0,025;1;7;0,0271;97,96;
NL0015031501;OLANDA 15/01/2027 0%;15/01/2027;EUR;GOV_NL;Paesi Bassi;AAA;Aaa;;1000;Senior;09/10/2026;LP;99,3;3000;2;2,77;0,25;2,42;2,77;0,25;0,113;0,113;0;1;1;0;102,57;
NL0015073TQ2;OLANDA 15/01/2031 2,5%;15/01/2031;EUR;GOV_NL;Paesi Bassi;AAA;Aaa;;1;Senior;09/10/2026;RP;96,82;0;2;3,31;3,89;2,9;2,99;3,93;-0,153;-0,149;0,025;1;1;0,0258;99,88;
NL0015073VV8;OLANDA 15/07/2036 2,75%;15/07/2036;EUR;GOV_NL;Paesi Bassi;AAA;Aaa;;1;Senior;09/10/2026;LP;93,32;150000;2;3,57;8,29;3,14;3,19;8,45;0,009;0,019;0,0275;0;7;0,0295;98,2;
NL0015614579;OLANDA 15/01/2052 0%;15/01/2052;EUR;GOV_NL;Paesi Bassi;AAA;Aaa;;1000;Senior;09/10/2026;LP;38,56;100000;2;3,85;24,34;3,52;3,84;24,34;0,304;0,304;0;1;1;0;99,13;
NO0010786288;NORVEGIA 17/02/2027 1,75% NOK;17/02/2027;NOK;GOV_NO;Norvegia;AAA;Aaa;;1000;Senior;09/10/2026;LP;99,04;100000;1;4,57;0,33;4;4,34;0,33;1,797;1,797;0,0175;1;2;0,0177;99,41;
NO0010821598;NORVEGIA 26/04/2028 2% NOK;26/04/2028;NOK;GOV_NO;Norvegia;AAA;Aaa;;1000;Senior;09/10/2026;LP;96;673000;1;4,75;1,45;4,16;4,49;1,45;1,414;1,417;0,02;1;4;0,0208;99,901;
NO0010844079;NORVEGIA 06/09/2029 1,75% NOK;06/09/2029;NOK;GOV_NO;Norvegia;AAA;Aaa;;1000;Senior;09/10/2026;LP;91,91;55000;1;4,8;2,71;4,22;4,57;2,73;1,364;1,366;0,0175;1;9;0,019;99,539;
NO0010875230;NORVEGIA 19/08/2030 1,375% NOK;19/08/2030;NOK;GOV_NO;Norvegia;AAA;Aaa;;1000;Senior;09/10/2026;RP;88,42;0;1;4,74;3,59;4,17;4,54;3,61;1,275;1,277;0,01375;1;8;0,0156;98,94;
NO0010930522;NORVEGIA 17/09/2031 1,25% NOK;17/09/2031;NOK;GOV_NO;Norvegia;AAA;Aaa;;1000;Senior;09/10/2026;RP;85,35;0;1;4,64;4,58;4,09;4,47;4,61;1,171;1,172;0,0125;1;9;0,0146;100;
NO0012440397;NORVEGIA 18/05/2032 2,125% NOK;18/05/2032;NOK;GOV_NO;Norvegia;AAA;Aaa;;1000;Senior;09/10/2026;RP;87,78;0;1;4,65;5,03;4,1;4,36;5,08;1,17;1,174;0,02125;1;5;0,0242;99,567;
NO0012712506;NORVEGIA 06/10/2042 3,5% NOK;06/10/2042;NOK;GOV_NO;Norvegia;AAA;Aaa;;1000;Senior;09/10/2026;LP;88,45;3000;1;4,53;11,71;3,99;4,05;12,14;0,895;0,915;0,035;1;10;0,0396;98,216;
NO0012837642;NORVEGIA 15/08/2033 3% NOK;15/08/2033;NOK;GOV_NO;Norvegia;AAA;Aaa;;1000;Senior;09/10/2026;RP;90,73;0;1;4,61;5,95;4,06;4,2;6,04;1,107;1,112;0,03;1;8;0,0331;98,601;
NO0013238246;NORVEGIA 31/05/2039 3,625% NOK;31/05/2039;NOK;GOV_NO;Norvegia;AAA;Aaa;;1000;Senior;09/10/2026;RP;90,02;0;1;4,69;9,62;4,12;4,2;9,92;1,07;1,09;0,03625;1;5;0,0403;98,844;
PTOTE3OE0025;PORTOGALLO 12/06/2054 3,625%;12/06/2054;EUR;GOV_PT;Portogallo;A+;A3;;1;Senior;09/10/2026;LP;87,87;100000;2;4,39;16,27;3,86;3,89;17,27;0,887;0,857;0,03625;1;6;0,0413;99,043;
PTOTE4OE0008;PORTOGALLO 15/06/2040 3,375%;15/06/2040;EUR;GOV_PT;Portogallo;A+;A3;;1;Senior;09/10/2026;RP;91,18;0;1;4,24;10,46;3,72;3,78;10,8;0,606;0,626;0,03375;0;6;0,037;98,569;
PTOTE5OE0007;PORTOGALLO 15/04/2037 4,1%;15/04/2037;EUR;GOV_PT;Portogallo;A+;A3;;1000;Senior;09/10/2026;LP;100,78;15951;1;4,01;8,25;3,5;3,5;8,5;0,426;0,442;0,041;1;4;0,0407;99,596;
PTOTEAOE0005;PORTOGALLO 15/06/2035 3% ;15/06/2035;EUR;GOV_PT;Portogallo;A+;A3;;1;Senior;09/10/2026;LP;94,04;7000;1;3,82;7,37;3,35;3,42;7,51;0,279;0,287;0,03;1;6;0,0319;99,36;
PTOTEBOE0020;PORTOGALLO 15/02/2045 4,10%;15/02/2045;EUR;GOV_PT;Portogallo;A+;A3;;1000;Senior;09/10/2026;LP;97,58;20000;1;4,29;12,3;3,76;3,77;12,88;0,667;0,684;0,041;1;2;0,042;99,47;
PTOTECOE0037;PORTOGALLO 12/04/2052 1%;12/04/2052;EUR;GOV_PT;Portogallo;A+;A3;;1000;Senior;09/10/2026;RP;48,75;0;1;4,37;19,89;3,95;4,18;20,44;0,836;0,83;0,01;1;4;0,0205;99,414;
PTOTEDOE0010;PORTOGALLO 13/06/2036 3,25%;13/06/2036;EUR;GOV_PT;Portogallo;A+;A3;;1;Senior;09/10/2026;LP;94,62;5000;1;3,93;8;3,45;3,51;8,18;0,367;0,378;0,0325;0;6;0,0343;99,978;
PTOTEEOE0019;PORTOGALLO 15/06/2046 3,875%;15/06/2046;EUR;GOV_PT;Portogallo;A+;A3;;1;Senior;09/10/2026;RP;93,85;0;1;4,34;13,15;3,81;3,84;13,78;0,726;0,74;0,03875;0;6;0,0413;99,477;
PTOTELOE0028;PORTOGALLO 18/10/2030 0,475% ;18/10/2030;EUR;GOV_PT;Portogallo;A+;A3;;1000;Senior;09/10/2026;RP;89,09;0;1;3,43;3,83;3,02;3,36;3,84;-0,03;-0,03;0,00475;1;10;0,0053;99,749;
PTOTEMOE0035;PORTOGALLO 15/10/2027 0,7%;15/10/2027;EUR;GOV_PT;Portogallo;A+;A3;;1000;Senior;09/10/2026;LP;97,7;223000;1;3,06;0,97;2,68;2,97;0,97;-0,164;-0,164;0,007;1;10;0,0072;99,811;
PTOTENOE0034;PORTOGALLO 12/10/2035 0,9% ;12/10/2035;EUR;GOV_PT;Portogallo;A+;A3;;1000;Senior;09/10/2026;RP;77,61;0;1;3,9;8,3;3,46;3,77;8,36;0,351;0,354;0,009;1;10;0,0116;99,602;
PTOTEOOE0033;PORTOGALLO 17/10/2031 0,3% ;17/10/2031;EUR;GOV_PT;Portogallo;A+;A3;;1000;Senior;09/10/2026;RP;85,37;0;1;3,54;4,79;3,12;3,49;4,8;0,065;0,065;0,003;1;10;0,0035;99,547;
PTOTEPOE0032;PORTOGALLO 11/04/2042 1,15%;11/04/2042;EUR;GOV_PT;Portogallo;A+;A3;;1000;Senior;09/10/2026;LP;65,3;5000;1;4,25;13,22;3,8;4,07;13,44;0,615;0,623;0,0115;1;4;0,0176;99,372;
PTOTEQOE0023;PORTOGALLO 14/10/2033 2,875%;14/10/2033;EUR;GOV_PT;Portogallo;A+;A3;;1;Senior;09/10/2026;LP;95,53;6000;1;3,61;6,02;3,17;3,23;6,12;0,104;0,109;0,02875;0;10;0,0301;99,391;
PTOTEROE0014;PORTOGALLO 15/02/2030 3,875%;15/02/2030;EUR;GOV_PT;Portogallo;A+;A3;;1000;Senior;09/10/2026;RP;101,55;0;1;3,37;3,02;2,89;2,89;3,06;-0,078;-0,072;0,03875;1;2;0,0382;99,47;
PTOTESOE0021;PORTOGALLO 20/10/2034 2,875%;20/10/2034;EUR;GOV_PT;Portogallo;A+;A3;;1;Senior;09/10/2026;LP;93,71;6121;1;3,8;6,78;3,34;3,42;6,91;0,274;0,28;0,02875;1;10;0,0307;98,898;
PTOTEUOE0019;PORTOGALLO 14/04/2027 4,125%;14/04/2027;EUR;GOV_PT;Portogallo;A+;A3;;1000;Senior;09/10/2026;RP;100,682;0;1;2,71;0,49;2,2;2,2;0,49;-0,228;-0,228;0,04125;1;4;0,041;99,14;
PTOTEVOE0018;PORTOGALLO 17/10/2028 2,125%;17/10/2028;EUR;GOV_PT;Portogallo;A+;A3;;1000;Senior;09/10/2026;LP;98,03;40000;1;3,15;1,89;2,76;2,88;1,9;-0,242;-0,24;0,02125;1;10;0,0217;99,89;
PTOTEWOE0017;PORTOGALLO 18/04/2034 2,25%;18/04/2034;EUR;GOV_PT;Portogallo;A+;A3;;1000;Senior;09/10/2026;RP;90,18;0;1;3,77;6,63;3,32;3,47;6,72;0,259;0,264;0,0225;1;4;0,025;99,007;
PTOTEXOE0024;PORTOGALLO 15/06/2029 1,95%;15/06/2029;EUR;GOV_PT;Portogallo;A+;A3;;1000;Senior;09/10/2026;LP;96,75;150000;1;3,24;2,53;2,84;2,99;2,54;-0,195;-0,192;0,0195;1;6;0,0202;99,743;
PTOTEYOE0031;PORTOGALLO 16/07/2032 1,65% ;16/07/2032;EUR;GOV_PT;Portogallo;A+;A3;;1000;Senior;09/10/2026;RP;89,98;0;1;3,61;5,31;3,17;3,38;5,35;0,123;0,126;0,0165;1;7;0,0183;99,584;
PTOTEZOE0014;PORTOGALLO 18/06/2038 3,5%;18/06/2038;EUR;GOV_PT;Portogallo;A+;A3;;1000;Senior;09/10/2026;LP;94,7;10000;1;4,08;9,24;3,58;3,61;9,5;0,474;0,491;0,035;1;6;0,037;97,821;
SE0007125927;SVEZIA 12/11/2026 1% SEK;12/11/2026;SEK;GOV_SE;Svezia;AAA;Aaa;;5000;Senior;09/10/2026;RP;99,945;0;0;1,67;0,08;1,46;1,54;0,08;-0,975;-0,975;0,01;1;11;0,01;100,539;
SE0009496367;SVEZIA 12/05/2028 0,75% SEK;12/05/2028;SEK;GOV_SE;Svezia;AAA;Aaa;;5000;Senior;09/10/2026;LP;99,9;720000;1;0,81;1,56;0,7;0,7;1,56;-2,529;-2,528;0,0075;1;5;0,0075;97,926;
SI0002103677;SLOVENIA 03/11/2040 1,75%;03/11/2040;EUR;GOV_SI;Slovenia;AA;A2;;1000;Senior;09/10/2026;RP;74,33;0;1;4,21;11,54;3,74;3,94;11,79;0,571;0,583;0,0175;1;11;0,0235;97,826;
SI0002103842;SLOVENIA 14/03/2029 1,1875%;14/03/2029;EUR;GOV_SI;Slovenia;AA;A2;;1000;Senior;09/10/2026;RP;95,31;0;1;3,23;2,31;2,84;3,08;2,31;-0,185;-0,183;0,01188;1;3;0,0125;99,785;
SI0002104105;SLOVENIA 12/02/2031 0%;12/02/2031;EUR;GOV_SI;Slovenia;AA;A2;;1000;Senior;09/10/2026;RP;86,26;0;0;3,47;4,19;3,06;3,47;4,19;0,004;0,004;0;1;2;0;100,973;
SI0002104121;SLOVENIA 03/03/2081 0,6875%;03/03/2081;EUR;GOV_SI;Slovenia;AA;A2;;1000;Senior;09/10/2026;LP;25,05;4000;1;4,23;31,53;3,87;4,01;33,65;1,094;1,004;0,00688;1;3;0,0275;99,388;
SI0002104873;SLOVENIA 14/04/2055 3,5%;14/04/2055;EUR;GOV_SI;Slovenia;AA;A2;;1000;Senior;09/10/2026;RP;82,47;0;1;4,62;16,28;4,07;4,12;17,34;1,127;1,092;0,035;0;4;0,0424;99,1;
SI0002105227;SLOVENIA 12/03/2036 3,275%;12/03/2036;EUR;GOV_SI;Slovenia;AA;A2;;1000;Senior;09/10/2026;RP;93,95;0;1;4,06;7,69;3,56;3,63;7,88;0,502;0,513;0,03275;0;3;0,0349;99,675;
US037833BH21;APPLE 13/05/2045 4,375% USD CALLABLE;13/05/2045;USD;APPLE;Apple Corporation;;;;2000;Senior;09/10/2026;RP;80,35;0;1;6,26;11,19;4,71;4,91;12,64;2,636;2,657;0,04375;2;5,11;0,0544;99,635;
US105756AE07;BRASILE 15/05/2027 10,125% USD;15/05/2027;USD;GOV_BR;Brasile;BB;Ba1;;1000;Senior;09/10/2026;LP;102,7;20000;1;5,48;0,53;4,23;4,23;0,54;2,482;2,485;0,10125;2;5,11;0,0986;93,234;
US105756AL40;BRASILE 06/03/2030 12,25% USD;06/03/2030;USD;GOV_BR;Brasile;BB;Ba1;;1000;Senior;09/10/2026;LP;120,2;21000;1;5,71;2,74;4,32;4,32;2,83;2,26;2,275;0,1225;2;3,9;0,1019;93,3;
US105756BK57;BRASILE 20/01/2037 7,125% USD;20/01/2037;USD;GOV_BR;Brasile;BB;Ba1;;1000;Senior;09/10/2026;LP;105,08;44000;2;6,54;6,96;5,66;5,66;7,28;2,966;2,992;0,07125;2;1,7;0,0678;94,856;
US105756BR01;BRASILE 07/01/2041 5,625% USD(No Call);07/01/2041;USD;GOV_BR;Brasile;BB;Ba1;;100000;Senior;09/10/2026;RP;88;0;1;7,09;8,87;6,23;6,3;9,36;3,449;3,484;0,05625;2;1,7;0,0639;97,5;
US105756BW95;BRASILE 27/01/2045 5% USD(No call);27/01/2045;USD;GOV_BR;Brasile;BB;Ba1;;200000;Senior;09/10/2026;RP;75,67;0;1;7,6;10,25;6,71;6,82;10,94;3,969;3,996;0,05;2;1,7;0,0661;97,992;
US168863BP27;CILE 30/10/2042 3,625% USD;30/10/2042;USD;GOV_CL;Cile;A;A2;;150000;Senior;09/10/2026;RP;74,56;0;0;6,23;10,68;5,52;5,67;11,19;2,598;2,621;0,03625;2;4,10;0,0486;98,398;
US172967HA25;CITIGROUP 13/09/2043 6,675% - T2 - USD;13/09/2043;USD;CITIGROUP;Citigroup;;;;1000;T2;09/10/2026;RP;100,84;0;0;6,7;9,71;4,92;4,92;11,09;3,067;3,1;0,06675;2;3,9;0,0662;100;
US172967KA87;CITIGROUP 29/09/2027 4,45% USD Tier 2;29/09/2027;USD;CITIGROUP;Citigroup;;;;1000;T2;09/10/2026;RP;99,16;0;1;5,43;0,9;4,01;4,23;0,91;2,216;2,219;0,0445;2;3,9;0,0449;99,54;
US195325BM66;COLOMBIA 18/01/2041 6,125% USD(No call);18/01/2041;USD;GOV_CO;Colombia;BB-;Baa3;;100000;Senior;09/10/2026;RP;85,62;0;1;7,97;8,48;7;7,09;8,99;4,326;4,366;0,06125;2;1,7;0,0715;99,6;
US298785DV50;BEI 15/02/2036 4,875% USD;15/02/2036;USD;SOV_BEI;European Investment Bank;AAA;;;1000;Senior;09/10/2026;LP;97,16;208000;2;5,33;7,14;4,67;4,7;7,38;1,775;1,791;0,04875;2;2,8;0,0502;99,177;
US298785HM16;BEI GREEN BOND 24/05/2027 2,375% USD;24/05/2027;USD;SOV_BEI;European Investment Bank;AAA;;;1000;Senior;09/10/2026;LP;98,725;40000;1;4,57;0,58;4;4,26;0,58;1,552;1,553;0,02375;2;5,11;0,0241;98,918;
US298785JR84;BEI 15/03/2029 1,75% USD;15/03/2029;USD;SOV_BEI;European Investment Bank;AAA;;;1000;Senior;09/10/2026;LP;93,07;71000;1;4,88;2,26;4,28;4,64;2,27;1,458;1,46;0,0175;2;3,9;0,0188;99,344;
US298785KE52;BEI GREEN BOND 10/10/2031 4,375% USD;10/10/2031;USD;SOV_BEI;European Investment Bank;AAA;;;1000;Senior;09/10/2026;LP;97;29000;1;5,13;4,31;4,49;4,55;4,38;1,653;1,659;0,04375;2;4,10;0,0451;99,277;
US345370CA64;FORD 16/07/2031 7,45% USD;16/07/2031;USD;FORD;Ford Motor Company;;;;1000;Senior;09/10/2026;LP;104,63;5000;1;6,41;3,8;4,47;4,47;4,03;2,935;2,945;0,0745;2;1,7;0,0712;99,049;
US345370CQ17;FORD 15/01/2043 4,75% USD;15/01/2043;USD;FORD;Ford Motor Company;;;;2000;Senior;09/10/2026;LP;73,78;10000;1;7,72;9,7;5,87;6,17;10,95;4,088;4,119;0,0475;2;1,7;0,0644;97,423;
US38141GGM06;GOLDMAN SACHS 01/02/2041 6,25% USD;01/02/2041;USD;GOLDMAN;Goldman Sachs;;;;2000;Senior;09/10/2026;RP;98,42;0;1;6,52;8,92;4,82;4,83;10;2,882;2,919;0,0625;2;2,8;0,0635;99,623;
US404280AM17;HSBC 14/01/2042 6,1% USD;14/01/2042;USD;HSBC;HSBC Holdings PLC;;;;2000;Senior;09/10/2026;RP;98,02;0;1;6,4;9,33;4,73;4,75;10,52;2,761;2,797;0,061;2;1,7;0,0622;99,927;
US445545AF36;UNGHERIA 29/03/2041 7,625% USD;29/03/2041;USD;GOV_HU;Ungheria;BBB-;Baa2;;2000;Senior;09/10/2026;LP;109,76;4000;1;6,68;8,66;5,76;5,76;9,18;3,039;3,081;0,07625;2;3,9;0,0695;98,084;
US459058KU68;WORLD BANK 25/07/2030 4% USD;25/07/2030;USD;SOV_WORLDBANK;World Bank;;;;1000;Senior;09/10/2026;LP;96,62;84000;1;5,06;3,34;4,42;4,53;3,39;1,596;1,602;0,04;2;1,7;0,0414;99,8;
US45905UAD63;WORLD BANK 14/07/2027 ZC ZAR;14/07/2027;ZAR;SOV_WORLDBANK;World Bank;;;;50000;Senior;09/10/2026;RP;94,697;0;1;7,53;0,7;6,85;6,85;0,7;4,417;4,417;0;0;;0;3,15;
US465410BG26;REPUBLIC OF ITALY 15/06/2033 5,375% USD;15/06/2033;USD;GOV_IT;Italia;BBB+;Baa2;;1000;Senior;09/10/2026;LP;99,42;1377000;2;5,55;5,3;4,86;4,86;5,45;2,054;2,063;0,05375;2;6,12;0,0541;98,436;
US465410BY32;REPUBLIC OF ITALY 17/10/2029 2,875% USD;17/10/2029;USD;GOV_IT;Italia;BBB+;Baa2;;200000;Senior;09/10/2026;RP;93,37;0;1;5,36;2,71;4,7;4,96;2,74;1,911;1,915;0,02875;2;4,10;0,0308;99,089;
US465410BZ07;REPUBLIC OF ITALY 17/10/2049 4% USD;17/10/2049;USD;GOV_IT;Italia;BBB+;Baa2;;200000;Senior;09/10/2026;RP;69,69;0;2;6,68;12,35;5,91;6,02;13,25;3,1;3,101;0,04;2;4,10;0,0574;99,619;
US465410CC03;REPUBLIC OF ITALY 06/05/2051 3,875% USD;06/05/2051;USD;GOV_IT;Italia;BBB+;Baa2;;200000;Senior;09/10/2026;LP;67,01;200000;2;6,72;12,78;5,95;6,06;13,76;3,162;3,152;0,03875;2;5,11;0,0578;98,897;
US500769JT24;KFW 20/05/2027 3% USD;20/05/2027;USD;KFW;Kreditanstalt für Wiederaufbau;;;;1000;Senior;09/10/2026;RP;99,27;0;0;4,3;0,57;3,18;3,49;0,57;1,287;1,288;0,03;2;5,11;0,0302;99,831;
US68389XBE40;ORACLE 15/05/2035 3,9% USD CALLABLE;15/05/2035;USD;ORACLE;Oracle Corporation;;;;2000;Senior;09/10/2026;RP;77,56;0;1;7,63;6,53;5,78;6,41;6,95;4,091;4,103;0,039;2;5,11;0,0503;99,325;
US68389XBF15;ORACLE 15/05/2045 4,125% USD CALLABLE;15/05/2045;USD;ORACLE;Oracle Corporation;;;;2000;Senior;09/10/2026;LP;62;10000;1;8,29;10,31;6,35;6,75;11,86;4,659;4,684;0,04125;2;5,11;0,0665;99,589;
US68389XBG97;ORACLE 15/05/2055 4,375% USD CALLABLE;15/05/2055;USD;ORACLE;Oracle Corporation;;;;2000;Senior;09/10/2026;RP;58,67;0;1;8,28;11,55;6,3;6,51;14,28;4,786;4,74;0,04375;2;5,11;0,0746;99,549;
US715638BM30;PERU 18/11/2050 5,625% USD;18/11/2050;USD;GOV_PE;Peru;BBB-;Baa1;;1000;Senior;09/10/2026;LP;88,66;3000;1;6,68;11,71;4,99;5,04;13,84;3,113;3,105;0,05625;2;5,11;0,0634;96,16;
US715638BU55;PERU 25/08/2027 4,125% USD;25/08/2027;USD;GOV_PE;Peru;BBB-;Baa1;;1000;Senior;09/10/2026;RP;99,63;0;0;4,62;0,82;3,41;3,52;0,83;1,445;1,448;0,04125;2;2,8;0,0414;99,766;
US77586TAE64;ROMANIA 22/01/2044 6,125% USD;22/01/2044;USD;GOV_RO;Romania;BBB-;Baa3;;2000;Senior;09/10/2026;LP;87,84;76000;2;7,52;9,56;6,6;6,65;10,21;3,885;3,917;0,06125;2;1,7;0,0697;98,21;
US836205AP92;SUDAFRICA 08/03/2041 6,25% USD;08/03/2041;USD;GOV_ZA;Sud Africa;BB;Ba2;;100000;Senior;09/10/2026;RP;88,88;0;1;7,67;8,66;6,73;6,8;9,17;4,03;4,07;0,0625;2;3,9;0,0703;99,44;
US836205AS32;SUDAFRICA 24/07/2044 5,375% USD;24/07/2044;USD;GOV_ZA;Sud Africa;BB;Ba2;;200000;Senior;09/10/2026;RP;77,54;0;0;7,87;9,82;6,94;7,04;10,5;4,236;4,266;0,05375;2;1,7;0,0693;99,3;
US836205AZ74;SUDAFRICA 22/06/2048 6,3% USD;22/06/2048;USD;GOV_ZA;Sud Africa;BB;Ba2;;200000;Senior;09/10/2026;RP;84,09;0;0;7,99;10,18;7,01;7,06;11,06;4,385;4,402;0,063;2;6,12;0,0749;99,991;
US857524AD47;POLONIA 16/11/2027 5,5% USD Call;16/11/2027;USD;GOV_PL;Polonia;A-;A3;;1000;Senior;09/10/2026;RP;100,44;0;1;5,13;1;4,42;4,42;1,01;1,888;1,893;0,055;2;5,11;0,0548;99,487;
US857524AE20;POLONIA 16/11/2032 5,75% USD Call;16/11/2032;USD;GOV_PL;Polonia;A-;A3;;1000;Senior;09/10/2026;LP;100,27;27000;1;5,78;4,83;5,03;5,03;4,97;2,285;2,293;0,0575;2;5,11;0,0573;98,953;
US89236TDR32;TOYOTA 11/01/2027 3,2% USD(No call);11/01/2027;USD;TOYOTA;Toyota Motor Corporation;;;;2000;Senior;09/10/2026;RP;99,68;0;1;4,52;0,24;3,34;3,68;0,24;1,88;1,88;0,032;2;1,7;0,0321;99,669;
US900123AL40;TURCHIA 15/01/2030 11,875% USD;15/01/2030;USD;GOV_TR;Turchia;BB-;Ba3;;1000;Senior;09/10/2026;LP;114,81;3000;1;6,83;2,59;5,44;5,44;2,67;3,383;3,399;0,11875;2;1,7;0,1034;99,604;
US900123AT75;TURCHIA 14/02/2034 8% USD;14/02/2034;USD;GOV_TR;Turchia;BB-;Ba3;;2000;Senior;09/10/2026;LP;103,63;36000;2;7,48;5,26;6,48;6,48;5,47;3,965;3,981;0,08;2;2,8;0,0772;97,44;
US900123BB58;TURCHIA 05/03/2038 7,25% USD;05/03/2038;USD;GOV_TR;Turchia;BB-;Ba3;;2000;Senior;09/10/2026;LP;98,14;88000;2;7,64;7,29;6,67;6,69;7,68;4,035;4,069;0,0725;2;3,9;0,0739;100;
US91086QAG38;MEXICAN STATES 15/08/2031 8,3%;15/08/2031;USD;GOV_MX;Messico;BBB;Baa3;;1000;Senior;09/10/2026;RP;112,42;0;1;5,42;3,88;4,44;4,44;3,99;1,949;1,96;0,083;2;2,8;0,0738;92,582;
US91086QAZ19;MESSICO 12/10/2110 5,75% USD CALLABLE;12/10/2110;USD;GOV_MX;Messico;BBB;Baa3;;2000;Senior;09/10/2026;LP;74,09;262000;2;7,92;12,41;6,92;6,92;14,24;4,778;4,457;0,0575;2;4,10;0,0776;94,28;
US912810FE39;USA 15/08/2028 5,5% USD;15/08/2028;USD;GOV_US;Stati uniti d'america;AA+;Aa1;;1000;Senior;09/10/2026;LP;101,48;31700;1;4,7;1,68;4,01;4,01;1,7;1,324;1,332;0,055;2;2,8;0,0542;98,697;
US912810FF04;USA 15/11/2028 5,25% USD;15/11/2028;USD;GOV_US;Stati uniti d'america;AA+;Aa1;;1000;Senior;09/10/2026;LP;101,03;117000;2;4,78;1,88;4,11;4,11;1,9;1,378;1,385;0,0525;2;5,11;0,052;99,253;
US912810FG86;USA 15/02/2029 5,25% USD;15/02/2029;USD;GOV_US;Stati uniti d'america;AA+;Aa1;;1000;Senior;09/10/2026;LP;101,1;73000;1;4,8;2,12;4,13;4,13;2,14;1,378;1,386;0,0525;2;2,8;0,0519;99,282;
US912810FJ26;USA 15/08/2029 6,125% USD;15/08/2029;USD;GOV_US;Stati uniti d'america;AA+;Aa1;;1000;Senior;09/10/2026;LP;103,23;115500;1;4,95;2,5;4,18;4,18;2,55;1,512;1,521;0,06125;2;2,8;0,0593;99,741;
US912810FM54;USA 15/05/2030 6,25% USD;15/05/2030;USD;GOV_US;Stati uniti d'america;AA+;Aa1;;1000;Senior;09/10/2026;LP;104,37;145500;1;4,97;3,05;4,19;4,19;3,11;1,514;1,523;0,0625;2;5,11;0,0599;98,771;
US912810FP85;USA 15/02/2031 5,375% USD;15/02/2031;USD;GOV_US;Stati uniti d'america;AA+;Aa1;;1000;Senior;09/10/2026;LP;101,71;20000;1;4,99;3,72;4,31;4,31;3,79;1,522;1,529;0,05375;2;2,8;0,0528;98,753;
US912810FT08;USA 15/02/2036 4,5% USD;15/02/2036;USD;GOV_US;Stati uniti d'america;AA+;Aa1;;1000;Senior;09/10/2026;LP;95,66;83500;2;5,15;7,26;4,51;4,56;7,48;1,597;1,612;0,045;2;2,8;0,047;99,5105;
US912810PT97;USA 15/02/2037 4,75% USD;15/02/2037;USD;GOV_US;Stati uniti d'america;AA+;Aa1;;1000;Senior;09/10/2026;LP;96,57;33000;1;5,25;7,78;4,6;4,63;8,04;1,671;1,69;0,0475;2;2,8;0,0492;99,021;
US912810PU60;USA 15/05/2037 5% USD;15/05/2037;USD;GOV_US;Stati uniti d'america;AA+;Aa1;;1000;Senior;09/10/2026;LP;98,59;304000;2;5,24;7,75;4,59;4,6;8,04;1,661;1,681;0,05;2;5,11;0,0507;99,0819;
US912810QB70;USA 15/05/2039 4,25% USD;15/05/2039;USD;GOV_US;Stati uniti d'america;AA+;Aa1;;1000;Senior;09/10/2026;LP;89,94;209500;1;5,43;9,03;4,77;4,85;9,38;1,813;1,837;0,0425;2;5,11;0,0473;99,36198;
US912810QD37;USA 15/11/2039 4,375% USD;15/11/2039;USD;GOV_US;Stati uniti d'america;AA+;Aa1;;1000;Senior;09/10/2026;LP;90,32;110000;1;5,49;9,22;4,82;4,89;9,6;1,866;1,891;0,04375;2;5,11;0,0484;98,45498;
US912810QE10;USA 15/02/2040 4,625% USD;15/02/2040;USD;GOV_US;Stati uniti d'america;AA+;Aa1;;1000;Senior;09/10/2026;LP;92,58;265800;1;5,48;9,36;4,81;4,86;9,76;1,857;1,884;0,04625;2;2,8;0,05;98,4836;
US912810QH41;USA 15/05/2040 4,375% USD;15/05/2040;USD;GOV_US;Stati uniti d'america;AA+;Aa1;;100;Senior;09/10/2026;LP;90,22;136000;1;5,47;9,47;4,81;4,88;9,87;1,843;1,869;0,04375;2;5,11;0,0485;98,11437;
US912810QK79;USA 15/08/2040 3,875% USD;15/08/2040;USD;GOV_US;Stati uniti d'america;AA+;Aa1;;1000;Senior;09/10/2026;LP;85,01;40000;1;5,5;9,92;4,85;4,95;10,3;1,869;1,894;0,03875;2;2,8;0,0456;98,6191;
US912810QL52;USA 15/11/2040 4,25% USD;15/11/2040;USD;GOV_US;Stati uniti d'america;AA+;Aa1;;1000;Senior;09/10/2026;LP;88,18;5000;1;5,54;9,74;4,87;4,95;10,17;1,902;1,929;0,0425;2;5,11;0,0482;98,82916;
US912810QN19;USA 15/02/2041 4,75% USD;15/02/2041;USD;GOV_US;Stati uniti d'america;AA+;Aa1;;1000;Senior;09/10/2026;LP;92,82;142000;2;5,55;9,77;4,87;4,91;10,22;1,915;1,944;0,0475;2;2,8;0,0512;100;
US912810QU51;USA 15/02/2042 3,125% USD;15/02/2042;USD;GOV_US;Stati uniti d'america;AA+;Aa1;;1000;Senior;09/10/2026;RP;74,91;0;1;5,66;11,03;5,02;5,18;11,44;2,017;2,039;0,03125;2;2,8;0,0417;97,80394;
US912810QZ49;USA 15/02/2043 3,125% USD;15/02/2043;USD;GOV_US;Stati uniti d'america;AA+;Aa1;;1000;Senior;09/10/2026;LP;73,38;16000;1;5,72;11,48;5,07;5,23;11,95;2,083;2,103;0,03125;2;2,8;0,0426;98,94168;
US912810RB61;USA 15/05/2043 2,875% USD;15/05/2043;USD;GOV_US;Stati uniti d'america;AA+;Aa1;;1000;Senior;09/10/2026;RP;70,41;0;1;5,73;11,66;5,09;5,27;12,13;2,093;2,111;0,02875;2;5,11;0,0408;97,92721;
US912810RC45;USA 15/08/2043 3,625% USD;15/08/2043;USD;GOV_US;Stati uniti d'america;AA+;Aa1;;1000;Senior;09/10/2026;LP;78,26;126000;1;5,72;11,38;5,05;5,18;11,9;2,089;2,11;0,03625;2;2,8;0,0463;99,51032;
US912810RE01;USA 15/02/2044 3,625% USD;15/02/2044;USD;GOV_US;Stati uniti d'america;AA+;Aa1;;1000;Senior;09/10/2026;LP;77,69;242000;1;5,74;11,58;5,07;5,19;12,13;2,11;2,131;0,03625;2;2,8;0,0467;99,90473;
US912810RG58;USA 15/05/2044 3,375% USD;15/05/2044;USD;GOV_US;Stati uniti d'america;AA+;Aa1;;1000;Senior;09/10/2026;RP;74,67;0;2;5,75;11,71;5,09;5,23;12,27;2,121;2,139;0,03375;2;5,11;0,0452;98,78962;
US912810RH32;USA 15/08/2044 3,125% USD;15/08/2044;USD;GOV_US;Stati uniti d'america;AA+;Aa1;;1000;Senior;09/10/2026;LP;71,59;77000;1;5,76;12,13;5,11;5,26;12,68;2,13;2,148;0,03125;2;2,8;0,0437;98,10564;
US912810RJ97;USA 15/11/2044 3% USD;15/11/2044;USD;GOV_US;Stati uniti d'america;AA+;Aa1;;1000;Senior;09/10/2026;LP;69,82;384000;1;5,77;12,2;5,13;5,29;12,76;2,148;2,164;0,03;2;5,11;0,043;98,20969;
US912810RK60;USA 15/02/2045 2,5% USD;15/02/2045;USD;GOV_US;Stati uniti d'america;AA+;Aa1;;1000;Senior;09/10/2026;LP;63,79;32000;2;5,79;12,89;5,17;5,37;13,41;2,166;2,18;0,025;2;2,8;0,0392;98,7489;
US912810RM27;USA 15/05/2045 3% USD;15/05/2045;USD;GOV_US;Stati uniti d'america;AA+;Aa1;;1000;Senior;09/10/2026;LP;69,49;40000;1;5,76;12,41;5,12;5,27;13;2,135;2,15;0,03;2;5,11;0,0432;99,13851;
US912810RN00;USA 15/08/2045 2,875% USD;15/08/2045;USD;GOV_US;Stati uniti d'america;AA+;Aa1;;1000;Senior;09/10/2026;RP;67,61;0;1;5,78;12,75;5,15;5,31;13,32;2,16;2,174;0,02875;2;2,8;0,0425;97,92785;
US912810RS96;USA 15/05/2046 2,5% USD;15/05/2046;USD;GOV_US;Stati uniti d'america;AA+;Aa1;;1000;Senior;09/10/2026;LP;62,6;27000;1;5,77;13,3;5,16;5,34;13,89;2,153;2,165;0,025;2;5,11;0,0399;97,61946;
US912810RU43;USA 15/11/2046 2,875% USD;15/11/2046;USD;GOV_US;Stati uniti d'america;AA+;Aa1;;1000;Senior;09/10/2026;LP;66,38;63000;1;5,79;13,1;5,15;5,31;13,76;2,172;2,185;0,02875;2;5,11;0,0433;99,46161;
US912810RX81;USA 15/05/2047 3% USD;15/05/2047;USD;GOV_US;Stati uniti d'america;AA+;Aa1;;1000;Senior;09/10/2026;LP;67,36;152000;1;5,8;13,16;5,15;5,3;13,85;2,185;2,198;0,03;2;5,11;0,0445;99,02179;
US912810SE91;USA 15/11/2048 3,375%USD;15/11/2048;USD;GOV_US;Stati uniti d'america;AA+;Aa1;;1000;Senior;09/10/2026;LP;70,87;92000;1;5,79;13,31;5,13;5,25;14,11;2,198;2,204;0,03375;2;5,11;0,0476;99,19708;
US912810SJ88;USA 15/08/2049 2,25% USD;15/08/2049;USD;GOV_US;Stati uniti d'america;AA+;Aa1;;1000;Senior;09/10/2026;LP;56,07;268000;1;5,8;14,98;5,2;5,38;15,72;2,217;2,218;0,0225;2;2,8;0,0401;98,17388;
US912810SK51;USA 15/11/2049 2,375% USD;15/11/2049;USD;GOV_US;Stati uniti d'america;AA+;Aa1;;1000;Senior;09/10/2026;LP;57,45;160000;1;5,8;14,74;5,18;5,36;15,52;2,219;2,219;0,02375;2;5,11;0,0413;98,83326;
US912810SL35;USA 15/02/2050 2% USD;15/02/2050;USD;GOV_US;Stati uniti d'america;AA+;Aa1;;1000;Senior;09/10/2026;LP;52,48;80000;2;5,79;15,56;5,2;5,4;16,29;2,216;2,215;0,02;2;2,8;0,0381;98,64031;
US912810SN90;USA 15/05/2050 1,25% USD;15/05/2050;USD;GOV_US;Stati uniti d'america;AA+;Aa1;;1000;Senior;09/10/2026;LP;42,69;40500;2;5,78;17,07;5,24;5,5;17,68;2,207;2,205;0,0125;2;5,11;0,0293;97,73413;
US912810SP49;USA 15/08/2050 1,375% USD;15/08/2050;USD;GOV_US;Stati uniti d'america;AA+;Aa1;;1000;Senior;09/10/2026;RP;43,89;0;1;5,79;16,99;5,24;5,5;17,64;2,228;2,225;0,01375;2;2,8;0,0313;99,24343;
US912810SS87;USA 15/11/2050 1,625% USD;15/11/2050;USD;GOV_US;Stati uniti d'america;AA+;Aa1;;1000;Senior;09/10/2026;LP;46,89;89000;1;5,79;16,39;5,22;5,45;17,12;2,228;2,224;0,01625;2;5,11;0,0347;98,70815;
US912810SX72;USA 15/05/2051 2,375% USD;15/05/2051;USD;GOV_US;Stati uniti d'america;AA+;Aa1;;1000;Senior;09/10/2026;LP;56,17;111000;1;5,8;15,22;5,18;5,35;16,08;2,244;2,236;0,02375;2;5,11;0,0423;99,57365;
US912810SY55;USA 15/05/2041 2,25% USD;15/05/2041;USD;GOV_US;Stati uniti d'america;AA+;Aa1;;1000;Senior;09/10/2026;RP;67,34;0;1;5,62;11,15;5,01;5,25;11,48;1,982;1,999;0,0225;2;5,11;0,0334;99,4247;
US912810SZ21;USA 15/08/2051 2% USD;15/08/2051;USD;GOV_US;Stati uniti d'america;AA+;Aa1;;1000;Senior;09/10/2026;RP;51,02;0;2;5,8;16,07;5,21;5,4;16,88;2,248;2,239;0,02;2;2,8;0,0392;99,10579;
US912810TA60;USA 15/08/2041 1,75% USD;15/08/2041;USD;GOV_US;Stati uniti d'america;AA+;Aa1;;1000;Senior;09/10/2026;LP;61,83;50000;1;5,64;11,8;5,04;5,34;12,09;1,998;2,012;0,0175;2;2,8;0,0283;98,337;
US912810TB44;USA 15/11/2051 1,875% USD;15/11/2051;USD;GOV_US;Stati uniti d'america;AA+;Aa1;;1000;Senior;09/10/2026;LP;49,23;75400;1;5,79;16,23;5,2;5,4;17,06;2,241;2,232;0,01875;2;5,11;0,0381;98,52694;
US912810TC27;USA 15/11/2041 2% USD;15/11/2041;USD;GOV_US;Stati uniti d'america;AA+;Aa1;;1000;Senior;09/10/2026;LP;63,8;11000;1;5,66;11,64;5,05;5,32;11,97;2,018;2,033;0,02;2;5,11;0,0313;98,94042;
US912810TD00;USA 15/02/2052 2,25% USD;15/02/2052;USD;GOV_US;Stati uniti d'america;AA+;Aa1;;1000;Senior;09/10/2026;RP;54,01;0;1;5,78;15,81;5,18;5,35;16,69;2,243;2,231;0,0225;2;2,8;0,0417;100;
US912810TF57;USA 15/02/2042 2,375% USD;15/02/2042;USD;GOV_US;Stati uniti d'america;AA+;Aa1;;1000;Senior;09/10/2026;RP;67,18;0;1;5,67;11,56;5,04;5,28;11,92;2,026;2,043;0,02375;2;2,8;0,0354;100;
US912810TG31;USA 15/05/2052 2,875% USD;15/05/2052;USD;GOV_US;Stati uniti d'america;AA+;Aa1;;1000;Senior;09/10/2026;RP;62,28;0;1;5,77;14,85;5,14;5,26;15,8;2,236;2,22;0,02875;2;5,11;0,0462;97,5969;
US912810TH14;USA 15/05/2042 3,25% USD;15/05/2042;USD;GOV_US;Stati uniti d'america;AA+;Aa1;;1000;Senior;09/10/2026;RP;75,86;0;1;5,67;10,94;5,02;5,17;11,4;2,03;2,052;0,0325;2;5,11;0,0428;99,41603;
US912810TM09;USA 15/11/2042 4% USD;15/11/2042;USD;GOV_US;Stati uniti d'america;AA+;Aa1;;1000;Senior;09/10/2026;RP;83,09;0;1;5,69;10,72;5,01;5,11;11,23;2,052;2,076;0,04;2;5,11;0,0481;99,01966;
US912810TN81;USA 15/02/2053 3,625% USD;15/02/2053;USD;GOV_US;Stati uniti d'america;AA+;Aa1;;1000;Senior;09/10/2026;LP;72,09;101000;2;5,76;14,43;5,09;5,17;15,45;2,236;2,212;0,03625;2;2,8;0,0503;98,89832;
US912810TQ13;USA 15/02/2043 3,875% USD;15/02/2043;USD;GOV_US;Stati uniti d'america;AA+;Aa1;;1000;Senior;09/10/2026;RP;81,36;0;1;5,71;11,02;5,04;5,14;11,53;2,078;2,102;0,03875;2;2,8;0,0476;98,60117;
US912810TT51;USA 15/08/2053 4,125% USD;15/08/2053;USD;GOV_US;Stati uniti d'america;AA+;Aa1;;100;Senior;09/10/2026;LP;78,9;31000;1;5,74;14,15;5,06;5,12;15,2;2,227;2,199;0,04125;2;2,8;0,0523;98,91267;
US912810TU25;USA 15/08/2043 4,375% USD;15/08/2043;USD;GOV_US;Stati uniti d'america;AA+;Aa1;;100;Senior;09/10/2026;LP;86,44;10000;1;5,71;10,96;5,02;5,09;11,51;2,079;2,102;0,04375;2;2,8;0,0506;98,3742;
US912810TV08;USA 15/11/2053 4,75% USD;15/11/2053;USD;GOV_US;Stati uniti d'america;AA+;Aa1;;1000;Senior;09/10/2026;LP;87,38;464600;2;5,75;13,58;5,04;5,08;14,67;2,235;2,202;0,0475;2;5,11;0,0544;99,69848;
US912810UA42;USA 15/05/2054 4,625% USD;15/05/2054;USD;GOV_US;Stati uniti d'america;AA+;Aa1;;100;Senior;09/10/2026;LP;85,76;5500;1;5,73;13,78;5,03;5,07;14,89;2,225;2,189;0,04625;2;5,11;0,0539;99,83882;
US912810UB25;USA 15/05/2044 4,625% USD;15/05/2044;USD;GOV_US;Stati uniti d'america;AA+;Aa1;;100;Senior;09/10/2026;LP;88,71;145000;1;5,73;10,97;5,03;5,08;11,59;2,096;2,119;0,04625;2;5,11;0,0521;99,86654;
US912810UG12;USA 15/02/2055 4,625% USD;15/02/2055;USD;GOV_US;Stati uniti d'america;AA+;Aa1;;100;Senior;09/10/2026;LP;85,72;4700;1;5,72;14,13;5,02;5,05;15,26;2,226;2,184;0,04625;2;2,8;0,054;98,0427;
US912810UJ50;USA 15/02/2045 4,75% USD;15/02/2045;USD;GOV_US;Stati uniti d'america;AA+;Aa1;;100;Senior;09/10/2026;LP;89,53;24000;1;5,76;11,32;5,05;5,1;11,96;2,129;2,151;0,0475;2;2,8;0,0531;98,9787;
US912810UU06;USA 15/05/2056 5% USD;15/05/2056;USD;GOV_US;Stati uniti d'america;AA+;Aa1;;100;Senior;09/10/2026;LP;91,14;277600;2;5,7;13,97;4,99;5,01;15,17;2,224;2,17;0,05;2;5,11;0,0549;99,29281;
US912828YB05;USA 15/08/2029 1,625% USD;15/08/2029;USD;GOV_US;Stati uniti d'america;AA+;Aa1;;1000;Senior;09/10/2026;LP;91,43;244000;2;4,96;2,64;4,35;4,73;2,66;1,516;1,519;0,01625;2;2,8;0,0178;99,58715;
US912828YS30;USA 15/11/2029 1,75% USD;15/11/2029;USD;GOV_US;Stati uniti d'america;AA+;Aa1;;1000;Senior;09/10/2026;LP;91,05;79000;1;4,97;2,85;4,36;4,72;2,87;1,519;1,522;0,0175;2;5,11;0,0192;99,4625;
US912828Z781;USA 31/01/2027 1,5% USD;31/01/2027;USD;GOV_US;Stati uniti d'america;AA+;Aa1;;1000;Senior;09/10/2026;LP;99,18;294100;2;4,29;0,29;3,75;4,1;0,29;1,584;1,584;0,015;2;1,7;0,0151;100;
US912828Z948;USA 15/02/2030 1,5% USD;15/02/2030;USD;GOV_US;Stati uniti d'america;AA+;Aa1;;1000;Senior;09/10/2026;LP;89,48;39000;1;5,01;3,1;4,41;4,8;3,12;1,561;1,564;0,015;2;2,8;0,0168;98,87874;
US91282CAV37;USA 15/11/2030 0,875% USD;15/11/2030;USD;GOV_US;Stati uniti d'america;AA+;Aa1;;1000;Senior;09/10/2026;LP;84,91;344600;2;5,06;3,81;4,46;4,94;3,83;1,599;1,6;0,00875;2;5,11;0,0103;100;
US91282CCV19;USA 31/08/2028 1,125% USD;31/08/2028;USD;GOV_US;Stati uniti d'america;AA+;Aa1;;1000;Senior;09/10/2026;LP;93,51;329000;2;4,82;1,78;4,23;4,67;1,78;1,438;1,44;0,01125;2;2,8;0,012;99,79552;
US91282CDJ71;USA 15/11/2031 1,375% USD;15/11/2031;USD;GOV_US;Stati uniti d'america;AA+;Aa1;;1000;Senior;09/10/2026;LP;83,65;25000;1;5,12;4,64;4,52;4,92;4,68;1,647;1,649;0,01375;2;5,11;0,0164;99,35965;
US91282CDY49;USA 15/02/2032 1,875% USD;15/02/2032;USD;GOV_US;Stati uniti d'america;AA+;Aa1;;1000;Senior;09/10/2026;LP;85,15;104200;1;5,15;4,82;4,54;4,88;4,86;1,669;1,672;0,01875;2;2,8;0,022;100;
US91282CEC10;USA 28/02/2027 1,875% USD;28/02/2027;USD;GOV_US;Stati uniti d'america;AA+;Aa1;;1000;Senior;09/10/2026;RP;99,13;0;1;4,24;0,36;3,71;4;0,36;1,434;1,434;0,01875;2;2,8;0,0189;100;
US91282CEM91;USA 30/04/2029 2,875% USD;30/04/2029;USD;GOV_US;Stati uniti d'america;AA+;Aa1;;1000;Senior;09/10/2026;LP;95,27;63000;1;4,93;2,32;4,32;4,55;2,34;1,506;1,51;0,02875;2;4,10;0,0302;99,79228;
US91282CEN74;USA 30/04/2027 2,75% USD;30/04/2027;USD;GOV_US;Stati uniti d'america;AA+;Aa1;;1000;Senior;09/10/2026;LP;99,18;177000;2;4,34;0,52;3,79;3,98;0,52;1,366;1,366;0,0275;2;4,10;0,0277;99,83765;
US91282CEP23;USA 15/05/2032 2,875% USD;15/05/2032;USD;GOV_US;Stati uniti d'america;AA+;Aa1;;1000;Senior;09/10/2026;LP;89,29;55700;1;5,17;4,86;4,54;4,77;4,93;1,685;1,69;0,02875;2;5,11;0,0322;99,41465;
US91282CES61;USA 31/05/2029 2,75% USD;31/05/2029;USD;GOV_US;Stati uniti d'america;AA+;Aa1;;1000;Senior;09/10/2026;RP;94,75;0;1;4,96;2,41;4,35;4,6;2,43;1,529;1,533;0,0275;2;5,11;0,029;99,82931;
US91282CET45;USA 31/05/2027 2,625% USD;31/05/2027;USD;GOV_US;Stati uniti d'america;AA+;Aa1;;1000;Senior;09/10/2026;RP;98,93;0;1;4,41;0,6;3,86;4,06;0,6;1,375;1,377;0,02625;2;5,11;0,0265;99,48457;
USF2893TAE67;EDF 27/01/2040 5,6% USD;27/01/2040;USD;EDF;Electricite de France S.A;;;;2000;Senior;09/10/2026;RP;90,6;0;1;6,79;8,63;5,06;5,19;9,58;3,16;3,193;0,056;2;1,7;0,0618;99,124;
USF2893TAK28;EDF 22/01/2044 4,875% USD;22/01/2044;USD;EDF;Electricite de France S.A;;;;2000;Senior;09/10/2026;RP;81,05;0;1;6,86;10,34;5,17;5,37;11,67;3,231;3,258;0,04875;2;1,7;0,0601;96,726;
USF2893TAP15;EDF 13/10/2035 4,75% USD Call;13/10/2035;USD;EDF;Electricite de France S.A;;;;2000;Senior;09/10/2026;RP;88,7;0;1;6,53;6,86;4,89;5,15;7,32;2,977;2,992;0,0475;2;4,10;0,0536;97,902;
USF2893TAQ97;EDF 13/10/2045 4,95% USD Call;13/10/2045;USD;EDF;Electricite de France S.A;;;;2000;Senior;09/10/2026;RP;79,13;0;1;7,07;10,87;5,31;5,51;12,42;3,442;3,465;0,0495;2;4,10;0,0626;99,752;
USF2893TAR70;EDF 13/10/2055 5,25% USD Call;13/10/2055;USD;EDF;Electricite de France S.A;;;;2000;Senior;09/10/2026;RP;80,19;0;1;6,94;12,76;5,2;5,29;15,4;3,461;3,409;0,0525;2;4,10;0,0655;98,098;
XS0070553820;BEI 06/11/2026 USD ZC;06/11/2026;USD;SOV_BEI;European Investment Bank;AAA;;;1000;Senior;09/10/2026;RP;99,672;0;2;5,12;0,06;4,8;4,8;0,06;2,481;2,481;0;;;0;13,362;
XS0071948540;UBS 29/01/2027 ZC;29/01/2027;EUR;UBS;UBS Group AG;;;;1000;Senior;09/10/2026;RP;98,55;0;4;5,06;0,28;4,16;4,16;0,28;2,358;2,358;0;;;0;12,55;
XS0071996515;MORGAN GUARANTY TRUST 21/01/2027 ZC;21/01/2027;EUR;MORGANSTANLEY;Morgan Stanley;;;;1000;Senior;09/10/2026;RP;99,12;0;4;3,28;0,27;1,92;1,92;0,27;0,605;0,605;0;;;0;13;
XS0074789503;EBRD 07/04/2027 ZC ZAR;07/04/2027;ZAR;SOV_EBRD;European Bank for Reconstruction and Development;AAA;;;5000;Senior;09/10/2026;RP;96,67;0;1;7,28;0,45;6,43;6,43;0,45;4,355;4,355;0;0;;0;2,35;
XS0076085603;DEUTSCHE BANK 27/05/2027 ZC ZAR;27/05/2027;ZAR;DEUTSCHEBANK;Deutsche Bank AG;;;;5000;Senior;09/10/2026;RP;95,26;0;1;8,16;0,57;6,62;6,62;0,58;5,132;5,132;0;;;0;2,95;
XS0076593267;EUROPEAN BANK FOR RECONSTRUCTION AND DEVELOPMENT 17/06/2027 ZAR ZC;17/06/2027;ZAR;SOV_EBRD;European Bank for Reconstruction and Development;AAA;;;5000;Senior;09/10/2026;RP;95,311;0;1;7,35;0,63;6,68;6,68;0,63;4,289;4,289;0;;;0;3,3;
XS0080713497;EUROPEAN BANK FOR RECONSTRUCTION AND DEVELOPMENT 30/12/2027 ZAR ZC;30/12/2027;ZAR;SOV_EBRD;European Bank for Reconstruction and Development;AAA;;;50000;Senior;09/10/2026;RP;91,3;0;1;7,79;1,13;7,18;7,18;1,13;4,514;4,514;0;;;0;3,31;
XS0082720698;WORLD BANK 29/12/2028 ZC ZAR;29/12/2028;ZAR;SOV_WORLDBANK;World Bank;;;;5000;Senior;09/10/2026;LP;84,77;105000;1;7,76;2,05;7,16;7,16;2,07;4,346;4,346;0;0;;0;2,96;
XS0082826255;EBRD 29/12/2028 ZC ZAR;29/12/2028;ZAR;SOV_EBRD;European Bank for Reconstruction and Development;AAA;;;50000;Senior;09/10/2026;LP;85;100000;1;7,63;2,06;7;7;2,07;4,215;4,215;0;0;;0;2,9;
XS0083662923;BERS 04/02/2048 ZC;04/02/2048;ITL;SOV_EBRD;European Bank for Reconstruction and Development;AAA;;;516;Senior;09/10/2026;RP;30,66;0;0;5,7;20,18;5,6;5,6;20,19;2,097;2,097;0;;;0;6,133;
XS0084291201;EBRD 31/12/2029 ZC ZAR;31/12/2029;ZAR;SOV_EBRD;European Bank for Reconstruction and Development;AAA;;;50000;Senior;09/10/2026;LP;78,95;350000;1;7,63;2,99;7,07;7,07;3,01;4,173;4,173;0;0;;0;3,05;
XS0085727559;BEI 07/12/2028 6% GBP;07/12/2028;GBP;SOV_BEI;European Investment Bank;AAA;;;1000;Senior;09/10/2026;RP;102,03;0;1;4,97;1,89;4,23;4,23;1,92;1,565;1,572;0,06;1;12;0,0588;99,164;
XS0096499057;BEI 15/04/2039 5% GBP;15/04/2039;GBP;SOV_BEI;European Investment Bank;AAA;;;1000;Senior;09/10/2026;LP;94,12;25000;1;5,66;8,76;4,97;5,02;9,13;2,047;2,074;0,05;1;4;0,0531;99,741;
XS0114126294;BEI 07/06/2032 5,625% GBP;07/06/2032;GBP;SOV_BEI;European Investment Bank;AAA;;;1000;Senior;09/10/2026;RP;102,37;0;1;5,12;4,68;4,43;4,43;4,79;1,64;1,648;0,05625;1;6;0,0549;99,115;
XS0161100515;TELECOM ITALIA FINANCE 24/01/2033 7,75%;24/01/2033;EUR;TELECOMITALIA;Telecom Italia;;;;1000;Senior;09/10/2026;LP;114,11;188000;2;5,06;4,8;3,21;3,21;5,15;1,571;1,583;0,0775;1;1;0,0679;98,239;
XS0162990229;EDF 21/02/2033 5,625%;21/02/2033;EUR;EDF;Electricite de France S.A;;;;1000;Senior;09/10/2026;LP;107,58;5000;1;4,24;5,16;2,84;2,84;5,45;0,742;0,75;0,05625;1;2;0,0523;98,898;
XS0202407093;BEI 12/10/2054 4,625% GBP;12/10/2054;GBP;SOV_BEI;European Investment Bank;AAA;;;1000;Senior;09/10/2026;LP;81,3;30000;2;6,02;14,1;5,31;5,35;15,2;2,525;2,485;0,04625;1;10;0,0569;101,44;
XS0214965963;TELECOM ITALIA 17/03/2055 5,25%;17/03/2055;EUR;TELECOMITALIA;Telecom Italia;;;;100000;Senior;09/10/2026;LP;93,66;200000;2;5,7;13,71;4,24;4,27;16,22;2,212;2,167;0,0525;1;3;0,0561;99,667;
XS0219724878;BEI 15/10/2037 4%;15/10/2037;EUR;SOV_BEI;European Investment Bank;AAA;;;1000;Senior;09/10/2026;LP;101,6;89000;1;3,82;8,46;3,32;3,32;8,74;0,229;0,246;0,04;1;10;0,0394;99,214;
XS0229567440;GENERAL ELETRIC 19/09/2035 4,125%;19/09/2035;EUR;GENERALELECTRIC;General Electric Company;;;;1000;T2;09/10/2026;LP;99,96;20000;1;4,13;7,33;3,05;3,05;7,7;0,584;0,595;0,04125;1;9;0,0413;98,65;
XS0295479983;BEI 07/03/2044 4,5% GBP;07/03/2044;GBP;SOV_BEI;European Investment Bank;AAA;;;1000;Senior;09/10/2026;LP;84,25;170000;1;5,98;10,91;5,27;5,35;11,51;2,347;2,371;0,045;1;3;0,0534;99,81;
XS0306646042;ENEL 21/06/2027 5,625%;21/06/2027;EUR;ENEL;ENEL;;;;50000;Senior;09/10/2026;RP;101,6;0;1;3,21;0,67;1,79;1,79;0,68;0,134;0,134;0,05625;1;6;0,0554;99,834;
XS0415532273;BEI 07/06/2029 4,5% GBP;07/06/2029;GBP;SOV_BEI;European Investment Bank;AAA;;;1000;Senior;09/10/2026;LP;99;23000;2;4,9;2,4;4,3;4,34;2,43;1,469;1,476;0,045;1;6;0,0455;99,092;
XS0452187320;ENEL 14/09/2040 5,75% GBP;14/09/2040;GBP;ENEL;ENEL;;;;50000;Senior;09/10/2026;LP;91;100000;1;6,77;9,08;5,05;5,18;10,05;3,131;3,166;0,0575;1;9;0,0632;99,395;
XS0461641309;DEUTSCHE BANK 12/07/2030 2,32%;12/07/2030;EUR;DEUTSCHEBANK;Deutsche Bank AG;;;;1000;Senior;09/10/2026;LP;97,39;14000;1;3,99;3,42;2,96;3,14;3,5;0,535;0,539;0,0323;1;7;0,0332;100;
XS0468535637;QATAR 20/01/2040 6,4% USD Call;20/01/2040;USD;GOV_QA;Qatar;AA;Aa2;;100000;Senior;09/10/2026;RP;102,33;0;0;6,23;8,53;5,42;5,42;8,98;2,606;2,641;0,064;2;1,7;0,0625;100;
XS0505157965;BEI 15/04/2030 4%;15/04/2030;EUR;SOV_BEI;European Investment Bank;AAA;;;1000;Senior;09/10/2026;LP;101,9;257000;1;3,41;3,17;2,91;2,91;3,21;-0,043;-0,037;0,04;1;4;0,0393;98,697;
XS0553728709;DEUTSCHE TELEKOM INTERNATIONAL FINANCE 28/10/2030 4,5%;28/10/2030;EUR;DEUTSCHETELEKOM;Deutsche Telekom AG;;;;1000;Senior;09/10/2026;RP;103,16;0;1;3,64;3,51;2,49;2,49;3,64;0,182;0,187;0,045;1;10;0,0436;98,519;
XS0740808802;BEI 08/06/2037 3,875% GBP;08/06/2037;GBP;SOV_BEI;European Investment Bank;AAA;;;1000;Senior;09/10/2026;LP;86,34;10000;1;5,61;8,18;4,95;5,08;8,43;2,026;2,043;0,03875;1;6;0,0449;98,283;
XS0752034206;BEI 14/03/2042 3,625%;14/03/2042;EUR;SOV_BEI;European Investment Bank;AAA;;;1000;Senior;09/10/2026;LP;98,9;7000;1;3,72;11,39;3,26;3,26;11,8;0,08;0,101;0,03625;1;3;0,0367;98,847;
XS0755873253;BEI 15/04/2027 3,5%;15/04/2027;EUR;SOV_BEI;European Investment Bank;AAA;;;1000;Senior;09/10/2026;LP;100,24;105000;1;2,99;0,49;2,56;2,56;0,49;0,047;0,047;0,035;1;4;0,0349;99,763;
XS0819573394;DEUTSCHE BANK 21/08/2032 ZC ZAR;21/08/2032;ZAR;DEUTSCHEBANK;Deutsche Bank AG;;;;10000;Senior;09/10/2026;RP;58,54;0;1;9,58;5,35;7,86;7,86;5,43;6,085;6,085;0;;;0;25;
XS0875797515;DEUTSCHE TELEKOM INTERNATIONAL FINANCE 17/01/2028 3,25%;17/01/2028;EUR;DEUTSCHETELEKOM;Deutsche Telekom AG;;;;1000;Senior;09/10/2026;RP;100,04;0;1;3,21;1,19;2,35;2,35;1,21;-0,075;-0,071;0,0325;1;1;0,0325;98,72;
XS0876771840;DEUTSCHE BANK 16/01/2028 ZC ZAR;16/01/2028;ZAR;DEUTSCHEBANK;Deutsche Bank AG;;;;10000;Senior;09/10/2026;RP;90,18;0;1;8,55;1,16;7,57;7,86;1,17;5,264;5,264;0;;;0;34,8;
XS0878008225;BEI 15/03/2035 2,625%;15/03/2035;EUR;SOV_BEI;European Investment Bank;AAA;;;1000;Senior;09/10/2026;LP;92,2;10000;1;3,72;7,24;3,27;3,37;7,36;0,185;0,192;0,02625;1;3;0,0285;99,029;
XS0884635524;BEI 15/03/2040 2,75%;15/03/2040;EUR;SOV_BEI;European Investment Bank;AAA;;;1000;Senior;09/10/2026;RP;89,62;0;1;3,75;10,67;3,3;3,38;10,96;0,119;0,136;0,0275;1;3;0,0307;99,618;
XS0908570459;VOLKSWAGEN INTERNATIONAL FINANCE 22/03/2033 3,3% ;22/03/2033;EUR;VOLKSWAGEN;Volkswagen AG;;;;100000;Senior;09/10/2026;RP;91,84;0;1;4,8;5,5;3,58;3,9;5,71;1,304;1,31;0,033;1;3;0,0359;100;
XS0960306578;BEI 13/09/2030 2,75%;13/09/2030;EUR;SOV_BEI;European Investment Bank;AAA;;;1000;Senior;09/10/2026;LP;98,69;10000;1;3,11;3,65;2,72;2,76;3,68;-0,35;-0,347;0,0275;1;9;0,0279;99,929;
XS0975634204;BEI 14/10/2033 3%;14/10/2033;EUR;SOV_BEI;European Investment Bank;AAA;;;1000;Senior;09/10/2026;LP;96,2;338000;2;3,62;6;3,18;3,24;6,11;0,12;0,125;0,03;1;10;0,0312;99,568;
XS1023703090;ENI 29/01/2029 3,625%;29/01/2029;EUR;ENI;Eni;;;;100000;Senior;09/10/2026;RP;99,97;0;1;3,63;2,12;2,69;2,69;2,16;0,22;0,225;0,03625;1;1;0,0363;99,374;
XS1069928783;RABOBANK NEDERLAND 23/05/2034 ZC ZAR;23/05/2034;ZAR;RABOBANK;Rabobank;;;;100000;Senior;09/10/2026;RP;49,62;0;1;9,65;6,94;8,91;9;6,99;6,127;6,127;0;;;0;17,5;
XS1107247725;BEI 15/09/2045 1,75%;15/09/2045;EUR;SOV_BEI;European Investment Bank;AAA;;;1000;Senior;09/10/2026;LP;70,57;10000;1;4;15,01;3,56;3,72;15,4;0,374;0,382;0,0175;1;9;0,0248;97,218;
XS1107718279;BEI GREEN BOND 13/11/2026 1,25%;13/11/2026;EUR;SOV_BEI;European Investment Bank;AAA;;;1000;Senior;09/10/2026;LP;99,859;50000;1;2,92;0,08;2,56;2,76;0,08;0,277;0,277;0,0125;1;11;0,0125;98,738;
XS1110833123;BAHRAIN 19/09/2044 6% USD;19/09/2044;USD;GOV_BH;Bahrain;B;B2;;200000;Senior;09/10/2026;RP;72,58;0;0;9,35;9,08;8,25;8,36;9,79;5,714;5,75;0,06;2;3,9;0,0827;100;
XS1120892507;TELEFONICA EMISIONES 17/10/2029 2,932%;17/10/2029;EUR;TELEFONICA;Telefonica;;;;100000;Senior;09/10/2026;RP;97,46;0;0;3,84;2,73;2,85;3,07;2,8;0,398;0,401;0,02932;1;10;0,0301;100;
XS1135277140;SHELL INTERNATIONAL FINANCE 20/01/2027 1,625%;20/01/2027;EUR;SHELL;Shell plc;;;;100000;Senior;09/10/2026;RP;99,53;0;0;3,37;0,26;2,5;2,94;0,26;0,705;0,705;0,01625;1;1;0,0163;99,02;
XS1167524922;BEI 21/12/2026 8,125% ZAR;21/12/2026;ZAR;SOV_BEI;European Investment Bank;AAA;;;5000;Senior;09/10/2026;LP;100,07;1835000;1;7,49;0,18;6,53;6,53;0,18;4,846;4,846;0,08125;1;12;0,0812;100,515;
XS1167667283;VOLKSWAGEN INTERNATIONAL FINANCE 16/01/2030 1,625%;16/01/2030;EUR;VOLKSWAGEN;Volkswagen AG;;;;1000;Senior;09/10/2026;LP;92,37;16000;1;4,17;3,03;3,12;3,72;3,07;0,725;0,728;0,01625;1;1;0,0176;98,99;
XS1180130939;RABOBANK 03/02/2027 1,375%;03/02/2027;EUR;RABOBANK;Rabobank;;;;1000;Senior;09/10/2026;RP;99,294;0;0;3,69;0,3;2,74;3,32;0,3;0,973;0,973;0,01375;1;2;0,0138;99,114;
XS1183208328;BEI 14/03/2031 1%;14/03/2031;EUR;SOV_BEI;European Investment Bank;AAA;;;1000;Senior;09/10/2026;LP;89,98;26000;2;3,49;4,17;3,07;3,35;4,18;0,02;0,022;0,01;1;3;0,0111;99,852;
XS1204154410;CREDITE AGRICOLE 17/03/2027 2,625% Tier 2;17/03/2027;EUR;CREDITEAGRICOLE;Credit Agricole Group;;;;100000;T2;09/10/2026;RP;99,71;0;1;3,3;0,41;2,44;2,62;0,41;0,435;0,435;0,02625;1;3;0,0263;99,969;
XS1208855889;BULGARIA 26/03/2027 2,625%;26/03/2027;EUR;GOV_BG;Bulgaria;BBB+;Baa1;;100000;Senior;09/10/2026;RP;99,761;0;0;3,15;0,44;2,76;2,81;0,44;0,256;0,256;0,02625;1;3;0,0263;98,918;
XS1208856341;BULGARIA 26/03/2035 3,125%;26/03/2035;EUR;GOV_BG;Bulgaria;BBB+;Baa1;;100000;Senior;09/10/2026;RP;90,05;0;1;4,57;7,04;4,02;4,15;7,19;1,033;1,041;0,03125;1;3;0,0347;97,982;
XS1209947271;POLONIA 10/05/2027 0,875%;10/05/2027;EUR;GOV_PL;Polonia;A-;A3;;1000;Senior;09/10/2026;LP;98,9;25000;1;2,83;0,56;2,48;2,71;0,56;-0,159;-0,159;0,00875;1;5;0,0088;98,34;
XS1218809389;WORLD BANK 16/04/2030 0,5%;16/04/2030;EUR;SOV_WORLDBANK;World Bank;;;;1000;Senior;09/10/2026;LP;91,78;68000;1;3;3,37;2,64;2,94;3,38;-0,449;-0,448;0,005;1;4;0,0054;99,626;
XS1238805102;WORLD BANK 29/05/2035 ZC ZAR;29/05/2035;ZAR;SOV_WORLDBANK;World Bank;;;;10000;Senior;09/10/2026;LP;49,16;110000;1;8,58;7,95;8,2;8,2;7,98;5,04;5,04;0;0;;0;17,5;
XS1313004928;ROMANIA 29/10/2035 3,875%;29/10/2035;EUR;GOV_RO;Romania;BBB-;Baa3;;1000;Senior;09/10/2026;LP;84,48;50000;2;6,16;6,92;5,44;5,63;7,13;2,614;2,626;0,03875;1;10;0,0459;99,248;
XS1346201889;POLONIA 18/01/2036 2,375%;18/01/2036;EUR;GOV_PL;Polonia;A-;A3;;1000;Senior;09/10/2026;RP;84,99;0;1;4,38;7,83;3,87;4,05;7,98;0,826;0,835;0,02375;1;1;0,0279;98,499;
XS1347679448;BEI 12/11/2026 1,75% SEK;12/11/2026;SEK;SOV_BEI;European Investment Bank;AAA;;;10000;Senior;09/10/2026;LP;99,875;30000;1;3,24;0,08;2,83;3,02;0,08;0,594;0,594;0,0175;1;11;0,0175;99,13;
XS1361554584;BEI 15/09/2036 1,125%;15/09/2036;EUR;SOV_BEI;European Investment Bank;AAA;;;1000;Senior;09/10/2026;LP;78,01;7000;1;3,83;9,01;3,4;3,66;9,09;0,264;0,268;0,01125;1;9;0,0144;97,98;
XS1362373224;GOLDMAN SACHS 12/02/2031 3%;12/02/2031;EUR;GOLDMAN;Goldman Sachs;;;;1000;Senior;09/10/2026;RP;98,25;0;1;3,44;3,91;2,55;2,65;4,01;-0,026;-0,022;0,03;1;2;0,0305;100;
XS1382696398;BULGARIA 21/03/2028 3%;21/03/2028;EUR;GOV_BG;Bulgaria;BBB+;Baa1;;100000;Senior;09/10/2026;RP;99,55;0;0;3,31;1,36;2,91;2,93;1,37;-0,007;-0,003;0,03;1;3;0,0301;98,237;
XS1382791975;DEUTSCHE TELECOM 03/04/2028 1,5%;03/04/2028;EUR;DEUTSCHETELEKOM;Deutsche Telekom AG;;;;1000;Senior;09/10/2026;RP;97,1;0;1;3,55;1,41;2,63;3,14;1,42;0,222;0,224;0,015;1;4;0,0154;99,162;
XS1412711217;ENI 17/05/2028 1,625%;17/05/2028;EUR;ENI;Eni;;;;100000;Senior;09/10/2026;RP;97,11;0;1;3,52;1,52;2,61;3,07;1,53;0,17;0,172;0,01625;1;5;0,0167;98,73;
XS1420357318;ROMANIA 26/05/2028 2,875%;26/05/2028;EUR;GOV_RO;Romania;BBB-;Baa3;;1000;Senior;09/10/2026;LP;98,59;174000;2;3,78;1,53;3,31;3,41;1,54;0,43;0,433;0,02875;1;5;0,0292;98,84;
XS1422953932;BEI 14/04/2032 1%;14/04/2032;EUR;SOV_BEI;European Investment Bank;AAA;;;1000;Senior;09/10/2026;RP;87,51;0;1;3,54;5,16;3,11;3,4;5,19;0,056;0,058;0,01;1;4;0,0114;99,738;
XS1463101680;VODAFONE GROUP 29/07/2031 1,6%;29/07/2031;EUR;VODAFONE;Vodafone Group;;;;100000;Senior;09/10/2026;RP;89,62;0;1;4,02;4,45;3,01;3,58;4,51;0,553;0,555;0,016;1;7;0,0179;99,79;
XS1493328477;ENI 19/09/2028 1,125%;19/09/2028;EUR;ENI;Eni;;;;100000;Senior;09/10/2026;RP;95,78;0;1;3,41;1,86;2,54;3,09;1,87;0,029;0,03;0,01125;1;9;0,0117;98,824;
XS1500338618;BEI GREEN BOND 13/11/2037 0,5%;13/11/2037;EUR;SOV_BEI;European Investment Bank;AAA;;;1000;Senior;09/10/2026;RP;70,37;0;1;3,83;10,28;3,42;3,75;10,34;0,239;0,242;0,005;1;11;0,0071;97,75;
XS1503043694;BEI 14/09/2029 0,25%;14/09/2029;EUR;SOV_BEI;European Investment Bank;AAA;;;1000;Senior;09/10/2026;LP;91,5;137000;1;3,35;2,82;2,95;3,31;2,82;-0,087;-0,086;0,0025;1;9;0,0027;99,065;
XS1503131713;TERNA 11/10/2028 1%;11/10/2028;EUR;TERNA;Terna S.p.A;;;;100000;Senior;09/10/2026;RP;95,23;0;1;3,52;1,92;2,62;3,23;1,93;0,126;0,127;0,01;1;10;0,0105;98,882;
XS1505567088;BEI 13/09/2047 0,875%;13/09/2047;EUR;SOV_BEI;European Investment Bank;AAA;;;1000;Senior;09/10/2026;RP;55,88;0;1;4,04;17,7;3,64;3,88;18;0,429;0,432;0,00875;1;9;0,0157;96,743;
XS1505573482;SNAM 25/10/2026 0,875%;25/10/2026;EUR;SNAM;Snam S.p.A;;;;100000;Senior;09/10/2026;RP;100,05;0;1;-0,64;0,03;-0,88;-0,88;0,03;-3,28;-3,28;0,00875;1;10;0,0087;99,506;
XS1508450688;UNICREDIT 24/10/2026 2,125%;24/10/2026;EUR;UNICREDIT;UniCredit S.p.A;;;;100000;Senior;09/10/2026;RP;99,99;0;1;2,43;0,03;1,8;1,89;0,03;-0,208;-0,208;0,02125;1;10;0,0213;100;
XS1508566392;POLONIA 25/10/2028 1%;25/10/2028;EUR;GOV_PL;Polonia;A-;A3;;1000;Senior;09/10/2026;LP;95,84;20000;1;3,14;1,94;2,76;3,01;1,95;-0,25;-0,249;0,01;1;10;0,0104;99,35;
XS1508566558;POLONIA 25/10/2046 2%;25/10/2046;EUR;GOV_PL;Polonia;A-;A3;;1000;Senior;09/10/2026;RP;64,61;0;1;4,79;14,54;4,28;4,45;15,07;1,168;1,176;0,02;1;10;0,031;97,313;
XS1508585772;WORLD BANK 12/01/2033 0,625%;12/01/2033;EUR;SOV_WORLDBANK;World Bank;;;;1000;Senior;09/10/2026;RP;83,75;0;1;3,57;5,89;3,16;3,48;5,92;0,08;0,081;0,00625;1;1;0,0075;99,25;
XS1508675508;ARABIA SAUDITA 26/10/2046 4,5% USD;26/10/2046;USD;GOV_SA;Arabia Saudita;A+;Aa3;;200000;Senior;09/10/2026;RP;74,62;0;1;6,96;11,13;6,16;6,26;11,9;3,345;3,365;0,045;2;4,10;0,0603;98,015;
XS1508912646;ACEA 24/10/2026 1% CALLABLE;24/10/2026;EUR;ACEA;Acea Energia;;;;100000;Senior;09/10/2026;RP;100,13;0;1;-3,23;0,03;-3,54;-3,54;0,03;-5,87;-5,87;0,01;1;10;0,01;98,38;
XS1528093799;AUTOSTRADE 01/02/2027 1,75%;01/02/2027;EUR;AUTOSTRADE;Autostrade per l'Italia S.p.A;;;;100000;Senior;09/10/2026;RP;99,62;0;1;3,01;0,3;2,23;2,54;0,3;0,293;0,293;0,0175;1;2;0,0176;99,05;
XS1538284230;CREDITE AGRICOLE 20/12/2026 1,875%;20/12/2026;EUR;CREDITEAGRICOLE;Credit Agricole Group;;;;100000;Senior;09/10/2026;RP;99,79;0;0;3;0,18;2,22;2,51;0,18;0,357;0,357;0,01875;1;12;0,0188;99,504;
XS1547492410;BEI 11/01/2027 8% MXN;11/01/2027;MXN;SOV_BEI;European Investment Bank;AAA;;;1000;Senior;09/10/2026;LP;100,193;2568000;2;6,97;0,23;6,03;6,03;0,23;4,328;4,328;0,08;1;1;0,0798;100,855;
XS1551068676;ENI 17/01/2027 1,5%;17/01/2027;EUR;ENI;Eni;;;;100000;Senior;09/10/2026;RP;99,61;0;0;2,99;0,26;2,22;2,59;0,26;0,335;0,335;0,015;1;1;0,0151;99,23;
XS1551917591;ITALGAS 19/01/2027 1,625%;19/01/2027;EUR;ITALGAS;Italgas S.p.A.;;;;100000;Senior;09/10/2026;RP;99,58;0;0;3,2;0,26;2,37;2,77;0,26;0,536;0,536;0,01625;1;1;0,0163;99,17;
XS1555331617;BEI 15/01/2027 0,5%;15/01/2027;EUR;SOV_BEI;European Investment Bank;AAA;;;1000;Senior;09/10/2026;RP;99,509;0;1;2,43;0,25;2,13;2,36;0,25;-0,221;-0,221;0,005;1;1;0,005;98,958;
XS1558078496;EGITTO 31/01/2047 8,5% USD;31/01/2047;USD;GOV_EG;Egitto;B;Caa1;;200000;Senior;09/10/2026;RP;88;0;1;10,12;8,36;8,86;8,89;9,19;6,499;6,534;0,085;2;1,7;0,0966;100;
XS1566126345;BEI 16/02/2027 ZC TRY;16/02/2027;TRY;SOV_BEI;European Investment Bank;AAA;;;1000;Senior;09/10/2026;LP;89,479;250000;1;37,99;0,25;35,93;39,96;0,25;35,226;35,226;0;;;0;39,875;
XS1578046937;WORLD BANK 13/03/2027 ZC MXN;13/03/2027;MXN;SOV_WORLDBANK;World Bank;;;;50000;Senior;09/10/2026;RP;97,137;0;1;7,27;0,39;6,77;6,77;0,39;4,423;4,423;0;0;;0;49,645;
XS1584894650;POLONIA 22/10/2027 1,375%;22/10/2027;EUR;GOV_PL;Polonia;A-;A3;;1000;Senior;09/10/2026;RP;98,37;0;1;3,01;0,98;2,64;2,83;0,98;-0,213;-0,213;0,01375;1;10;0,014;99,068;
XS1586555945;VOLKSWAGEN 30/03/2027 1,875%;30/03/2027;EUR;VOLKSWAGEN;Volkswagen AG;;;;100000;Senior;09/10/2026;RP;99,35;0;1;3,3;0,45;2,45;2,8;0,45;0,403;0,403;0,01875;1;3;0,0189;98,913;
XS1588672144;BEI 07/07/2027 6,5% MXN;07/07/2027;MXN;SOV_BEI;European Investment Bank;AAA;;;1000;Senior;09/10/2026;LP;99,5;701000;1;7,16;0,68;6,3;6,34;0,69;4,062;4,062;0,065;1;7;0,0653;96,045;
XS1596778008;UNICREDIT 12/04/2027 4,625% USD;12/04/2027;USD;UNICREDIT;UniCredit S.p.A;;;;200000;Senior;09/10/2026;RP;100,15;0;1;4,28;0,48;3,08;3,08;0,48;1,342;1,342;0,04625;1;4;0,0462;99,085;
XS1599193403;ROMANIA 19/04/2027 2,375%;19/04/2027;EUR;GOV_RO;Romania;BBB-;Baa3;;1000;Senior;09/10/2026;LP;99,501;127000;2;3,35;0,5;2,93;3,05;0,5;0,4;0,4;0,02375;1;4;0,0239;99,683;
XS1603892149;MORGAN STANLEY 27/04/2027 1,875%;27/04/2027;EUR;MORGANSTANLEY;Morgan Stanley;;;;100000;Senior;09/10/2026;RP;99,3;0;0;3,2;0,52;2,37;2,7;0,52;0,231;0,231;0,01875;1;4;0,0189;99,774;
XS1605368536;BEI 05/05/2027 8% ZAR;05/05/2027;ZAR;SOV_BEI;European Investment Bank;AAA;;;5000;Senior;09/10/2026;LP;100,499;1100000;1;6,93;0,52;5,96;5,96;0,53;3,952;3,952;0,08;1;5;0,0796;97,759;
XS1610697366;GOLDMAN SACHS 26/04/2028 STEP UP 3,2% - 4,10% USD CALLABLE;26/04/2028;USD;GOLDMAN;Goldman Sachs;;;;2000;Senior;09/10/2026;RP;96,6;0;1;6,44;1,41;4,78;5,36;1,43;3,1;3,105;0,04;0;4;0,0414;100;
XS1612977717;BEI 13/04/2033 1,125%;13/04/2033;EUR;SOV_BEI;European Investment Bank;AAA;;;1000;Senior;09/10/2026;RP;85,78;0;1;3,62;6,03;3,19;3,46;6,07;0,123;0,125;0,01125;1;4;0,0131;98,62;
XS1619568139;LITUANIA 26/05/2047 2,1%;26/05/2047;EUR;GOV_LT;Lituania;A;A2;;1000;Senior;09/10/2026;RP;64,06;0;1;4,91;14,89;4,39;4,56;15,44;1,297;1,305;0,021;1;5;0,0328;98,079;
XS1641457277;BEI GREEN BOND 15/11/2047 1,5%;15/11/2047;EUR;SOV_BEI;European Investment Bank;AAA;;;1000;Senior;09/10/2026;RP;63,86;0;1;4,09;16,29;3,65;3,84;16,77;0,482;0,487;0,015;1;11;0,0235;99,688;
XS1652855815;VODAFONE GROUP 24/07/2027 1,5%;24/07/2027;EUR;VODAFONE;Vodafone Group;;;;100000;Senior;09/10/2026;RP;98,74;0;0;3,16;0,75;2,34;2,76;0,76;0,032;0,032;0,015;1;7;0,0152;99,733;
XS1652866002;TERNA 26/07/2027 1,375%;26/07/2027;EUR;TERNA;Terna S.p.A;;;;100000;Senior;09/10/2026;RP;98,69;0;1;3,09;0,76;2,29;2,72;0,76;-0,042;-0,042;0,01375;1;7;0,0139;99,602;
XS1675862103;BAHRAIN 20/09/2047 7,5% USD;20/09/2047;USD;GOV_BH;Bahrain;B;B2;;200000;Senior;09/10/2026;LP;85,38;800000;1;9,28;9,17;8,13;8,17;10,03;5,663;5,691;0,075;2;3,9;0,0878;100;
XS1685542497;ITALGAS 18/01/2029 1,625%;18/01/2029;EUR;ITALGAS;Italgas S.p.A.;;;;100000;Senior;09/10/2026;RP;95,17;0;1;3,89;2,13;2,89;3,45;2,15;0,479;0,482;0,01625;1;1;0,0171;99,746;
XS1694218469;ARABIA SAUDITA 04/10/2047 4,625% USD;04/10/2047;USD;GOV_SA;Arabia Saudita;A+;Aa3;;200000;Senior;09/10/2026;RP;75,71;0;0;6,93;11,62;6,12;6,21;12,42;3,323;3,34;0,04625;2;4,10;0,0611;99,39;
XS1696445516;UNGHERIA 10/10/2027 1,75%;10/10/2027;EUR;GOV_HU;Ungheria;BBB-;Baa2;;1000;Senior;09/10/2026;LP;98,64;40000;2;3,16;0,96;2,77;2,93;0,96;-0,054;-0,054;0,0175;1;10;0,0177;98,592;
XS1713462668;CROAZIA 15/06/2028 2,7%;15/06/2028;EUR;GOV_HR;Croazia;A;A3;;100000;Senior;09/10/2026;RP;98,9;0;0;3,38;1,59;2,96;3,02;1,6;0,023;0,026;0,027;1;6;0,0273;98,302;
XS1713475306;CROAZIA 27/01/2030 2,75%;27/01/2030;EUR;GOV_HR;Croazia;A;A3;;100000;Senior;09/10/2026;RP;97,34;0;0;3,62;3,02;3,18;3,25;3,05;0,169;0,173;0,0275;1;1;0,0283;97,943;
XS1717013335;IFC 15/11/2027 ZC TRY;15/11/2027;TRY;IFC;International Finance Corporation;;;;10000;Senior;09/10/2026;LP;72,99;100000;1;33,47;0,82;32,3;35,03;0,81;30,23;30,23;0;;;0;35;
XS1721422902;VODAFONE GROUP 20/11/2037 2,875%;20/11/2037;EUR;VODAFONE;Vodafone Group;;;;100000;Senior;09/10/2026;RP;84,73;0;0;4,67;8,82;3,52;3,83;9,31;1,075;1,089;0,02875;1;11;0,0339;98,229;
XS1747444831;BMW FINANCE 10/01/2028 1,125%;10/01/2028;EUR;BMW;Bayerische Motoren Werke AG;;;;1000;Senior;09/10/2026;RP;97,23;0;1;3,44;1,19;2,55;3,13;1,2;0,155;0,156;0,01125;1;1;0,0116;99,831;
XS1753042743;BEI 16/10/2048 1,5%;16/10/2048;EUR;SOV_BEI;European Investment Bank;AAA;;;1000;Senior;09/10/2026;RP;62,41;0;1;4,13;16,75;3,7;3,88;17,26;0,538;0,54;0,015;1;10;0,024;98,138;
XS1768067297;ROMANIA 08/02/2030 2,5%;08/02/2030;EUR;GOV_RO;Romania;BBB-;Baa3;;1000;Senior;09/10/2026;LP;93,15;116000;1;4,77;3,03;4,19;4,44;3,05;1,322;1,326;0,025;1;2;0,0268;99,133;
XS1768074319;ROMANIA 08/02/2038 3,375%;08/02/2038;EUR;GOV_RO;Romania;BBB-;Baa3;;1000;Senior;09/10/2026;LP;75,57;20000;1;6,48;8,47;5,75;5,98;8,74;2,885;2,904;0,03375;1;2;0,0447;98,929;
XS1775617464;EGITTO 21/02/2048 7,903% USD;21/02/2048;USD;GOV_EG;Egitto;B;Caa1;;200000;Senior;09/10/2026;RP;82,74;0;1;10,09;8,66;7,51;7,62;10,63;6,483;6,51;0,07903;2;2,8;0,0955;100;
XS1784311703;UNIPOL 01/03/2028 3,875% T2;01/03/2028;EUR;UNIPOL;Unipol Sai;;;;100000;T2;09/10/2026;RP;100,21;0;1;3,7;1,3;2,7;2,7;1,32;0,388;0,393;0,03875;1;3;0,0387;100;
XS1785340172;INTESA SANPAOLO 20/03/2028 1,75%;20/03/2028;EUR;INTESASP;Intesa Sanpaolo;;;;100000;Senior;09/10/2026;RP;97,22;0;1;3,77;1,37;2,8;3,29;1,38;0,449;0,451;0,0175;1;3;0,018;99,266;
XS1791485011;BEI 14/01/2028 0,875%;14/01/2028;EUR;SOV_BEI;European Investment Bank;AAA;;;1000;Senior;09/10/2026;LP;97,5;5000;1;2,93;1,21;2,57;2,82;1,21;-0,351;-0,35;0,00875;1;1;0,009;99,85;
XS1791939736;ARABIA SAUDITA 17/04/2049 5% USD;17/04/2049;USD;GOV_SA;Arabia Saudita;A+;Aa3;;200000;Senior;09/10/2026;RP;78,73;0;1;6,99;11,4;6,16;6,22;12,3;3,398;3,405;0,05;2;4,10;0,0635;97,826;
XS1796209010;GOLDMAN SACHS 22/03/2028 2%;22/03/2028;EUR;GOLDMAN;Goldman Sachs;;;;1000;Senior;09/10/2026;RP;97,82;0;1;3,57;1,37;2,65;3,03;1,38;0,25;0,253;0,02;1;3;0,0204;99,409;
XS1826356773;GOLDMAN SACHS 15/08/2028 4,15% USD;15/08/2028;USD;GOLDMAN;Goldman Sachs;;;;2000;Senior;09/10/2026;RP;98,94;0;1;4,76;1,72;3,52;3,67;1,75;1,379;1,383;0,0415;1;8;0,0419;100;
XS1828033834;DEUTSCHE TELEKOM 01/12/2029 2%;01/12/2029;EUR;DEUTSCHETELEKOM;Deutsche Telekom AG;;;;1000;Senior;09/10/2026;RP;95,54;0;1;3,53;2,91;2,62;2,98;2,96;0,08;0,083;0,02;1;12;0,0209;99,325;
XS1837994794;ROMANIA 15/06/2048 5,125% USD;15/06/2048;USD;GOV_RO;Romania;BBB-;Baa3;;2000;Senior;09/10/2026;LP;74,12;460000;2;7,72;10,81;6,81;6,89;11,68;4,113;4,128;0,05125;2;6,12;0,0691;98,867;
XS1843434876;CROAZIA 19/06/2029 1,125%;19/06/2029;EUR;GOV_HR;Croazia;A;A3;;100000;Senior;09/10/2026;RP;93,94;0;0;3,53;2,56;3,1;3,37;2,57;0,099;0,1;0,01125;1;6;0,012;98,148;
XS1861206636;GOLDMAN SACHS 01/11/2028 2%;01/11/2028;EUR;GOLDMAN;Goldman Sachs;;;;1000;Senior;09/10/2026;RP;97,14;0;1;3,47;1,93;2,57;2,92;1,95;0,071;0,073;0,02;1;11;0,0206;99,427;
XS1892127470;ROMANIA 11/03/2039 4,125%;11/03/2039;EUR;GOV_RO;Romania;BBB-;Baa3;;1000;Senior;09/10/2026;LP;79,14;576000;2;6,64;8,74;5,88;6,04;9,09;3,024;3,049;0,04125;1;3;0,0521;98,55;
XS1892141620;ROMANIA 11/03/2029 2,875%;11/03/2029;EUR;GOV_RO;Romania;BBB-;Baa3;;1000;Senior;09/10/2026;LP;96,73;86000;2;4,33;2,23;3,8;3,95;2,24;0,907;0,912;0,02875;1;3;0,0297;98,652;
XS1893631769;VOLKSWAGEN 16/10/2026 2,25%;16/10/2026;EUR;VOLKSWAGEN;Volkswagen AG;;;;1000;Senior;09/10/2026;RP;100,05;0;1;-3,68;0,01;-4,25;-4,25;0,01;-6,321;-6,321;0,0225;1;10;0,0225;99,993;
XS1910948162;VOLKSWAGEN 16/11/2027 2,625%;16/11/2027;EUR;VOLKSWAGEN;Volkswagen AG;;;;100000;Senior;09/10/2026;RP;98,86;0;1;3,7;1,03;2,75;3;1,04;0,459;0,461;0,02625;1;11;0,0266;99,376;
XS1910948329;VOLKSWAGEN 18/11/2030 3,25%;18/11/2030;EUR;VOLKSWAGEN;Volkswagen AG;;;;100000;Senior;09/10/2026;RP;95,85;0;0;4,38;3,63;3,26;3,5;3,73;0,913;0,917;0,0325;1;11;0,0339;99,296;
XS1910948675;VOLKSWAGEN 16/11/2038 4,125%;16/11/2038;EUR;VOLKSWAGEN;Volkswagen AG;;;;100000;Senior;09/10/2026;RP;90,98;0;0;5,14;8,8;3,84;4;9,51;1,533;1,554;0,04125;1;11;0,0453;99,558;
XS1934867547;ROMANIA 08/12/2026 2%;08/12/2026;EUR;GOV_RO;Romania;BBB-;Baa3;;1000;Senior;09/10/2026;LP;99,9;177000;2;2,64;0,15;2,31;2,38;0,15;-0,004;-0,004;0,02;1;12;0,02;99,078;
XS1936100483;ISRAELE 16/01/2029 1,5%;16/01/2029;EUR;GOV_IL;Israele;A;Baa1;;1000;Senior;09/10/2026;LP;94,12;8000;1;4,28;2,12;3,76;4,08;2,13;0,87;0,873;0,015;1;1;0,0159;99,32;
XS1936302949;ARABIA SAUDITA 16/01/2050 5,25% USD;16/01/2050;USD;GOV_SA;Arabia Saudita;A+;Aa3;;200000;Senior;09/10/2026;RP;81,88;0;1;6,93;11,65;6,1;6,15;12,58;3,351;3,351;0,0525;2;1,7;0,0641;98,614;
XS1938387237;BEI 22/01/2029 0,625%;22/01/2029;EUR;SOV_BEI;European Investment Bank;AAA;;;1000;Senior;09/10/2026;LP;94,5;21000;1;3,17;2,19;2,78;3,08;2,19;-0,245;-0,244;0,00625;1;1;0,0066;100;
XS1941841311;GENERALI 29/01/2029 3,875% T2;29/01/2029;EUR;GENERALI;Generali;;;;100000;T2;09/10/2026;RP;100,21;0;1;3,77;2,11;2,77;2,77;2,15;0,358;0,364;0,03875;1;1;0,0387;100;
XS1948611840;BMW FINANCE 06/02/2029 1,5%;06/02/2029;EUR;BMW;Bayerische Motoren Werke AG;;;;1000;Senior;09/10/2026;RP;95,21;0;1;3,69;2,19;2,75;3,28;2,21;0,277;0,28;0,015;1;2;0,0158;99,375;
XS1956050923;CIPRO 26/02/2034 2,75% ;26/02/2034;EUR;GOV_CY;Cipro;A;A3;;1000;Senior;09/10/2026;RP;95,49;0;1;3,45;6,42;3,03;3,09;6,52;-0,06;-0,054;0,0275;1;2;0,0288;99,093;
XS1958534528;POLONIA GREEN BOND 07/03/2029 1%;07/03/2029;EUR;GOV_PL;Polonia;A-;A3;;1000;Senior;09/10/2026;LP;94,7;56000;1;3,34;2,29;2,93;3,2;2,3;-0,083;-0,081;0,01;1;3;0,0106;99,462;
XS1958656982;BANCA IMI 11/03/2029 STEP UP 1,3% - 3,3%;11/03/2029;EUR;BANCAIMI;Banca IMI;;;;1000;Senior;09/10/2026;RP;99,32;0;1;3,51;2,24;2,6;2,67;2,28;0,087;0,092;0,028;0;3;0,0282;100;
XS1960361720;POLONIA GREEN BOND 08/03/2049 2%;08/03/2049;EUR;GOV_PL;Polonia;A-;A3;;1000;Senior;09/10/2026;LP;61,51;129000;1;4,86;15,78;4,34;4,51;16,42;1,265;1,267;0,02;1;3;0,0325;98,425;
XS1968706876;ROMANIA 03/04/2049 4,625%;03/04/2049;EUR;GOV_RO;Romania;BBB-;Baa3;;1000;Senior;09/10/2026;LP;74,85;503000;3;6,85;11,89;6,05;6,14;12,76;3,254;3,261;0,04625;1;4;0,0618;99,49;
XS1970549561;ROMANIA 03/04/2034 3,5%;03/04/2034;EUR;GOV_RO;Romania;BBB-;Baa3;;1000;Senior;09/10/2026;LP;84,93;15000;2;6,06;6,12;5,35;5,58;6,25;2,548;2,556;0,035;1;4;0,0412;98,65;
XS1972547696;VOLKSWAGEN FINANCIAL SERVICES 01/10/2027 2,25%;01/10/2027;EUR;VOLKSWAGEN;Volkswagen AG;;;;1000;Senior;09/10/2026;LP;98,87;117000;1;3,46;0,93;2,56;2,86;0,94;0,246;0,246;0,0225;1;10;0,0228;99,96;
XS1998930926;WORLD BANK 21/05/2029 0,25%;21/05/2029;EUR;SOV_WORLDBANK;World Bank;;;;1000;Senior;09/10/2026;RP;93,17;0;1;3,02;2,52;2,65;2,98;2,52;-0,411;-0,41;0,0025;1;5;0,0027;99,577;
XS2010026214;UNGHERIA 16/06/2031 4,25%;16/06/2031;EUR;GOV_HU;Ungheria;BBB-;Baa2;;100000;Senior;09/10/2026;LP;100,24;100000;1;4,19;4,11;3,64;3,64;4,18;0,719;0,724;0,0425;1;6;0,0424;98,161;
XS2011151755;DEUTSCHE BANK 07/08/2027 1,02%;07/08/2027;EUR;DEUTSCHEBANK;Deutsche Bank AG;;;;1000;Senior;09/10/2026;RP;97,88;0;1;3,7;0,79;2,74;3,43;0,79;0,553;0,553;0,0102;1;8;0,0104;100;
XS2011151839;DEUTSCHE BANK 31/07/2027 ZC;31/07/2027;EUR;DEUTSCHEBANK;Deutsche Bank AG;;;;1000;Senior;09/10/2026;RP;97,36;0;1;3,41;0,77;2,56;3,2;0,77;0,275;0,275;0;;;0;93,33;
XS2013678086;LITUANIA 19/06/2049 1,625%;19/06/2049;EUR;GOV_LT;Lituania;A;A2;;1000;Senior;09/10/2026;RP;53,96;0;1;5,09;16,52;4,58;4,79;17,1;1,507;1,508;0,01625;1;6;0,0301;97,513;
XS2015227494;BEI 20/06/2029 0,125%;20/06/2029;EUR;SOV_BEI;European Investment Bank;AAA;;;1000;Senior;09/10/2026;LP;91,91;9000;1;3,32;2,59;2,92;3,31;2,6;-0,108;-0,108;0,00125;1;6;0,0014;100;
XS2020595117;WORLD BANK 30/06/2027 ZC MXN;30/06/2027;MXN;SOV_WORLDBANK;World Bank;;;;10000;Senior;09/10/2026;RP;95,145;0;1;7,24;0,66;6,65;6,69;0,67;4,148;4,148;0;0;;0;58,6;
XS2022424993;INTESA SANPAOLO 04/07/2029 1,75%;04/07/2029;EUR;INTESASP;Intesa Sanpaolo;;;;100000;Senior;09/10/2026;RP;94,65;0;1;3,85;2,57;2,87;3,37;2,6;0,42;0,423;0,0175;1;7;0,0185;99,266;
XS2024715794;DEUTSCHE TELEKOM 05/07/2027 0,5%;05/07/2027;EUR;DEUTSCHETELEKOM;Deutsche Telekom AG;;;;1000;Senior;09/10/2026;RP;98,15;0;1;3,11;0,7;2,31;2,97;0,71;0,017;0,017;0,005;1;7;0,0051;99,353;
XS2027596530;ROMANIA 16/07/2031 2,124%;16/07/2031;EUR;GOV_RO;Romania;BBB-;Baa3;;1000;Senior;09/10/2026;LP;87,05;40000;2;5,27;4,31;4,64;4,98;4,34;1,8;1,803;0,02124;1;7;0,0244;100;
XS2031926731;MPS 23/07/2029 10,5% TIER 2;23/07/2029;EUR;MPS;Monte dei Paschi di Siena;;;;100000;T2;09/10/2026;RP;115,03;0;1;4,59;2,41;2,13;2,13;2,53;1,156;1,168;0,105;1;7;0,0913;100;
XS2032727310;ITALGAS 24/04/2030 0,875%;24/04/2030;EUR;ITALGAS;Italgas S.p.A.;;;;100000;Senior;09/10/2026;RP;90,07;0;0;3,94;3,34;2,95;3,68;3,36;0,489;0,49;0,00875;1;4;0,0097;98,92;
XS2055728054;BMW FINANCE 24/09/2027 0,375%;24/09/2027;EUR;BMW;Bayerische Motoren Werke AG;;;;1000;Senior;09/10/2026;LP;97,22;146000;1;3,4;0,92;2,52;3,28;0,92;0,2;0,2;0,00375;1;9;0,0039;99,131;
XS2055781962;BEI 13/10/2034 0,05%;13/10/2034;EUR;SOV_BEI;European Investment Bank;AAA;;;1000;Senior;09/10/2026;LP;75,67;13000;1;3,6;7,71;3,2;3,6;7,71;0,08;0,08;0,0005;1;10;0,0007;99,671;
XS2056491587;GENERALI GREEN BOND 01/10/2030 2,124%;01/10/2030;EUR;GENERALI;Generali;;;;100000;T2;09/10/2026;RP;92,98;0;1;4,08;3,69;3,04;3,5;3,74;0,615;0,617;0,02124;1;10;0,0228;100;
XS2065946837;ENI 11/10/2034 1%;11/10/2034;EUR;ENI;Eni;;;;100000;Senior;09/10/2026;RP;77,92;0;0;4,33;7,36;3,29;4,02;7,46;0,8;0,803;0,01;1;10;0,0128;100;
XS2081018629;INTESA SANPAOLO 19/11/2026 1%;19/11/2026;EUR;INTESASP;Intesa Sanpaolo;;;;100000;Senior;09/10/2026;LP;99,82;100000;1;2,79;0,1;2,06;2,52;0,1;0,148;0,148;0,01;1;11;0,01;99,698;
XS2102388597;INTESA SANPAOLO 15/01/2030 2,5% GBP;15/01/2030;GBP;INTESASP;Intesa Sanpaolo;;;;100000;Senior;09/10/2026;RP;91,05;0;0;5,61;2,96;4,19;4,89;3,01;2,163;2,167;0,025;2;1,7;0,0275;99,02;
XS2102495673;BEI 16/01/2030 0,05% ;16/01/2030;EUR;SOV_BEI;European Investment Bank;AAA;;;1000;Senior;09/10/2026;RP;89,83;0;1;3,4;3,15;2,99;3,39;3,15;-0,051;-0,051;0,0005;1;1;0,0006;99,93;
XS2103014291;E.ON GREEN BOND 29/09/2027 0,375% CALLABLE;29/09/2027;EUR;EON;E.ON SE;;;;1000;Senior;09/10/2026;RP;97,25;0;1;3,33;0,93;2,47;3,2;0,93;0,119;0,119;0,00375;1;9;0,0039;98,916;
XS2104968404;UNICREDIT 20/01/2030 1,8%;20/01/2030;EUR;UNICREDIT;UniCredit S.p.A;;;;250000;Senior;09/10/2026;RP;93,48;0;1;3,96;3,04;2,95;3,47;3,08;0,512;0,515;0,018;1;1;0,0193;99,62;
XS2107315470;ENI 23/01/2030 0,625%;23/01/2030;EUR;ENI;Eni;;;;100000;Senior;09/10/2026;RP;90,27;0;0;3,84;3,12;2,87;3,66;3,14;0,389;0,39;0,00625;1;1;0,0069;99,845;
XS2107332640;GOLDMAN SACHS 21/01/2030 0,875%;21/01/2030;EUR;GOLDMAN;Goldman Sachs;;;;1000;Senior;09/10/2026;LP;91,09;5000;1;3,82;3,1;2,86;3,56;3,12;0,371;0,373;0,00875;1;1;0,0096;98,854;
XS2109812508;ROMANIA 28/01/2032 2%;28/01/2032;EUR;GOV_RO;Romania;BBB-;Baa3;;1000;Senior;09/10/2026;RP;84,14;0;2;5,54;4,71;4,88;5,26;4,76;2,058;2,062;0,02;1;1;0,0238;99,736;
XS2109813142;ROMANIA 28/01/2050 3,375%;28/01/2050;EUR;GOV_RO;Romania;BBB-;Baa3;;1000;Senior;09/10/2026;LP;61,2;408000;2;6,71;12,95;5,98;6,12;13,84;3,136;3,136;0,03375;1;1;0,0551;99,702;
XS2121237908;MEDIOBANCA 15/07/2027 0,75%;15/07/2027;EUR;MEDIOBANCA;Mediobanca;;;;100000;Senior;09/10/2026;RP;97,96;0;0;3,54;0,73;2,62;3,34;0,73;0,425;0,425;0,0075;1;7;0,0077;100;
XS2152061904;VOLKSWAGEN FINANCIAL SERVICES 06/04/2028 3,375%;06/04/2028;EUR;VOLKSWAGEN;Volkswagen AG;;;;1000;Senior;09/10/2026;LP;99,14;10000;1;3,97;1,39;2,94;3,09;1,41;0,64;0,645;0,03375;1;4;0,034;99,463;
XS2154339860;BEI 15/05/2028 0%;15/05/2028;EUR;SOV_BEI;European Investment Bank;AAA;;;1000;Senior;09/10/2026;LP;95,57;25000;1;2,89;1,54;2,54;2,89;1,54;-0,45;-0,45;0;1;5;0;100,397;
XS2161992511;UNGHERIA 28/04/2032 1,625%;28/04/2032;EUR;GOV_HU;Ungheria;BBB-;Baa2;;1000;Senior;09/10/2026;LP;86,95;11000;1;4,32;5,07;3,81;4,08;5,11;0,84;0,843;0,01625;1;4;0,0187;97,757;
XS2168048564;BEI 17/06/2027 0%;17/06/2027;EUR;SOV_BEI;European Investment Bank;AAA;;;1000;Senior;09/10/2026;LP;98,09;246000;2;2,89;0,66;2,53;2,89;0,66;-0,175;-0,175;0;1;6;0;100,93;
XS2176785447;ENI 18/05/2031 2%;18/05/2031;EUR;ENI;Eni;;;;100000;Senior;09/10/2026;RP;92,05;0;0;3,92;4,23;2,93;3,37;4,3;0,454;0,457;0,02;1;5;0,0217;99,941;
XS2178857954;ROMANIA 26/05/2030 3,624%;26/05/2030;EUR;GOV_RO;Romania;BBB-;Baa3;;1000;Senior;09/10/2026;LP;96,14;113000;2;4,81;3,25;4,21;4,34;3,29;1,35;1,355;0,03624;1;5;0,0377;100;
XS2181347183;ESTONIA 10/06/2030 0,125%;10/06/2030;EUR;GOV_EE;Estonia;NR;A1;;1000;Senior;09/10/2026;RP;88,66;0;1;3,48;3,53;3,06;3,45;3,53;0,024;0,025;0,00125;1;6;0,0014;98,914;
XS2181689659;UNGHERIA GREEN BOND 05/06/2035 1,75%;05/06/2035;EUR;GOV_HU;Ungheria;BBB-;Baa2;;1000;Senior;09/10/2026;LP;80,48;74000;1;4,53;7,62;4,01;4,26;7,71;0,988;0,993;0,0175;1;6;0,0217;97,332;
XS2189259018;BEI 15/06/2040 0,25%;15/06/2040;EUR;SOV_BEI;European Investment Bank;AAA;;;1000;Senior;09/10/2026;RP;60,77;0;1;4,04;12,84;3,63;4;12,88;0,41;0,412;0,0025;1;6;0,0041;99,689;
XS2194790262;BEI GREEN BOND 15/11/2035 0,01%;15/11/2035;EUR;SOV_BEI;European Investment Bank;AAA;;;1000;Senior;09/10/2026;RP;71,67;0;1;3,74;8,76;3,33;3,74;8,76;0,196;0,196;0,0001;1;11;0,0001;99,8;
XS2201851172;ROMANIA 14/02/2031 3% USD;14/02/2031;USD;GOV_RO;Romania;BBB-;Baa3;;2000;Senior;09/10/2026;RP;87,45;0;1;6,39;3,79;5,63;5,98;3,84;2,927;2,932;0,03;1;2;0,0343;99,593;
XS2201851685;ROMANIA 14/02/2051 4% USD;14/02/2051;USD;GOV_RO;Romania;BBB-;Baa3;;2000;Senior;09/10/2026;LP;61,4;38000;2;7,49;12,06;6,66;6,78;13,04;3,929;3,922;0,04;1;2;0,0651;99,996;
XS2209794408;KFW GREEN BOND 15/09/2028 0%;15/09/2028;EUR;KFW;Kreditanstalt für Wiederaufbau;;;;1000;Senior;09/10/2026;LP;94,28;141000;1;3,11;1,87;2,31;3,11;1,87;-0,276;-0,276;0;1;9;0;103,407;
XS2210006339;LITUANIA 28/07/2050 0,5%;28/07/2050;EUR;GOV_LT;Lituania;A;A2;;1000;Senior;09/10/2026;RP;39,05;0;0;4,89;20,32;4,47;4,78;20,62;1,324;1,322;0,005;1;7;0,0128;96,27;
XS2225428809;BEI 09/09/2030 0%;09/09/2030;EUR;SOV_BEI;European Investment Bank;AAA;;;1000;Senior;09/10/2026;LP;87,76;115000;1;3,4;3,78;2,99;3,4;3,78;-0,061;-0,061;0;1;9;0;102,17;
XS2227196404;MEDIOBANCA 08/09/2027 1% GREEN BOND;08/09/2027;EUR;MEDIOBANCA;Mediobanca;;;;100000;Senior;09/10/2026;RP;97,75;0;0;3,57;0,87;2,64;3,29;0,88;0,384;0,384;0,01;1;9;0,0102;99,564;
XS2234571425;BULGARIA 23/09/2030 0,375%;23/09/2030;EUR;GOV_BG;Bulgaria;BBB+;Baa1;;1000;Senior;09/10/2026;RP;87,5;0;1;3,85;3,78;3,39;3,8;3,78;0,39;0,391;0,00375;1;9;0,0043;99,863;
XS2234571771;BULGARIA 23/09/2050 1,375%;23/09/2050;EUR;GOV_BG;Bulgaria;BBB+;Baa1;;1000;Senior;09/10/2026;RP;50,48;0;1;4,95;17,86;4,46;4,68;18,44;1,386;1,383;0,01375;1;9;0,0272;97,566;
XS2241390710;INTESA SANPAOLO 13/11/2027 STEP UP 1,2% - 2,25% USD;13/11/2027;USD;INTESASP;Intesa Sanpaolo;;;;2000;Senior;09/10/2026;LP;96,66;20000;1;5,47;1,01;4,05;4,88;1,02;2,229;2,23;0,019;;11;0,0197;100;
XS2241390983;INTESA SANPAOLO 13/11/2030 2,10% USD;13/11/2030;USD;INTESASP;Intesa Sanpaolo;;;;2000;Senior;09/10/2026;LP;85,96;36000;1;6,08;3,64;4,57;5,48;3,71;2,619;2,622;0,021;1;11;0,0244;100;
XS2251371022;BEI 28/03/2028 0% ;28/03/2028;EUR;SOV_BEI;European Investment Bank;AAA;;;1000;Senior;09/10/2026;LP;96,87;30000;2;2,21;1,43;1,93;2,21;1,43;-1,116;-1,116;0;1;3;0;103,762;
XS2258400162;ROMANIA 02/12/2040 2,625%;02/12/2040;EUR;GOV_RO;Romania;BBB-;Baa3;;1000;Senior;09/10/2026;LP;63,23;114000;2;6,74;10,23;6,02;6,3;10,6;3,101;3,121;0,02625;1;12;0,0415;99,616;
XS2259191273;UNGHERIA 18/11/2030 0,5%;18/11/2030;EUR;GOV_HU;Ungheria;BBB-;Baa2;;1000;Senior;09/10/2026;LP;86,78;35000;1;4,07;3,89;3,59;3,99;3,9;0,604;0,604;0,005;1;11;0,0058;98,638;
XS2259191430;UNGHERIA 17/11/2050 1,5%;17/11/2050;EUR;GOV_HU;Ungheria;BBB-;Baa2;;1000;Senior;09/10/2026;LP;49,97;17000;1;5,18;17,05;4,68;4,89;17,71;1,62;1,616;0,015;1;11;0,03;96,358;
XS2262211076;ROMANIA 02/12/2029 1,375%;02/12/2029;EUR;GOV_RO;Romania;BBB-;Baa3;;1000;Senior;09/10/2026;LP;90,96;123000;2;4,53;2,92;3,98;4,34;2,93;1,083;1,085;0,01375;1;12;0,0151;99,221;
XS2280845145;BMW FINANCE 11/01/2033 0,2%;11/01/2033;EUR;BMW;Bayerische Motoren Werke AG;;;;1000;Senior;09/10/2026;LP;80,95;22000;1;3,67;5,98;2,78;3,6;5,99;0,176;0,176;0,002;1;1;0,0025;99,457;
XS2282095970;VOLKSWAGEN LEASING 12/01/2029 0,5%;12/01/2029;EUR;VOLKSWAGEN;Volkswagen AG;;;;1000;Senior;09/10/2026;RP;92,5;0;1;4,05;2,15;3,02;3,9;2,15;0,644;0,645;0,005;1;1;0,0054;99,439;
XS2283340060;BEI 14/01/2031 0%;14/01/2031;EUR;SOV_BEI;European Investment Bank;AAA;;;1000;Senior;09/10/2026;RP;86,38;0;1;3,5;4,11;3,08;3,5;4,11;0,037;0,037;0;1;1;0;103,527;
XS2289133758;UNICREDIT 19/01/2031 0,85%;19/01/2031;EUR;UNICREDIT;UniCredit S.p.A;;;;100000;Senior;09/10/2026;RP;87,66;0;1;4,06;4,01;3,04;3,81;4,05;0,591;0,592;0,0085;1;1;0,0097;99,885;
XS2289795465;NEW LAT FOOD 19/02/2027 2,635% CALLABLE;19/02/2027;EUR;NEWLATFOOD;New Lat Food S.p.A.;;;;1000;Senior;09/10/2026;LP;99,2;328000;2;4,92;0,34;3,64;4,24;0,34;2,144;2,144;0,02625;1;2;0,0265;100;
XS2290963466;BEI 27/01/2051 0,05%;27/01/2051;EUR;SOV_BEI;European Investment Bank;AAA;;;1000;Senior;09/10/2026;RP;39,28;0;1;4,01;23,08;3,66;3,99;23,12;0,448;0,448;0,0005;1;1;0,0013;98,817;
XS2294835017;INTESA SANPAOLO 08/02/2029 1,9% USD;08/02/2029;USD;INTESASP;Intesa Sanpaolo;;;;2000;Senior;09/10/2026;LP;92;6000;1;5,67;2,14;4,22;5,14;2,17;2,249;2,252;0,019;1;2;0,0207;100;
XS2294840363;INTESA SANPAOLO 08/02/2031 1,4% GBP;08/02/2031;GBP;INTESASP;Intesa Sanpaolo;;;;1000;Senior;09/10/2026;RP;84,6;0;1;5,5;3,95;4,13;5,09;4,01;2,03;2,032;0,014;1;2;0,0165;100;
XS2303107937;INTESA SANPAOLO 23/03/2028 0,35%;23/03/2028;EUR;INTESASP;Intesa Sanpaolo;;;;100000;Senior;09/10/2026;RP;95;0;0;3,98;1,38;2,95;3,89;1,39;0,661;0,661;0,0035;1;3;0,0037;100;
XS2304664597;INTESA SANPAOLO 24/02/2031 1,35%;24/02/2031;EUR;INTESASP;Intesa Sanpaolo;;;;250000;Senior;09/10/2026;RP;88,92;0;1;4,18;4,06;3,13;3,8;4,11;0,71;0,713;0,0135;1;2;0,0152;99,926;
XS2308323661;BEI 17/03/2036 0,2%;17/03/2036;EUR;SOV_BEI;European Investment Bank;AAA;;;1000;Senior;09/10/2026;LP;72,17;12000;1;3,76;8,98;3,35;3,73;8,99;0,205;0,206;0,002;1;3;0,0028;99,823;
XS2312756062;INTESA SANPAOLO 11/03/2036 2,625% GBP;11/03/2036;GBP;INTESASP;Intesa Sanpaolo;;;;100000;Senior;09/10/2026;RP;74,21;0;0;6,34;7,62;4,84;5,53;7,98;2,788;2,798;0,02625;1;3;0,0354;100;
XS2314675997;BEI GREEN BOND 15/11/2030 0,01%;15/11/2030;EUR;SOV_BEI;European Investment Bank;AAA;;;1000;Senior;09/10/2026;RP;87,4;0;1;3,36;3,96;2,96;3,36;3,96;-0,104;-0,104;0,0001;1;11;0,0001;101,391;
XS2317069685;INTESA SANPAOLO GREEN BOND 16/03/2028 0,75%;16/03/2028;EUR;INTESASP;Intesa Sanpaolo;;;;100000;Senior;09/10/2026;RP;96,11;0;1;3,6;1,37;2,67;3,4;1,37;0,28;0,281;0,0075;1;3;0,0078;99,952;
XS2322452553;INTESA SANPAOLO 29/03/2031 2,70% USD;29/03/2031;USD;INTESASP;Intesa Sanpaolo;;;;2000;Senior;09/10/2026;RP;87,56;0;1;5,95;3,94;4,46;5,19;4,04;2,486;2,49;0,027;1;3;0,0308;100;
XS2322452637;INTESA SANPAOLO 29/03/2028 2,25% AUD;29/03/2028;AUD;INTESASP;Intesa Sanpaolo;;;;2000;Senior;09/10/2026;RP;94,79;0;1;6,07;1,35;4,51;5,46;1,37;2,747;2,75;0,0225;1;3;0,0237;100;
XS2330503694;ROMANIA 14/04/2033 2%;14/04/2033;EUR;GOV_RO;Romania;BBB-;Baa3;;1000;Senior;09/10/2026;RP;79,23;0;2;5,94;5,7;5,26;5,65;5,77;2,444;2,447;0,02;1;4;0,0252;98,907;
XS2330514899;ROMANIA 14/04/2041 2,75%;14/04/2041;EUR;GOV_RO;Romania;BBB-;Baa3;;1000;Senior;09/10/2026;LP;63,68;23000;2;6,75;10,48;6,03;6,3;10,86;3,113;3,134;0,0275;1;4;0,0432;99,651;
XS2332590475;NEXI 30/04/2029 2,125% CALLABLE;30/04/2029;EUR;NEXI;Nexi SpA;;;;100000;Senior;09/10/2026;RP;95,3;0;2;4,13;2,37;3,06;3,55;2,4;0,704;0,707;0,02125;2;4,10;0,0223;100;
XS2338004497;BEI GREEN BOND 17/02/2027 1,25% NOK;17/02/2027;NOK;SOV_BEI;European Investment Bank;AAA;;;10000;Senior;09/10/2026;RP;98,831;0;1;4,7;0,33;4,11;4,53;0,33;1,926;1,926;0,0125;1;2;0,0126;99,52;
XS2343538372;BEI 28/09/2028 0%;28/09/2028;EUR;SOV_BEI;European Investment Bank;AAA;;;1000;Senior;09/10/2026;LP;95,2;305000;2;2,54;1,91;2,23;2,54;1,91;-0,845;-0,845;0;1;9;0;101,119;
XS2343822503;VOLKSWAGEN LEASING 19/07/2029 0,625%;19/07/2029;EUR;VOLKSWAGEN;Volkswagen AG;;;;1000;Senior;09/10/2026;LP;91,73;13000;1;3,83;2,64;2,86;3,64;2,65;0,398;0,399;0,00625;1;7;0,0068;99,249;
XS2350601162;INTESA SANPAOLO 08/07/2028 0,60%;08/07/2028;EUR;INTESASP;Intesa Sanpaolo;;;;100000;Senior;09/10/2026;RP;94,31;0;0;4,06;1,66;3,01;3,9;1,67;0,695;0,695;0,006;1;7;0,0064;100;
XS2364199757;ROMANIA 13/07/2030 1,75%;13/07/2030;EUR;GOV_RO;Romania;BBB-;Baa3;;1000;Senior;09/10/2026;LP;89,47;50000;2;4,89;3,47;4,3;4,66;3,49;1,432;1,434;0,0175;1;7;0,0196;99,95;
XS2364200514;ROMANIA 13/04/2042 2,875%;13/04/2042;EUR;GOV_RO;Romania;BBB-;Baa3;;1000;Senior;09/10/2026;LP;63,47;362000;2;6,74;10,87;6,02;6,26;11,3;3,104;3,126;0,02875;1;4;0,0453;98,218;
XS2373172548;INTESA SANPAOLO 10/09/2028 0,24%;10/09/2028;EUR;INTESASP;Intesa Sanpaolo;;;;100000;Senior;09/10/2026;RP;93,02;0;0;4,11;1,83;3,06;4,05;1,83;0,729;0,729;0,0024;1;9;0,0026;100;
XS2374594823;VOLKSWAGEN 12/02/2030 0,375%;12/02/2030;EUR;VOLKSWAGEN;Volkswagen AG;;;;1000;Senior;09/10/2026;LP;88,55;5000;1;4,12;3,18;3,09;3,99;3,19;0,669;0,67;0,00375;1;2;0,0042;99,045;
XS2386583145;UNGHERIA 21/09/2028 0,125%;21/09/2028;EUR;GOV_HU;Ungheria;BBB-;Baa2;;100000;Senior;09/10/2026;RP;93,34;0;0;3,75;1,87;3,29;3,71;1,87;0,361;0,361;0,00125;1;9;0,0013;98,611;
XS2388426541;INTESA SANPAOLO 20/10/2031 STEP DOWN 1% - 0,5%;20/10/2031;EUR;INTESASP;Intesa Sanpaolo;;;;100000;Senior;09/10/2026;RP;82,56;0;0;4,45;4,72;3,36;4,31;4,75;0,981;0,981;0,005;1;10;0,0061;100;
XS2388495942;BEI 22/12/2026 0%;22/12/2026;EUR;SOV_BEI;European Investment Bank;AAA;;;1000;Senior;09/10/2026;LP;99,533;690000;2;2,47;0,19;2,16;2,47;0,19;-0,172;-0,172;0;1;12;0;102,245;
XS2395954998;INTESA SANPAOLO 14/10/2031 2,50% USD;14/10/2031;USD;INTESASP;Intesa Sanpaolo;;;;2000;Senior;09/10/2026;LP;84,21;100000;1;6,27;4,33;4,72;5,55;4,45;2,801;2,804;0,025;1;10;0,0297;100;
XS2398707914;GOLDMAN SACHS 05/04/2032 3% CALLABLE;05/04/2032;EUR;GOLDMAN;Goldman Sachs;;;;1000;Senior;09/10/2026;LP;92,25;5000;1;4,63;4,81;3,45;3,81;4,96;1,15;1,155;0,03;1;4;0,0325;100;
XS2407748016;INTESA SANPAOLO 18/11/2028 2,30% USD;18/11/2028;USD;INTESASP;Intesa Sanpaolo;;;;2000;Senior;09/10/2026;RP;94,65;0;1;5,05;1,93;3,75;4,43;1,96;1,646;1,649;0,023;1;11;0,0243;100;
XS2408944242;EBRD 23/11/2026 14,2% TRY;23/11/2026;TRY;SOV_EBRD;European Bank for Reconstruction and Development;AAA;;;1000;Senior;09/10/2026;LP;97,618;210000;1;39,85;0,08;34,89;38,04;0,08;37,206;37,206;0,142;2;5,11;0,1455;91;
XS2412566262;INTESA SANPAOLO 29/12/2031 STEP DOWN 1% - 0,5%;29/12/2031;EUR;INTESASP;Intesa Sanpaolo;;;;100000;Senior;09/10/2026;RP;82,4;0;0;4,6;4,84;3,47;4,39;4,88;1,125;1,127;0,01;;12;0,0121;100;
XS2419364653;BEI 15/11/2027 0%;15/11/2027;EUR;SOV_BEI;European Investment Bank;AAA;;;1000;Senior;09/10/2026;LP;97;317000;2;2,83;1,06;2,48;2,83;1,06;-0,412;-0,412;0;1;11;0;101,484;
XS2428063874;INTESA SANPAOLO 22/03/2027 1,19%;22/03/2027;EUR;INTESASP;Intesa Sanpaolo;;;;100000;Senior;09/10/2026;RP;99,07;0;0;3,35;0,42;2,48;3,04;0,43;0,473;0,473;0,0119;1;3;0,012;100;
XS2433136194;ISRAELE 18/01/2032 0,625%;18/01/2032;EUR;GOV_IL;Israele;A;Baa1;;1000;Senior;09/10/2026;RP;82,84;0;1;4,34;4,95;3,83;4,25;4,96;0,863;0,864;0,00625;1;1;0,0075;99,374;
XS2433141947;UNICREDIT 18/01/2032 1,625%;18/01/2032;EUR;UNICREDIT;UniCredit S.p.A;;;;100000;Senior;09/10/2026;RP;88,33;0;0;4,14;4,81;3,1;3,68;4,89;0,659;0,661;0,01625;1;1;0,0184;100;
XS2433363509;BEI 20/01/2032 0,25%;20/01/2032;EUR;SOV_BEI;European Investment Bank;AAA;;;1000;Senior;09/10/2026;LP;84,56;60000;1;3,51;5,05;3,1;3,47;5,06;0,033;0,034;0,0025;1;1;0,003;100;
XS2434393968;CIPRO 20/01/2032 0,95% ;20/01/2032;EUR;GOV_CY;Cipro;A;A3;;1000;Senior;09/10/2026;RP;87,2;0;0;3,66;4,94;3,23;3,53;4,96;0,188;0,189;0,0095;1;1;0,0109;99,583;
XS2434895558;ROMANIA 07/03/2028 2,125%;07/03/2028;EUR;GOV_RO;Romania;BBB-;Baa3;;1000;Senior;09/10/2026;LP;98,27;55000;2;3,4;1,33;2,98;3,13;1,34;0,09;0,092;0,02125;1;3;0,0216;99,942;
XS2434895806;ROMANIA 07/02/2034 3,75%;07/02/2034;EUR;GOV_RO;Romania;BBB-;Baa3;;1000;Senior;09/10/2026;LP;86,17;135000;2;6,15;5,92;5,42;5,63;6,06;2,636;2,644;0,0375;1;2;0,0435;99,724;
XS2434895988;ROMANIA 27/02/2027 3% USD;27/02/2027;USD;GOV_RO;Romania;BBB-;Baa3;;2000;Senior;09/10/2026;RP;98,98;0;1;5,83;0,35;5,1;5,44;0,36;3,027;3,027;0,03;2;2,8;0,0303;99,391;
XS2434896010;ROMANIA 27/03/2032 2,625% USD;27/03/2032;USD;GOV_RO;Romania;BBB-;Baa3;;2000;Senior;09/10/2026;RP;87,22;0;1;6,55;4,64;5,76;6,03;4,72;3,064;3,07;0,03625;2;3,9;0,0416;99,37;
XS2438616240;VOLKSWAGEN FINANCIAL SERVICES 31/01/2028 0,875%;31/01/2028;EUR;VOLKSWAGEN;Volkswagen AG;;;;1000;Senior;09/10/2026;LP;96,32;10000;1;3,83;1,24;2,84;3,58;1,25;0,532;0,534;0,00875;1;1;0,0091;99,594;
XS2439543047;BEI GREEN BOND 15/11/2029 0,05%;15/11/2029;EUR;SOV_BEI;European Investment Bank;AAA;;;1000;Senior;09/10/2026;LP;90,45;748000;2;3,35;2,99;2,95;3,35;2,99;-0,09;-0,09;0,0005;1;11;0,0006;99,899;
XS2444704758;INTESA SANPAOLO 21/02/2027 2,80% USD;21/02/2027;USD;INTESASP;Intesa Sanpaolo;;;;2000;Senior;09/10/2026;RP;99,536;0;1;4,09;0,34;3,03;3,37;0,35;1,307;1,307;0,028;1;2;0,0281;100;
XS2444707850;INTESA SANPAOLO 21/02/2030 STEP UP 2% - 4,4% USD;21/02/2030;USD;INTESASP;Intesa Sanpaolo;;;;2000;Senior;09/10/2026;RP;95,02;0;1;5,72;2,97;4,26;4,64;3,05;2,269;2,275;0,036;;2;0,0379;100;
XS2445142867;INTESA SANPAOLO 21/02/2028 1,05% CHF;21/02/2028;CHF;INTESASP;Intesa Sanpaolo;;;;2000;Senior;09/10/2026;RP;99,84;0;1;1,17;1,33;0,87;0,9;1,34;-2,135;-2,134;0,0105;1;2;0,0105;100;
XS2446841657;BEI 15/09/2027 0,375%;15/09/2027;EUR;SOV_BEI;European Investment Bank;AAA;;;1000;Senior;09/10/2026;LP;98,099;86000;2;2,48;0,9;2,17;2,43;0,9;-0,713;-0,713;0,00375;1;9;0,0038;99,535;
XS2447564332;BMW FINANCE 22/05/2028 1%;22/05/2028;EUR;BMW;Bayerische Motoren Werke AG;;;;1000;Senior;09/10/2026;RP;95,9;0;1;3,67;1,54;2,72;3,39;1,55;0,322;0,324;0,01;1;5;0,0104;99,694;
XS2447602793;POLONIA 25/05/2032 2,75%;25/05/2032;EUR;GOV_PL;Polonia;A-;A3;;1000;Senior;09/10/2026;LP;93,51;45000;1;4,06;5,01;3,57;3,7;5,07;0,581;0,585;0,0275;1;5;0,0294;99,14;
XS2455938212;ALERION GREEN BOND 17/05/2028 3,5% CALLABLE;17/05/2028;EUR;ALERION;Alerion Clean Power S.p.A.;;;;1000;Senior;09/10/2026;LP;99,05;290000;1;4,11;1,5;3,05;3,2;1,52;0,767;0,772;0,035;1;5;0,0353;100;
XS2459026204;INTESA SANPAOLO 27/04/2027 1,45%;27/04/2027;EUR;INTESASP;Intesa Sanpaolo;;;;100000;Senior;09/10/2026;RP;98,92;0;0;3,5;0,52;2,59;3,12;0,52;0,538;0,538;0,0145;1;4;0,0147;100;
XS2482615957;INTESA SANPAOLO 25/05/2029 4,5% USD;25/05/2029;USD;INTESASP;Intesa Sanpaolo;;;;2000;Senior;09/10/2026;LP;98,24;4000;1;5,23;2,36;3,88;4,05;2,42;1,795;1,802;0,045;1;5;0,0458;100;
XS2484093393;BEI GREEN BOND 15/06/2032 1,5%;15/06/2032;EUR;SOV_BEI;European Investment Bank;AAA;;;1000;Senior;09/10/2026;RP;89,5;0;1;3,58;5,25;3,15;3,37;5,29;0,094;0,096;0,015;1;6;0,0168;99,629;
XS2485248806;ROMANIA 25/11/2027 5,25% USD;25/11/2027;USD;GOV_RO;Romania;BBB-;Baa3;;2000;Senior;09/10/2026;LP;99,85;84000;1;5,45;1,02;4,76;4,78;1,03;2,2;2,205;0,0525;2;5,11;0,0526;99,764;
XS2485249523;ROMANIA 25/05/2034 6% USD;25/05/2034;USD;GOV_RO;Romania;BBB-;Baa3;;2000;Senior;09/10/2026;LP;94,47;62000;1;7,07;5,63;6,19;6,27;5,83;3,549;3,562;0,06;2;5,11;0,0635;99,839;
XS2486825826;INTESA SANPAOLO 16/06/2027 2,35%;16/06/2027;EUR;INTESASP;Intesa Sanpaolo;;;;100000;Senior;09/10/2026;RP;99,18;0;0;3,59;0,65;2,66;2,98;0,65;0,525;0,525;0,0235;1;6;0,0237;100;
XS2487342649;LITUANIA 01/06/2032 2,125%;01/06/2032;EUR;GOV_LT;Lituania;A;A2;;1000;Senior;09/10/2026;RP;90,22;0;1;4,1;5,1;3,61;3,81;5,15;0,62;0,623;0,02125;1;6;0,0236;98,698;
XS2499011059;UNICREDITO 27/07/2027 3,25%;27/07/2027;EUR;UNICREDIT;UniCredit S.p.A;;;;10000;Senior;09/10/2026;LP;99,85;320000;2;3,43;0,76;2,54;2,59;0,77;0,303;0,303;0,0325;1;7;0,0325;100;
XS2502390250;UNICREDITO 27/07/2027 3,05%;27/07/2027;EUR;UNICREDIT;UniCredit S.p.A;;;;10000;Senior;09/10/2026;RP;99,79;0;1;3,31;0,76;2,45;2,52;0,77;0,182;0,182;0,0305;1;7;0,0306;100;
XS2508243941;UNICREDIT 24/08/2027 3,05%;24/08/2027;EUR;UNICREDIT;UniCredit S.p.A;;;;10000;Senior;09/10/2026;RP;99,66;0;1;3,45;0,83;2,55;2,66;0,84;0,279;0,279;0,0305;1;8;0,0306;100;
XS2526828996;E.ON 26/08/2028 2,875% CALLABLE;26/08/2028;EUR;EON;E.ON SE;;;;1000;Senior;09/10/2026;RP;99,04;0;1;3,41;1,78;2,52;2,66;1,8;0,03;0,033;0,02875;1;8;0,029;100;
XS2529233814;INTESA SANPAOLO GREEN 06/09/2027 4,75%;06/09/2027;EUR;INTESASP;Intesa Sanpaolo;;;;150000;Senior;09/10/2026;RP;101,11;0;0;3,47;0,87;2,25;2,25;0,88;0,28;0,28;0,0475;1;9;0,047;100;
XS2532370231;ESTONIA 12/10/2032 4%;12/10/2032;EUR;GOV_EE;Estonia;NR;A1;;1000;Senior;09/10/2026;RP;100,02;0;1;4;5,24;3,49;3,49;5,33;0,508;0,513;0,04;1;10;0,04;99,814;
XS2532681074;FERROVIE DELLO STATO GREEN BOND 14/04/2027 3,75%;14/04/2027;EUR;FS;Ferrovie dello stato S.p.A.;;;;100000;Senior;09/10/2026;RP;100,29;0;1;3,13;0,49;2,15;2,15;0,49;0,191;0,191;0,0375;1;4;0,0374;99,616;
XS2533094400;MEDIOBANCA 21/10/2026 3,4%;21/10/2026;EUR;MEDIOBANCA;Mediobanca;;;;1000;Senior;09/10/2026;LP;99,99;880000;2;3,8;0,02;2,82;2,94;0,02;1,158;1,158;0,034;1;10;0,034;100;
XS2535352962;BEI 15/03/2030 2,25%;15/03/2030;EUR;SOV_BEI;European Investment Bank;AAA;;;1000;Senior;09/10/2026;LP;96,39;32000;1;3,38;3,18;2,97;3,09;3,2;-0,069;-0,066;0,0225;1;3;0,0233;99,294;
XS2536817211;BULGARIA 23/09/2029 4,125%;23/09/2029;EUR;GOV_BG;Bulgaria;BBB+;Baa1;;1000;Senior;09/10/2026;RP;101,19;0;1;3,69;2,73;3,16;3,16;2,76;0,248;0,253;0,04125;1;9;0,0408;98,69;
XS2536817484;BULGARIA 23/09/2034 4,625%;23/09/2034;EUR;GOV_BG;Bulgaria;BBB+;Baa1;;1000;Senior;09/10/2026;LP;100,68;2000;1;4,52;6,52;3,93;3,93;6,68;0,996;1,005;0,04625;1;9;0,0459;98,227;
XS2538441598;ROMANIA 27/09/2029 6,625%;27/09/2029;EUR;GOV_RO;Romania;BBB-;Baa3;;1000;Senior;09/10/2026;LP;105,72;136000;2;4,51;2,66;3,71;3,71;2,7;1,07;1,077;0,06625;1;9;0,0627;99,602;
XS2541433590;UNICREDIT 26/04/2027 4,15%;26/04/2027;EUR;UNICREDIT;UniCredit S.p.A;;;;10000;Senior;09/10/2026;LP;100,38;730000;2;3,4;0,52;2,34;2,34;0,52;0,439;0,439;0,0415;1;4;0,0413;100;
XS2545759099;INTESASANPAOLO SOCIAL BOND 13/01/2030 5,25%;13/01/2030;EUR;INTESASP;Intesa Sanpaolo;;;;100000;Senior;09/10/2026;RP;103,8;0;1;3,97;2,86;2,63;2,63;2,96;0,526;0,534;0,0525;1;1;0,0506;99,285;
XS2552850096;GOLDMAN SACHS 22/01/2034 STEP DOWN 8% - 1% Callable;22/01/2034;EUR;GOLDMAN;Goldman Sachs;;;;1000;Senior;09/10/2026;LP;87,18;25000;1;4,8;5,99;3,58;4,04;6,27;1,292;1,299;0,045;0;1;0,0516;100;
XS2558594391;UNGHERIA GREEN BOND 22/02/2027 5%;22/02/2027;EUR;GOV_HU;Ungheria;BBB-;Baa2;;1000;Senior;09/10/2026;LP;100,83;20000;1;2,62;0,35;1,99;1,99;0,35;-0,166;-0,166;0,05;1;2;0,0496;98,774;
XS2567573899;GOLDMAN SACHS 20/07/2036 6,2% Cumulative callable;20/07/2036;EUR;GOLDMAN;Goldman Sachs;;;;1000;Senior;09/10/2026;LP;92,11;20000;1;5;9,31;4,05;4,19;9,38;1,436;1,436;0,062;0;;0,0673;100;
XS2569287795;BANCA IFIS 22/12/2026 5,875%;22/12/2026;EUR;BANCAIFIS;Banca IFIS S.p.A.;;;;100000;Senior;09/10/2026;RP;100,5;0;0;3,14;0,19;1,67;1,67;0,19;0,502;0,502;0,05875;1;12;0,0585;99,678;
XS2571922884;ROMANIA 17/02/2028 6,625% USD;17/02/2028;USD;GOV_RO;Romania;BBB-;Baa3;;2000;Senior;09/10/2026;LP;100,96;2000;1;5,94;1,23;5,09;5,09;1,24;2,633;2,64;0,06625;2;2,8;0,0656;99,607;
XS2571923007;ROMANIA 17/01/2033 7,125% USD;17/01/2033;USD;GOV_RO;Romania;BBB-;Baa3;;2000;Senior;09/10/2026;LP;101,73;8000;1;6,89;4,76;5,98;5,98;4,92;3,397;3,408;0,07125;2;1,7;0,07;99,332;
XS2571924070;ROMANIA 17/01/2053 7,625% USD;17/01/2053;USD;GOV_RO;Romania;BBB-;Baa3;;2000;Senior;09/10/2026;LP;99,59;52000;2;7,81;10,65;6,82;6,82;11,7;4,279;4,248;0,07625;2;1,7;0,0766;99,463;
XS2574388646;BEI 12/01/2033 2,88%;12/01/2033;EUR;SOV_BEI;European Investment Bank;AAA;;;1000;Senior;09/10/2026;LP;96,1;10000;1;3,59;5,48;3,15;3,21;5,56;0,094;0,099;0,0288;1;1;0,03;99,052;
XS2574873183;E.ON GREEN BOND 12/01/2035 3,875% CALLABLE;12/01/2035;EUR;EON;E.ON SE;;;;1000;Senior;09/10/2026;LP;97,41;5000;1;4,25;6,71;3,16;3,22;7,06;0,721;0,73;0,03875;1;1;0,0398;99,285;
XS2574873266;E.ON 12/01/2028 3,5% CALLABLE;12/01/2028;EUR;EON;E.ON SE;;;;1000;Senior;09/10/2026;RP;100,26;0;1;3,28;1,18;2,34;2,34;1,2;-0,006;-0,002;0,035;1;1;0,0349;99,294;
XS2577518488;BANCA IFIS 19/01/2027 6,125%;19/01/2027;EUR;BANCAIFIS;Banca IFIS S.p.A.;;;;100000;Senior;09/10/2026;RP;99,82;0;1;6,67;0,25;4,97;5,12;0,26;4,006;4,006;0,06125;1;1;0,0614;99,569;
XS2577572188;BANCO BPM GREEN BOND 18/01/2027 4,875%;18/01/2027;EUR;BANCOBPM;Banco BPM;;;;100000;Senior;09/10/2026;LP;100,42;300000;2;3,2;0,26;1,96;1,96;0,26;0,542;0,542;0,04875;1;1;0,0485;99,613;
XS2579191532;UNICREDIT 23/02/2027 4,1%;23/02/2027;EUR;UNICREDIT;UniCredit S.p.A;;;;150000;Senior;09/10/2026;RP;100,21;0;1;3,46;0,35;2,42;2,42;0,36;0,674;0,674;0,041;1;2;0,0409;100;
XS2579483319;BULGARIA 27/01/2033 4,5%;27/01/2033;EUR;GOV_BG;Bulgaria;BBB+;Baa1;;1000;Senior;09/10/2026;LP;101,52;10000;1;4,22;5,24;3,64;3,64;5,35;0,724;0,731;0,045;1;1;0,0443;97,815;
XS2582098187;MEDIOBANCA 15/02/2028 TV - TF 3,7%;15/02/2028;EUR;MEDIOBANCA;Mediobanca;;;;1000;Senior;09/10/2026;LP;99,27;10000;1;4,26;1,25;3,15;3,3;1,27;0,957;0,962;0,037;1;2;0,0373;100;
XS2586944147;POLONIA 14/02/2043 4,25%;14/02/2043;EUR;GOV_PL;Polonia;A-;A3;;1000;Senior;09/10/2026;LP;92,92;103000;2;4,89;11,04;4,29;4,33;11,55;1,253;1,276;0,0425;1;2;0,0457;99,708;
XS2586944659;POLONIA 14/02/2033 3,875%;14/02/2033;EUR;GOV_PL;Polonia;A-;A3;;1000;Senior;09/10/2026;LP;98,91;16000;1;4,07;5,38;3,56;3,58;5,49;0,577;0,583;0,03875;1;2;0,0392;99,431;
XS2587298204;BEI 28/07/2028 2,75%;28/07/2028;EUR;SOV_BEI;European Investment Bank;AAA;;;1000;Senior;09/10/2026;LP;99,47;229000;2;3,05;1,71;2,67;2,7;1,72;-0,318;-0,315;0,0275;1;7;0,0276;99,561;
XS2593770485;BARCLAYS BANK 20/09/2038 6,5% Cumulative callable;20/09/2038;EUR;BARCLAYS;Barclays;;;;1000;Senior;09/10/2026;LP;96,1;11000;1;4,56;11,42;3,71;3,76;11,51;0,949;0,949;0,065;0;;0,0676;100;
XS2610236445;CIPRO 13/04/2033 4,125%;13/04/2033;EUR;GOV_CY;Cipro;A;A3;;1000;Senior;09/10/2026;RP;87,5;0;0;6,54;5,3;5,76;5,98;5,42;3,043;3,05;0,04125;1;4;0,0471;99,246;
XS2623496085;FORD 15/05/2028 6,125%;15/05/2028;EUR;FORD;Ford Motor Company;;;;100000;Senior;09/10/2026;RP;102,95;0;0;4,14;1,47;2,6;2,6;1,51;0,796;0,803;0,06125;1;5;0,0595;100;
XS2625196352;INTESA SANPAOLO GREEN 19/05/2030 4,875%;19/05/2030;EUR;INTESASP;Intesa Sanpaolo;;;;100000;Senior;09/10/2026;RP;102,74;0;1;4,03;3,2;2,79;2,79;3,3;0,579;0,586;0,04875;1;5;0,0474;100;
XS2625968347;BMW FINANCE 22/07/2030 3,25%;22/07/2030;EUR;BMW;Bayerische Motoren Werke AG;;;;1000;Senior;09/10/2026;RP;98,57;0;1;3,66;3,46;2,71;2,79;3,53;0,202;0,206;0,0325;1;7;0,033;99,329;
XS2625968693;BMW FINANCE 22/11/2026 3,25%;22/11/2026;EUR;BMW;Bayerische Motoren Werke AG;;;;1000;Senior;09/10/2026;RP;100,04;0;1;2,84;0,11;2,01;2,01;0,11;0,196;0,196;0,0325;1;11;0,0325;99,996;
XS2625968776;BMW FINANCE 22/05/2035 3,625%;22/05/2035;EUR;BMW;Bayerische Motoren Werke AG;;;;1000;Senior;09/10/2026;RP;94,43;0;1;4,41;7,09;3,29;3,44;7,43;0,875;0,885;0,03625;1;5;0,0384;99,923;
XS2626024868;BEI 30/07/2030 2,75%;30/07/2030;EUR;SOV_BEI;European Investment Bank;AAA;;;1000;Senior;09/10/2026;RP;97,56;0;1;3,44;3,51;3,02;3,08;3,54;-0,013;-0,01;0,0275;1;7;0,0282;99,211;
XS2627121259;FERROVIE DELLO STATO GREEN 23/05/2029 4,125%;23/05/2029;EUR;FS;Ferrovie dello stato S.p.A.;;;;100000;Senior;09/10/2026;RP;100,69;0;1;3,83;2,4;2,75;2,75;2,45;0,405;0,411;0,04125;1;5;0,041;99,454;
XS2641794081;ALPERIA GREEN BOND 05/07/2028 5,701% CALLABLE;05/07/2028;EUR;ALPERIA;Alperia S.p.A.;;;;100000;Senior;09/10/2026;RP;102,52;0;0;4,14;1,61;2,7;2,7;1,64;0,777;0,783;0,05701;1;7;0,0556;100;
XS2647979181;BEI 15/07/2033 3%;15/07/2033;EUR;SOV_BEI;European Investment Bank;AAA;;;1000;Senior;09/10/2026;LP;96,79;30000;1;3,54;5,95;3,1;3,15;6,04;0,041;0,046;0,03;1;7;0,031;99,04;
XS2665176298;MEDIOBANCA 25/09/2028 4%;25/09/2028;EUR;MEDIOBANCA;Mediobanca;;;;1000;Senior;09/10/2026;LP;100,31;154000;2;3,83;1,84;2,79;2,79;1,87;0,441;0,445;0,04;1;9;0,0399;100;
XS2666415836;MEDIOBANCA 29/09/2028 3,65%;29/09/2028;EUR;MEDIOBANCA;Mediobanca;;;;1000;Senior;09/10/2026;LP;99,44;336000;2;3,95;1,85;2,92;3;1,88;0,56;0,563;0,0365;1;9;0,0367;100;
XS2673536541;E.ON GREEN BOND 01/03/2029 3,75% CALLABLE;01/03/2029;EUR;EON;E.ON SE;;;;1000;Senior;09/10/2026;RP;100,38;0;1;3,57;2,2;2,59;2,59;2,24;0,156;0,162;0,0375;1;3;0,0374;99,651;
XS2680932907;UNGHERIA 12/09/2033 5,375%;12/09/2033;EUR;GOV_HU;Ungheria;BBB-;Baa2;;1000;Senior;09/10/2026;LP;104,45;2000;1;4,61;5,69;3,94;3,94;5,83;1,104;1,112;0,05375;1;9;0,0515;98,893;
XS2689948078;ROMANIA 18/09/2033 6,375%;18/09/2033;EUR;GOV_RO;Romania;BBB-;Baa3;;1000;Senior;09/10/2026;LP;102,51;187000;2;5,92;5,48;5,13;5,13;5,64;2,416;2,426;0,06375;1;9;0,0622;99,194;
XS2689949399;ROMANIA 18/09/2028 5,5%;18/09/2028;EUR;GOV_RO;Romania;BBB-;Baa3;;1000;Senior;09/10/2026;LP;102,91;48000;2;3,9;1,81;3,23;3,23;1,83;0,516;0,52;0,055;1;9;0,0534;99,932;
XS2694872594;VOLKSWAGEN LEASING GREEN BOND 25/03/2029 4,625%;25/03/2029;EUR;VOLKSWAGEN;Volkswagen AG;;;;1000;Senior;09/10/2026;RP;101,18;0;1;4,1;2,23;2,89;2,89;2,28;0,676;0,683;0,04625;1;3;0,0457;99,589;
XS2694874533;VOLKSWAGEN GREEN BOND 25/09/2031 4,75%;25/09/2031;EUR;VOLKSWAGEN;Volkswagen AG;;;;1000;Senior;09/10/2026;RP;101,5;0;1;4,41;4,33;3,16;3,16;4,48;0,933;0,938;0,0475;1;9;0,0468;99,175;
XS2698773830;BMW 04/10/2028 3,875%;04/10/2028;EUR;BMW;Bayerische Motoren Werke AG;;;;1000;Senior;09/10/2026;LP;100,48;1000;1;3,62;1,87;2,61;2,61;1,9;0,227;0,23;0,03875;1;10;0,0386;99,962;
XS2700605285;BARCLAYS BANK 26/01/2044 6,4% Cumulative callable;26/01/2044;EUR;BARCLAYS;Barclays;;;;1000;Senior;09/10/2026;RP;81,43;0;1;4,96;16,48;4,13;4,28;16,59;1,327;1,327;0,064;0;;0,0786;100;
XS2700673440;BARCLAYS 07/02/2039 5,7% CUMULATIVE CALLABLE;07/02/2039;EUR;BARCLAYS;Barclays;;;;1000;Senior;09/10/2026;LP;89,5;10000;1;4,74;11,77;3,85;3,99;11,86;1,13;1,13;0,057;0;;0,0637;100;
XS2701724663;MEDIOBANCA 17/11/2027 4%;17/11/2027;EUR;MEDIOBANCA;Mediobanca;;;;1000;Senior;09/10/2026;LP;99,99;75000;1;4;1,02;2,96;2,97;1,04;0,757;0,759;0,04;1;11;0,04;100;
XS2708218800;GOLDMAN SACHS 01/03/2037 STEP DOWN 8% - 1,25% Callable;01/03/2037;EUR;GOLDMAN;Goldman Sachs;;;;1000;Senior;09/10/2026;RP;78,47;0;1;4,82;8,1;3,64;4,17;8,58;1,247;1,258;0,08;0;3;0,1019;100;
XS2708221341;GOLDMAN SACHS 19/06/2031 3,15% Cumulative callable;19/06/2031;EUR;GOLDMAN;Goldman Sachs;;;;1000;Senior;09/10/2026;RP;99,91;0;0;2,81;4,56;2,14;2,15;4,59;-0,66;-0,66;0,0315;0;;0,0315;100;
XS2716887760;BULGARIA 13/05/2031 4,375%;13/05/2031;EUR;GOV_BG;Bulgaria;BBB+;Baa1;;1000;Senior;09/10/2026;RP;100,76;0;1;4,18;4,01;3,62;3,62;4,08;0,716;0,722;0,04375;1;5;0,0434;98,175;
XS2716887844;BULGARIA 13/05/2036 4,875%;13/05/2036;EUR;GOV_BG;Bulgaria;BBB+;Baa1;;1000;Senior;09/10/2026;RP;102,28;0;1;4,57;7,42;3,96;3,96;7,65;1,012;1,028;0,04875;1;5;0,0477;97,719;
XS2717294487;ALERION GREEN BOND 12/12/2029 6,75% CALLABLE;12/12/2029;EUR;ALERION;Alerion Clean Power S.p.A.;;;;1000;Senior;09/10/2026;LP;103,44;118000;1;5,62;2,7;3,86;3,86;2,82;2,173;2,183;0,0675;2;6,12;0,0653;100;
XS2722876609;LETTONIA 22/05/2029 3,875%;22/05/2029;EUR;GOV_LV;Lettonia;A;A3;;1000;Senior;09/10/2026;RP;100,53;0;1;3,66;2,41;3,17;3,17;2,43;0,227;0,232;0,03875;1;5;0,0385;99,887;
XS2725942523;MEDIOBANCA 25/01/2029 4%;25/01/2029;EUR;MEDIOBANCA;Mediobanca;;;;1000;Senior;09/10/2026;LP;100,5;686000;2;3,76;2,09;2,73;2,73;2,14;0,345;0,351;0,04;1;1;0,0398;100;
XS2726911931;POLONIA 29/11/2030 3,625%;29/11/2030;EUR;GOV_PL;Polonia;A-;A3;;1000;Senior;09/10/2026;LP;99,82;1000;1;3,67;3,66;3,21;3,21;3,71;0,208;0,213;0,03625;1;11;0,0363;99,418;
XS2740429076;ESTONIA 17/01/2034 3,25%;17/01/2034;EUR;GOV_EE;Estonia;NR;A1;;1000;Senior;09/10/2026;RP;94,56;0;1;4,13;6,15;3,63;3,7;6,27;0,62;0,627;0,0325;1;1;0,0344;99,179;
XS2741344613;MEDIOBANCA 31/01/2029 3,3%;31/01/2029;EUR;MEDIOBANCA;Mediobanca;;;;1000;Senior;09/10/2026;LP;98,75;62000;1;3,87;2,12;2,86;3;2,16;0,452;0,457;0,033;1;1;0,0334;100;
XS2742975738;BARCLAYS 19/04/2044 6,2% Cumulative callable;19/04/2044;EUR;BARCLAYS;Barclays;;;;1000;Senior;09/10/2026;RP;80,04;0;1;4,99;16,7;4,15;4,32;16,8;1,359;1,359;0,062;0;;0,0775;100;
XS2745705637;INTESA SANPAOLO 12/01/2032 STEP DOWN 7% - 4% USD;12/01/2032;USD;INTESASP;Intesa Sanpaolo;;;;2000;Senior;09/10/2026;LP;96,79;10000;1;5,75;4,34;4,23;4,38;4,55;2,27;2,277;0,06;0;1,4,7,10;0,062;100;
XS2745725155;VOLKSWAGEN GREEN BOND 11/10/2028 3,875%;11/10/2028;EUR;VOLKSWAGEN;Volkswagen AG;;;;1000;Senior;09/10/2026;RP;99,81;0;1;3,97;1,88;2,94;2,96;1,91;0,583;0,586;0,03875;1;10;0,0388;99,805;
XS2745726047;VOLKSWAGEN GREEN BOND 11/04/2031 4%;11/04/2031;EUR;VOLKSWAGEN;Volkswagen AG;;;;1000;Senior;09/10/2026;LP;99,11;25000;1;4,22;3,95;3,13;3,15;4,08;0,749;0,755;0,04;1;4;0,0404;99,307;
XS2746102479;POLONIA 11/01/2034 3,625%;11/01/2034;EUR;GOV_PL;Polonia;A-;A3;;1000;Senior;09/10/2026;LP;96,76;2000;1;4,15;6,06;3,64;3,68;6,19;0,64;0,647;0,03625;1;1;0,0375;99,251;
XS2746103014;POLONIA 11/01/2044 4,125%;11/01/2044;EUR;GOV_PL;Polonia;A-;A3;;1000;Senior;09/10/2026;LP;91;22000;2;4,91;11,45;4,31;4,36;12,01;1,279;1,3;0,04125;1;1;0,0453;99,331;
XS2747600018;E.ON GREEN BOND 15/01/2031 3,375% CALLABLE;15/01/2031;EUR;EON;E.ON SE;;;;1000;Senior;09/10/2026;LP;98,49;30000;1;3,76;3,8;2,79;2,86;3,91;0,298;0,303;0,03375;1;1;0,0343;99,449;
XS2747600109;E.ON GREEN BOND 15/01/2036 3,75% CALLABLE;15/01/2036;EUR;EON;E.ON SE;;;;1000;Senior;09/10/2026;RP;95,35;0;1;4,37;7,41;3,25;3,36;7,83;0,817;0,829;0,0375;1;1;0,0393;99,383;
XS2749779067;MEDIOBANCA 21/02/2030 STEP UP 3% - 4%;21/02/2030;EUR;MEDIOBANCA;Mediobanca;;;;1000;Senior;09/10/2026;LP;99,28;50000;1;3,98;3,04;2,95;3;3,11;0,527;0,533;0,034;0;2;0,0342;100;
XS2750224201;MEDIOBANCA 16/02/2029 3,1%;16/02/2029;EUR;MEDIOBANCA;Mediobanca;;;;1000;Senior;09/10/2026;LP;98,43;98000;2;3,8;2,17;2,82;2,99;2,21;0,386;0,39;0,031;1;2;0,0315;100;
XS2753429047;UNGHERIA GREEN BOND 25/07/2029 4%;25/07/2029;EUR;GOV_HU;Ungheria;BBB-;Baa2;;1000;Senior;09/10/2026;LP;100,43;383000;2;3,83;2,57;3,31;3,31;2,59;0,393;0,398;0,04;1;7;0,0398;98,698;
XS2756521212;ROMANIA 30/01/2029 5,875% USD;30/01/2029;USD;GOV_RO;Romania;BBB-;Baa3;;2000;Senior;09/10/2026;RP;99,66;0;1;6,12;2,03;5,35;5,35;2,07;2,702;2,711;0,05875;2;1,7;0,059;99,471;
XS2756521303;ROMANIA 30/01/2034 6,375% USD;30/01/2034;USD;GOV_RO;Romania;BBB-;Baa3;;2000;Senior;09/10/2026;LP;97,03;4000;1;7,01;5,47;6,14;6,17;5,66;3,501;3,514;0,06375;2;1,7;0,0657;99,164;
XS2761989982;BARCLAYS 17/05/2044 10% Cumulative callable USD;17/05/2044;USD;BARCLAYS;Barclays;;;;1000;Senior;09/10/2026;RP;75,9;0;1;6,45;16,54;5,53;5,69;16,66;2,817;2,817;0;0;;0;100;
XS2765024414;WORLD BANK 14/02/2034 2,9%;14/02/2034;EUR;SOV_WORLDBANK;World Bank;;;;1000;Senior;09/10/2026;RP;95,68;0;1;3,58;6,34;3,14;3,2;6,45;0,067;0,073;0,029;1;2;0,0303;99,726;
XS2765498717;LITUANIA 13/02/2034 3,5%;13/02/2034;EUR;GOV_LT;Lituania;A;A2;;1000;Senior;09/10/2026;RP;95,11;0;1;4,29;6,16;3,76;3,83;6,29;0,777;0,784;0,035;1;2;0,0368;99,115;
XS2770920937;ROMANIA 22/03/2031 5,375%;22/03/2031;EUR;GOV_RO;Romania;BBB-;Baa3;;1000;Senior;09/10/2026;LP;100,56;250000;2;5,22;3,76;4,55;4,55;3,84;1,754;1,762;0,05375;1;3;0,0535;99,879;
XS2770921315;ROMANIA GREEN BOND 22/02/2036 5,625%;22/02/2036;EUR;GOV_RO;Romania;BBB-;Baa3;;1000;Senior;09/10/2026;LP;96,05;118000;2;6,19;6,8;5,43;5,46;7,06;2,632;2,65;0,05625;1;2;0,0586;99,073;
XS2805621146;BARCLAYS BANK 15/07/2042  6,2% Cumulative callable;15/07/2042;EUR;BARCLAYS;Barclays;;;;1000;Senior;09/10/2026;LP;85,74;5000;1;4,9;15,03;4,03;4,16;15,13;1,259;1,259;0,062;0;;0,0723;100;
XS2829209720;ROMANIA 30/05/2032 5,25%;30/05/2032;EUR;GOV_RO;Romania;BBB-;Baa3;;1000;Senior;09/10/2026;LP;98,92;66000;2;5,47;4,67;4,79;4,8;4,77;1,987;1,994;0,0525;1;5;0,0531;99,515;
XS2829724504;GOLDMAN SACHS 07/02/2042 5,3% Cumulative callable;07/02/2042;EUR;GOLDMAN;Goldman Sachs;;;;1000;Senior;09/10/2026;LP;79,42;30000;1;5,13;14,58;4,19;4,41;14,68;1,49;1,49;0,053;0;;0,0667;100;
XS2829810923;ROMANIA 30/05/2037 5,625%;30/05/2037;EUR;GOV_RO;Romania;BBB-;Baa3;;1000;Senior;09/10/2026;LP;93,42;387000;2;6,5;7,53;5,7;5,76;7,84;2,912;2,935;0,05625;1;5;0,0602;99,45;
XS2837886287;VOLKSWAGEN GREEN BOND 10/09/2030 3,875%;10/09/2030;EUR;VOLKSWAGEN;Volkswagen AG;;;;1000;Senior;09/10/2026;RP;98,65;0;1;4,26;3,54;3,15;3,22;3,63;0,795;0,799;0,03875;1;9;0,0393;99,578;
XS2849767202;CIPRO 27/06/2031 3,25% ;27/06/2031;EUR;GOV_CY;Cipro;A;A3;;1000;Senior;09/10/2026;RP;98,83;0;1;3,52;4,25;3,08;3,11;4,3;0,052;0,057;0,0325;1;6;0,0329;99,631;
XS2861438815;BARCLAYS BANK 16/10/2042 5,3% Cumulative Callable;16/10/2042;EUR;BARCLAYS;Barclays;;;;100;Senior;09/10/2026;LP;79,15;30000;1;4,98;15,26;4,09;4,3;15,36;1,347;1,347;0,053;0;;0,067;100;
XS2887897200;WORLD BANK 28/08/2031 2,6%;28/08/2031;EUR;SOV_WORLDBANK;World Bank;;;;1000;Senior;09/10/2026;RP;96,08;0;1;3,49;4,47;3,06;3,15;4,51;0,016;0,019;0,026;1;8;0,0271;99,975;
XS2887901325;BMW 27/08/2027 3% ;27/08/2027;EUR;BMW;Bayerische Motoren Werke AG;;;;1000;Senior;09/10/2026;RP;99,69;0;1;3,36;0,84;2,49;2,57;0,85;0,187;0,187;0,03;1;8;0,0301;99,915;
XS2887901598;BMW 27/08/2030 3,125% ;27/08/2030;EUR;BMW;Bayerische Motoren Werke AG;;;;1000;Senior;09/10/2026;RP;96,93;0;1;3,99;3,55;2,97;3,16;3,62;0,535;0,539;0,03125;1;8;0,0322;99,951;
XS2887901911;BMW 27/08/2034 3,375% ;27/08/2034;EUR;BMW;Bayerische Motoren Werke AG;;;;1000;Senior;09/10/2026;RP;93;0;1;4,45;6,68;3,32;3,52;6,95;0,924;0,932;0,03375;1;8;0,0363;99,466;
XS2890420834;BULGARIA 05/09/2032 3,625% ;05/09/2032;EUR;GOV_BG;Bulgaria;BBB+;Baa1;;1000;Senior;09/10/2026;RP;96,99;0;1;4,21;5,17;3,69;3,73;5,25;0,724;0,729;0,03625;1;9;0,0374;98,657;
XS2890435600;BULGARIA 05/09/2044 4,25% ;05/09/2044;EUR;GOV_BG;Bulgaria;BBB+;Baa1;;1000;Senior;09/10/2026;LP;90;15000;1;5,12;11,91;4,5;4,54;12,48;1,488;1,507;0,0425;1;9;0,0472;97,864;
XS2890436087;BULGARIA 05/03/2037 5% USD;05/03/2037;USD;GOV_BG;Bulgaria;BBB+;Baa1;;2000;Senior;09/10/2026;LP;91,06;2000;1;6,27;7,58;5,51;5,58;7,87;2,696;2,716;0,05;2;3,9;0,0549;98,251;
XS2895631567;E.ON GREEN BOND 05/03/2030 3,125% CALLABLE;05/03/2030;EUR;EON;E.ON SE;;;;1000;Senior;09/10/2026;RP;97,9;0;1;3,79;3,09;2,81;2,95;3,16;0,34;0,345;0,03125;1;3;0,0319;99,59;
XS2895631641;E.ON 05/09/2038 3,875% CALLABLE;05/09/2038;EUR;EON;E.ON SE;;;;1000;Senior;09/10/2026;LP;94;62000;1;4,54;9,22;3,38;3,48;9,81;0,93;0,949;0,03875;1;9;0,0412;99,459;
XS2908633683;ROMANIA 24/03/2035 5,75% USD;24/03/2035;USD;GOV_RO;Romania;BBB-;Baa3;;2000;Senior;09/10/2026;LP;92,08;30000;1;7,13;6,26;6,25;6,35;6,48;3,596;3,611;0,0575;2;3,9;0,0624;99,293;
XS2908644615;ROMANIA 24/09/2031 5,125% ;24/09/2031;EUR;GOV_RO;Romania;BBB-;Baa3;;1000;Senior;09/10/2026;LP;99,28;695000;2;5,29;4,26;4,63;4,65;4,33;1,82;1,826;0,05125;1;9;0,0516;99,977;
XS2908645265;ROMANIA 24/09/2044 6% ;24/09/2044;EUR;GOV_RO;Romania;BBB-;Baa3;;1000;Senior;09/10/2026;LP;91,55;1044000;3;6,83;10,4;6;6,03;11,06;3,201;3,229;0,06;1;9;0,0655;99,828;
XS2922763896;POLONIA 22/10/2031 3,125% ;22/10/2031;EUR;GOV_PL;Polonia;A-;A3;;1000;Senior;09/10/2026;LP;96,52;30000;1;3,9;4,41;3,42;3,49;4,47;0,428;0,431;0,03125;1;10;0,0324;99,555;
XS2922764191;POLONIA 22/10/2039 3,875% ;22/10/2039;EUR;GOV_PL;Polonia;A-;A3;;1000;Senior;09/10/2026;LP;92,02;488000;2;4,71;9,49;4,14;4,2;9,85;1,085;1,107;0,03875;1;10;0,0421;99,742;
XS2932806065;ALERION GREEN BOND 11/12/2030 4,75% CALLABLE;11/12/2030;EUR;ALERION;Alerion Clean Power S.p.A.;;;;1000;Senior;09/10/2026;LP;99,7;149000;2;4,89;3,59;3,61;3,62;3,73;1,422;1,429;0,0475;2;6,12;0,0476;100;
XS2935655113;BARCLAYS BANK 30/01/2045 5,4% Cumulative Callable;30/01/2045;EUR;BARCLAYS;Barclays;;;;1000;Senior;09/10/2026;RP;82,5;0;1;4,58;17,51;3,76;3,9;17,62;0,952;0,952;0,054;0;;0,0655;100;
XS2958536976;NEW LAT FOOD 12/02/2031 4,75% CALLABLE;12/02/2031;EUR;NEWLATFOOD;New Lat Food S.p.A.;;;;1000;Senior;09/10/2026;LP;98,65;662000;2;5,16;3,74;3,81;3,89;3,88;1,695;1,702;0,0475;2;2,8;0,0482;100;
XS2970972613;SOCIETE GENERALE 07/02/2040 4,75% Cumulative callable;07/02/2040;EUR;SOCGEN;Societe Generale;;;;1000;Senior;09/10/2026;RP;82,57;0;1;4,9;12,71;3,95;4,18;12,79;1,272;1,272;0,0475;0;;0,0575;100;
XS2971936948;UNGHERIA 16/06/2034 4,5% ;16/06/2034;EUR;GOV_HU;Ungheria;BBB-;Baa2;;1000;Senior;09/10/2026;LP;98,75;276000;2;4,69;6,26;4,11;4,13;6,42;1,175;1,185;0,045;1;6;0,0456;99,941;
XS2971937672;UNGHERIA GREEN BOND 22/03/2040 4,875% ;22/03/2040;EUR;GOV_HU;Ungheria;BBB-;Baa2;;1000;Senior;09/10/2026;LP;98,73;80000;2;5;9,41;4,38;4,39;9,81;1,375;1,402;0,04875;0;3;0,0494;99,87;
XS2975276143;POLONIA 16/01/2035 3,625% ;16/01/2035;EUR;GOV_PL;Polonia;A-;A3;;1000;Senior;09/10/2026;LP;96,26;33000;1;4,17;6,79;3,65;3,7;6,95;0,636;0,645;0,03625;1;1;0,0377;99,95;
XS2975280509;POLONIA 16/01/2030 3% ;16/01/2030;EUR;GOV_PL;Polonia;A-;A3;;1000;Senior;09/10/2026;RP;98,26;0;1;3,57;2,98;3,13;3,19;3,01;0,122;0,127;0,03;1;1;0,0305;99,918;
XS2978482169;E.ON GREEN BOND 16/01/2040 4% CALLABLE;16/01/2040;EUR;EON;E.ON SE;;;;1000;Senior;09/10/2026;RP;93,35;0;1;4,68;9,67;3,49;3,59;10,44;1,057;1,08;0,04;1;1;0,0428;99,612;
XS2978594989;E.ON 16/04/2033 3,5% CALLABLE;16/04/2033;EUR;EON;E.ON SE;;;;1000;Senior;09/10/2026;LP;96,46;3000;1;4,13;5,59;3,07;3,19;5,8;0,632;0,638;0,035;1;4;0,0363;99,575;
XS2982293156;GOLDMAN SACHS 04/08/2035 4,4% Cumulative Callable;04/08/2035;EUR;GOLDMAN;Goldman Sachs;;;;100;Senior;09/10/2026;LP;90,16;25000;1;4,79;8,41;3,74;3,97;8,48;1,241;1,241;0,044;0;;0,0488;100;
XS2982296092;GOLDMAN SACHS 04/08/2035 6,75% Cumulative callable USD;04/08/2035;USD;GOLDMAN;Goldman Sachs;;;;100;Senior;09/10/2026;RP;89,65;0;1;6,31;8,29;5,03;5,24;8,37;2,768;2,768;0,0675;0;;0,0753;100;
XS2982308285;GOLDMAN SACHS 05/06/2040 STEP DOWN 7% - 2% CALLABLE;05/06/2040;EUR;GOLDMAN;Goldman Sachs;;;;100;Senior;09/10/2026;RP;85,78;0;1;4,67;9,77;3,47;3,71;10,63;1,035;1,057;0,07;0;6;0,0816;100;
XS2982332400;BMW 22/07/2029 3,125%;22/07/2029;EUR;BMW;Bayerische Motoren Werke AG;;;;1000;Senior;09/10/2026;RP;97,9;0;1;3,94;2,58;2,92;3,11;2,62;0,499;0,503;0,03125;1;7;0,0319;99,905;
XS2999533271;ROMANIA 10/03/2030 5,25%;10/03/2030;EUR;GOV_RO;Romania;BBB-;Baa3;;1000;Senior;09/10/2026;LP;101,75;19000;2;4,67;2,98;4,02;4,02;3,03;1,22;1,228;0,0525;0;3;0,0516;99,824;
XS2999552909;ROMANIA 10/09/2034 6,25%;10/09/2034;EUR;GOV_RO;Romania;BBB-;Baa3;;1000;Senior;09/10/2026;LP;100,93;23000;2;6,1;6,08;5,31;5,31;6,27;2,571;2,584;0,0625;0;9;0,0619;99,226;
XS2999564581;ROMANIA 10/02/2037 7,5% USD;10/02/2037;USD;GOV_RO;Romania;BBB-;Baa3;;2000;Senior;09/10/2026;RP;101,72;0;1;7,39;6,8;6,43;6,43;7,14;3,811;3,838;0,075;2;2,8;0,0737;99,633;
XS3021378032;ROMANIA 11/07/2032 5,875%;11/07/2032;EUR;GOV_RO;Romania;BBB-;Baa3;;1000;Senior;09/10/2026;LP;100,43;54000;2;5,78;4,7;5,04;5,04;4,82;2,292;2,3;0,05875;0;7;0,0585;99,702;
XS3021378388;ROMANIA 11/07/2039 6,75%;11/07/2039;EUR;GOV_RO;Romania;BBB-;Baa3;;1000;Senior;09/10/2026;LP;99,93;771000;3;6,75;8,24;5,91;5,91;8,66;3,132;3,167;0,0675;0;7;0,0675;99,614;
XS3025746853;BARCLAYS BANK 29/05/2050 6,5% Cumulative callable;29/05/2050;EUR;BARCLAYS;Barclays;;;;1000;Senior;09/10/2026;RP;78,97;0;1;4,74;22,57;3,97;4,08;22,71;1,17;1,17;0,065;0;;0,0823;100;
XS3032929930;DEUTSCHE BANK 30/05/2033 2,9%;30/05/2033;EUR;DEUTSCHEBANK;Deutsche Bank AG;;;;1000;Senior;09/10/2026;LP;89,15;21000;1;4,85;5,74;3,63;4,04;5,93;1,353;1,358;0,029;1;5;0,0325;100;
XS3062135556;BARCLAYS BANK 14/07/2043 5,6% Cumulative Callable;14/07/2043;EUR;BARCLAYS;Barclays;;;;1000;Senior;09/10/2026;RP;83,12;0;1;4,9;15,98;4;4,15;16,09;1,268;1,268;0,056;0;;0,0674;100;
XS3062135630;BARCLAYS BANK 14/07/2043 8,8% USD Cumulative Callable;14/07/2043;USD;BARCLAYS;Barclays;;;;1000;Senior;09/10/2026;RP;85,77;0;1;6,04;15,81;5,03;5,13;15,94;2,408;2,408;0,088;0;;0,1026;100;
XS3063879368;BULGARIA 07/05/2034 3,5%;07/05/2034;EUR;GOV_BG;Bulgaria;BBB+;Baa1;;1000;Senior;09/10/2026;RP;94,35;0;1;4,39;6,37;3,85;3,92;6,5;0,875;0,882;0,035;1;5;0,0371;98,634;
XS3063879442;BULGARIA 07/05/2038 4,125%;07/05/2038;EUR;GOV_BG;Bulgaria;BBB+;Baa1;;1000;Senior;09/10/2026;RP;93,12;0;1;4,92;8,74;4,32;4,36;9,03;1,314;1,334;0,04125;1;5;0,0443;97,975;
XS3075490188;BMW 20/05/2031 3,25%;20/05/2031;EUR;BMW;Bayerische Motoren Werke AG;;;;1000;Senior;09/10/2026;RP;96,62;0;1;4,07;4,12;3,02;3,2;4,23;0,598;0,603;0,0325;1;5;0,0336;99,785;
XS3075490261;BMW 20/11/2034 3,75%;20/11/2034;EUR;BMW;Bayerische Motoren Werke AG;;;;1000;Senior;09/10/2026;RP;95,06;0;1;4,49;6,57;3,34;3,48;6,92;0,961;0,97;0,0375;1;11;0,0394;99,726;
XS3075491152;BMW 20/05/2028 2,625%;20/05/2028;EUR;BMW;Bayerische Motoren Werke AG;;;;1000;Senior;09/10/2026;RP;98,29;0;1;3,73;1,52;2,77;3,03;1,54;0,388;0,391;0,02625;1;5;0,0267;99,778;
XS3077018714;NEXI 21/05/2031 3,875% CALLABLE;21/05/2031;EUR;NEXI;Nexi SpA;;;;100000;Senior;09/10/2026;RP;98,44;0;1;4,25;4,07;3,15;3,23;4,19;0,782;0,787;0,03875;1;5;0,0394;99,89;
XS3085263138;SOCIETE GENERALE 12/06/2045 5,5% Cumulative callable;12/06/2045;EUR;SOCGEN;Societe Generale;;;;1000;Senior;09/10/2026;RP;81,17;0;1;4,74;17,83;3,89;4,04;17,95;1,114;1,114;0,055;0;;0,0678;100;
XS3109446610;POLONIA 07/07/2032 3,125%;07/07/2032;EUR;GOV_PL;Polonia;A-;A3;;1000;Senior;09/10/2026;LP;95,47;5000;1;4,02;5,08;3,53;3,62;5,15;0,539;0,543;0,03125;1;7;0,0327;99,672;
XS3109460959;POLONIA GREEN BOND 07/07/2037 3,875%;07/07/2037;EUR;GOV_PL;Polonia;A-;A3;;1000;Senior;09/10/2026;LP;94,14;7000;1;4,58;8,44;4,02;4,07;8,68;0,992;1,008;0,03875;1;7;0,0412;99,736;
XS3114897633;ROMANIA 16/05/2036 6,625% USD;16/05/2036;USD;GOV_RO;Romania;BBB-;Baa3;;2000;Senior;09/10/2026;LP;96,41;30000;1;7,28;6,53;6,36;6,4;6,83;3,714;3,736;0,06625;0;5,11;0,0687;99,812;
XS3114901336;ROMANIA 16/09/2030 5,75% USD;16/09/2030;USD;GOV_RO;Romania;BBB-;Baa3;;2000;Senior;09/10/2026;RP;97,74;0;1;6,51;3,33;5,69;5,76;3,4;3,048;3,056;0,0575;0;3,9;0,0588;99,885;
XS3124345631;BULGARIA 18/07/2035 3,375%;18/07/2035;EUR;GOV_BG;Bulgaria;BBB+;Baa1;;1000;Senior;09/10/2026;RP;92,26;0;1;4,46;7,29;3,92;3,99;7,45;0,917;0,927;0,03375;1;7;0,0366;97,836;
XS3124393367;BULGARIA 18/07/2045 4,125%;18/07/2045;EUR;GOV_BG;Bulgaria;BBB+;Baa1;;1000;Senior;09/10/2026;LP;88;17000;1;5,13;12,26;4,52;4,56;12,86;1,512;1,529;0,04125;1;7;0,0469;96,88;
XS3129375732;IBRD 23/07/2035 3%;23/07/2035;EUR;SOV_IBRD;International Bank for Reconstruction and Development;AAA;;;1000;Senior;09/10/2026;RP;94,66;0;1;3,72;7,48;3,27;3,34;7,62;0,181;0,189;0,03;1;7;0,0317;100;
XS3135860065;BARCLAYS BANK 06/10/2050 6,5% Cumulative callable;06/10/2050;EUR;BARCLAYS;Barclays;;;;1000;Senior;09/10/2026;RP;80,75;0;0;4,69;22,92;3,92;4,02;23,07;1,13;1,13;0,065;0;;0,0805;100;
XS3189138111;BARCLAYS BANK 04/12/2041 5% Cumulative Callable;04/12/2041;EUR;BARCLAYS;Barclays;;;;1000;Senior;09/10/2026;RP;87,29;0;0;4,56;14,49;3,66;3,8;14,6;0,924;0,924;0,05;0;;0,0573;100;
XS3198384573;ROMANIA 07/06/2033 5,375%;07/06/2033;EUR;GOV_RO;Romania;BBB-;Baa3;;1000;Senior;09/10/2026;LP;97;366000;2;5,93;5,33;5,2;5,24;5,47;2,427;2,436;0,05375;0;6;0,0554;99,351;
XS3198384813;ROMANIA 07/10/2037 6,125%;07/10/2037;EUR;GOV_RO;Romania;BBB-;Baa3;;1000;Senior;09/10/2026;LP;96,66;388000;2;6,56;7,74;5,75;5,77;8,06;2,969;2,995;0,06125;1;10;0,0634;99,312;
XS3200176298;ROMANIA 07/10/2045 6,5%;07/10/2045;EUR;GOV_RO;Romania;BBB-;Baa3;;1000;Senior;09/10/2026;LP;95,77;1026000;3;6,91;10,52;6,05;6,07;11,23;3,283;3,309;0,065;1;10;0,0679;99,69;
XS3213330791;ALERION GREEN BOND 06/02/2032 4,625% CALLABLE;06/02/2032;EUR;ALERION;Alerion Clean Power S.p.A.;;;;1000;Senior;09/10/2026;RP;98,65;0;1;4,97;4,51;3,67;3,74;4,7;1,496;1,502;0,04625;2;2,8;0,0469;100;
XS3222075817;BARCLAYS BANK 12/01/2051 7% Cumulative Callable;12/01/2051;EUR;BARCLAYS;Barclays;;;;1000;Senior;09/10/2026;RP;84,18;0;1;4,74;23,17;3,95;4,03;23,33;1,181;1,181;0,07;0;;0,0832;100;
XS3268040964;POLONIA 15/01/2031 2,875%;15/01/2031;EUR;GOV_PL;Polonia;A-;A3;;1000;Senior;09/10/2026;LP;95,89;114000;1;3,94;3,83;3,45;3,56;3,87;0,475;0,479;0,02875;1;1;0,03;99,592;
XS3268043554;POLONIA 15/06/2036 3,625%;15/06/2036;EUR;GOV_PL;Polonia;A-;A3;;1000;Senior;09/10/2026;LP;93,88;40000;1;4,41;7,83;3,87;3,93;8,03;0,852;0,864;0,03625;1;6;0,0386;99,047;
XS3269554690;UNGHERIA 26/05/2033 4,25%;26/05/2033;EUR;GOV_HU;Ungheria;BBB-;Baa2;;1000;Senior;09/10/2026;LP;98,49;10000;1;4,52;5,56;3,95;3,98;5,67;1,017;1,024;0,0425;0;5;0,0432;99,754;
XS3269555234;UNGHERIA 25/03/2038 4,875%;25/03/2038;EUR;GOV_HU;Ungheria;BBB-;Baa2;;1000;Senior;09/10/2026;RP;98,9;0;1;5;8,3;4,38;4,39;8,62;1,398;1,421;0,04875;0;3;0,0493;100;
XS3276320358;LITUANIA 22/01/2031 3%;22/01/2031;EUR;GOV_LT;Lituania;A;A2;;1000;Senior;09/10/2026;RP;96,65;0;1;3,86;3,84;3,38;3,48;3,89;0,397;0,402;0,03;1;1;0,031;99,913;
XS3276321752;LITUANIA 22/01/2041 4,125%;22/01/2041;EUR;GOV_LT;Lituania;A;A2;;1000;Senior;09/10/2026;RP;91,71;0;1;4,95;10,07;4,35;4,39;10,49;1,31;1,335;0,04125;1;1;0,045;98,699;
XS3280518856;BMW 27/01/2029 2,625%;27/01/2029;EUR;BMW;Bayerische Motoren Werke AG;;;;1000;Senior;09/10/2026;RP;97,45;0;1;3,8;2,13;2,82;3,08;2,17;0,391;0,395;0,02625;1;1;0,0269;99,673;
XS3280519078;BMW 27/01/2032 3,25%;27/01/2032;EUR;BMW;Bayerische Motoren Werke AG;;;;1000;Senior;09/10/2026;RP;95,35;0;1;4,25;4,63;3,16;3,37;4,78;0,77;0,775;0,0325;1;1;0,0341;99,775;
XS3280519318;BMW 27/01/2036 3,75%;27/01/2036;EUR;BMW;Bayerische Motoren Werke AG;;;;1000;Senior;09/10/2026;RP;93,64;0;1;4,6;7,41;3,43;3,58;7,83;1,051;1,063;0,0375;1;1;0,04;99,354;
XS3307442197;ROMANIA 04/03/2033 4,625%;04/03/2033;EUR;GOV_RO;Romania;BBB-;Baa3;;1000;Senior;09/10/2026;LP;93,18;121000;2;5,93;5,18;5,21;5,33;5,31;2,436;2,444;0,04625;1;3;0,0496;99,924;
XS3307981491;ROMANIA 04/07/2036 5,75% USD;04/07/2036;USD;GOV_RO;Romania;BBB-;Baa3;;2000;Senior;09/10/2026;RP;90,03;0;1;7,32;6,69;6,42;6,52;6,99;3,751;3,772;0,0575;0;1,7;0,0639;99,956;
XS3338525515;GOLDMAN SACHS 20/05/2041 6,25% Cumulative Callable;20/05/2041;EUR;GOLDMAN;Goldman Sachs;;;;100;Senior;09/10/2026;RP;93,39;0;1;4,93;13,92;3,95;4,02;14,05;1,295;1,295;0,0625;0;;0,0669;100;
XS3345065505;BARCLAYS BANK 11/05/2046 6,2% Cumulative Callable;11/05/2046;EUR;BARCLAYS;Barclays;;;;1000;Senior;09/10/2026;RP;92;0;1;4,5;18,75;3,65;3,71;18,89;0,881;0,881;0,062;0;;0,0674;100;
XS3435288413;UNGHERIA 23/03/2032 3,5%;23/03/2032;EUR;GOV_HU;Ungheria;BBB-;Baa2;;1000;Senior;09/10/2026;RP;95,41;0;1;4,47;4,78;3,92;4,01;4,85;0,988;0,993;0,035;0;3;0,0367;99,405;
XS3435288769;UNGHERIA 21/05/2037 4,25%;21/05/2037;EUR;GOV_HU;Ungheria;BBB-;Baa2;;1000;Senior;09/10/2026;LP;93,88;1000;1;5,01;8,18;4,39;4,45;8,43;1,425;1,442;0,0425;0;5;0,0453;99,737;
XS3486811766;WORLD BANK 02/09/2036 3,45%;02/09/2036;EUR;SOV_WORLDBANK;World Bank;;;;1000;Senior;09/10/2026;LP;97,19;20000;1;3,8;8,18;3,33;3,35;8,37;0,23;0,242;0,0345;1;9;0,0355;99,775;
XS3511196753;TOYOTA 24/03/2033 4,2%;24/03/2033;EUR;TOYOTA;Toyota Motor Corporation;;;;1000;Senior;09/10/2026;RP;100,13;0;1;4,18;5,53;3,08;3,08;5,75;0,684;0,69;0,042;0;3;0,0419;99,737;
ZAG000030404;SUD AFRICA 31/03/2036 6,25% ZAR;31/03/2036;ZAR;GOV_ZA;Sud Africa;BB;Ba2;;1;Senior;09/10/2026;LP;83,17;2090000;1;9,12;6,43;8;8;6,72;5,558;5,58;0,0625;2;3,9;0,0751;77,846;
ZAG000077470;SUD AFRICA 28/02/2031 7% ZAR;28/02/2031;ZAR;GOV_ZA;Sud Africa;BB;Ba2;;1;Senior;09/10/2026;RP;95,08;0;1;8,53;3,5;7,6;7,64;3,58;5,062;5,072;0,07;2;2,8;0,0736;82,389;
ZAG000077488;SUD AFRICA 28/02/2041 6,5% ZAR;28/02/2041;ZAR;GOV_ZA;Sud Africa;BB;Ba2;;1;Senior;09/10/2026;LP;77,4;699000;1;9,61;7,97;8,64;8,71;8,43;5,973;6,019;0,065;2;2,8;0,084;75,517;
ZAG000106998;SUD AFRICA 31/01/2030 8% ZAR;31/01/2030;ZAR;GOV_ZA;Sud Africa;BB;Ba2;;1;Senior;09/10/2026;LP;99,41;986000;1;8,36;2,7;7,32;7,32;2,76;4,909;4,921;0,08;2;1,7;0,0805;95,2608;
ZAG000107004;SUD AFRICA 31/03/2032 8,25% ZAR;31/03/2032;ZAR;GOV_ZA;Sud Africa;BB;Ba2;;1;Senior;09/10/2026;RP;98,66;0;1;8,74;4,13;7,67;7,67;4,26;5,261;5,272;0,0825;2;3,9;0,0836;95,30336;
ZAG000107012;SUD AFRICA 31/01/2037 8,5% ZAR;31/01/2037;ZAR;GOV_ZA;Sud Africa;BB;Ba2;;1;Senior;09/10/2026;LP;96,44;140000;1;9,24;6,3;8,09;8,11;6,66;5,658;5,691;0,085;2;1,7;0,0881;96,8747;
ZAG000125972;SUD AFRICA 28/02/2035 8,875% ZAR;28/02/2035;ZAR;GOV_ZA;Sud Africa;BB;Ba2;;1;Senior;09/10/2026;RP;100,58;0;1;8,96;5,53;7,81;7,81;5,81;5,425;5,447;0,08875;2;2,8;0,0882;102,188;
ZAG000125980;SUD AFRICA 31/01/2040 9% ZAR;31/01/2040;ZAR;GOV_ZA;Sud Africa;BB;Ba2;;1;Senior;09/10/2026;LP;97,45;3955000;2;9,55;7,12;8,34;8,36;7,64;5,922;5,973;0,09;2;1,7;0,0924;99,7471;
ZAG000195280;SUD AFRICA 31/03/2053 1,625% ZAR;31/03/2053;ZAR;GOV_ZA;Sud Africa;BB;Ba2;;1;Senior;09/10/2026;LP;122,69;415000;1;9,52;9,04;8,24;8,24;10,04;5,995;5,96;0,11625;2;3,9;0,0948;99,7824;
ZAG000208364;SUD AFRICA 31/03/2038 0,875% ZAR;31/03/2038;ZAR;GOV_ZA;Sud Africa;BB;Ba2;;1;Senior;09/10/2026;LP;112,03;50000;1;9,37;6,45;8,06;8,06;6,89;5,764;5,81;0,10875;2;3,9;0,0971;99,7644;
ZAG000208372;SUD AFRICA 31/03/2033 10% ZAR;31/03/2033;ZAR;GOV_ZA;Sud Africa;BB;Ba2;;1;Senior;09/10/2026;RP;106,63;0;0;8,83;4,55;7,58;7,58;4,75;5,327;5,342;0,1;2;3,9;0,0938;100,1472;
