isincode;description;redemptiondate;currencycode;issuercode;issuerdescription;ratingsp;ratingmoodys;ratingfitch;minimumlot;status;askprice;grossytm;netytm;supernetytm;grossduration;netduration;supernetduration;ispread;zspread;spread;referencedate;currentcouponrate;
AT0000383864;AUSTRIA 15/07/2027 6,25%;15/07/2027;EUR;GOV_AT;Austria;AA+;Aa1;;1000;Senior;102,807;2,52;1,77;1,77;0,75;0,76;0,76;-0,702;-0,702;0,0041;02/10/2026;0,0625;
AT0000A04967;AUSTRIA 15/03/2037 4,15%;15/03/2037;EUR;GOV_AT;Austria;AA+;Aa1;;1000;Senior;103,91;3,69;3,18;3,18;8,23;8,47;8,47;0,06;0,077;0,0043;02/10/2026;0,0415;
AT0000A0U299;AUSTRIA 26/01/2062 3,8%;26/01/2062;EUR;GOV_AT;Austria;AA+;Aa1;;1000;Senior;95,83;4,02;3,53;3,53;18,4;19,77;19,78;0,627;0,533;0,0074;02/10/2026;0,038;
AT0000A0VRQ6;AUSTRIA 20/06/2044 3,15%;20/06/2044;EUR;GOV_AT;Austria;AA+;Aa1;;1000;Senior;89,43;3,99;3,51;3,57;12,93;13,4;13,4;0,318;0,333;0,0021;02/10/2026;0,0315;
AT0000A10683;AUSTRIA 23/05/2034 2,4%;23/05/2034;EUR;GOV_AT;Austria;AA+;Aa1;;1000;Senior;92,63;3,52;3,09;3,2;6,73;6,83;6,83;-0,046;-0,04;0,0039;02/10/2026;0,024;
AT0000A1K9C8;AUSTRIA 20/10/2026 0,75%;20/10/2026;EUR;GOV_AT;Austria;AA+;Aa1;;1000;Senior;99,97;1,53;1,34;1,44;0,04;0,04;0,04;-1,084;-1,084;0,0009;02/10/2026;0,0075;
AT0000A1K9F1;AUSTRIA 20/02/2047 1,5%;20/02/2047;EUR;GOV_AT;Austria;AA+;Aa1;;1000;Senior;65,68;3,99;3,56;3,75;16,04;16,47;16,47;0,334;0,339;0,0077;02/10/2026;0,015;
AT0000A1PEF7;AUSTRIA 02/11/2086 1,5%;02/11/2086;EUR;GOV_AT;Austria;AA+;Aa1;;1000;Senior;46,95;3,72;3,33;3,39;27,87;30,23;30,44;0,599;0,452;0,0227;02/10/2026;0,015;
AT0000A1VGK0;AUSTRIA 20/04/2027 0,5%;20/04/2027;EUR;GOV_AT;Austria;AA+;Aa1;;1000;Senior;98,9;2,59;2,26;2,52;0,52;0,53;0,52;-0,514;-0,514;0,0009;02/10/2026;0,005;
AT0000A1XML2;AUSTRIA 20/09/2117 2,1%;20/09/2117;EUR;GOV_AT;Austria;AA+;Aa1;;1000;Senior;56,32;3,83;3,38;3,4;26,86;30,18;30,34;0,707;0,528;0,0014;02/10/2026;0,021;
AT0000A1ZGE4;AUSTRIA 20/02/2028 0,75%;20/02/2028;EUR;GOV_AT;Austria;AA+;Aa1;;1000;Senior;97,22;2,84;2,49;2,74;1,33;1,34;1,33;-0,515;-0,514;0,0035;02/10/2026;0,0075;
AT0000A269M8;AUSTRIA 20/02/2029 0,5%;20/02/2029;EUR;GOV_AT;Austria;AA+;Aa1;;1000;Senior;94,19;3,07;2,69;3,01;2,29;2,3;2,29;-0,375;-0,374;0,0026;02/10/2026;0,005;
AT0000A2CQD2;AUSTRIA 20/02/2030 0%;20/02/2030;EUR;GOV_AT;Austria;AA+;Aa1;;1000;Senior;90;3,17;2,79;3,17;3,27;3,29;3,27;-0,311;-0,311;0,0027;02/10/2026;0;
AT0000A2EJ08;AUSTRIA 20/03/2051 0,75%;20/03/2051;EUR;GOV_AT;Austria;AA+;Aa1;;1000;Senior;49,95;3,99;3,61;3,85;20,31;20,71;20,71;0,402;0,398;0,0077;02/10/2026;0,0075;
AT0000A2HLC4;AUSTRIA 30/06/2120 0,85%;30/06/2120;EUR;GOV_AT;Austria;AA+;Aa1;;1000;Senior;30,74;3,17;2,85;2,9;37,38;41,17;41,6;0,048;-0,061;0,0013;02/10/2026;0,0085;
AT0000A2KQ43;AUSTRIA 22/10/2040 0%;22/10/2040;EUR;GOV_AT;Austria;AA+;Aa1;;1000;Senior;58,59;3,88;3,49;3,88;13,53;13,58;13,53;0,195;0,195;0,0041;02/10/2026;0;
AT0000A2NW83;AUSTRIA 20/02/2031 0%;20/02/2031;EUR;GOV_AT;Austria;AA+;Aa1;;1000;Senior;86,89;3,26;2,87;3,26;4,24;4,26;4,24;-0,236;-0,236;0,0031;02/10/2026;0;
AT0000A2QQB6;AUSTRIA 20/04/2071 0,70%;20/04/2071;EUR;GOV_AT;Austria;AA+;Aa1;;1000;Senior;34,97;3,7;3,37;3,53;31,16;32,33;32,47;0,477;0,415;0,0349;02/10/2026;0,007;
AT0000A2T198;AUSTRIA 20/10/2036 0,25% ;20/10/2036;EUR;GOV_AT;Austria;AA+;Aa1;;1000;Senior;71,64;3,68;3,28;3,64;9,52;9,57;9,54;0,06;0,061;0,0058;02/10/2026;0,0025;
AT0000A2VB47;AUSTRIA 20/10/2028 0%;20/10/2028;EUR;GOV_AT;Austria;AA+;Aa1;;1000;Senior;94,02;3,07;2,69;3,07;1,98;1,99;1,98;-0,356;-0,356;0,0018;02/10/2026;0;
AT0000A2WSC8;AUSTRIA 20/02/2032 0,9% ;20/02/2032;EUR;GOV_AT;Austria;AA+;Aa1;;1000;Senior;88,12;3,35;2,95;3,22;5,06;5,1;5,08;-0,165;-0,163;0,0042;02/10/2026;0,009;
AT0000A2Y8G4;AUSTRIA GREEN BOND 23/05/2049 1,85%;23/05/2049;EUR;GOV_AT;Austria;AA+;Aa1;;1000;Senior;68,45;3,99;3,56;3,7;16,83;17,39;17,41;0,366;0,366;0,0063;02/10/2026;0,0185;
AT0000A324S8;AUSTRIA 20/02/2033 2,9%;20/02/2033;EUR;GOV_AT;Austria;AA+;Aa1;;1000;Senior;97,24;3,39;2,97;3,01;5,61;5,7;5,7;-0,15;-0,144;0,0057;02/10/2026;0,029;
AT0000A33SH3;AUSTRIA GREEN BOND 23/05/2029 2,9%;23/05/2029;EUR;GOV_AT;Austria;AA+;Aa1;;1000;Senior;99,71;3,01;2,64;2,64;2,47;2,49;2,49;-0,447;-0,444;0,0033;02/10/2026;0,029;
AT0000A33SK7;AUSTRIA 20/10/2053 3,15%;20/10/2053;EUR;GOV_AT;Austria;AA+;Aa1;;1000;Senior;85,92;4,01;3,53;3,57;16,57;17,51;17,53;0,469;0,44;0,0041;02/10/2026;0,0315;
AT0000A38239;AUSTRIA 20/10/2030 3,45%;20/10/2030;EUR;GOV_AT;Austria;AA+;Aa1;;100;Senior;100,84;3,22;2,79;2,79;3,6;3,65;3,65;-0,27;-0,266;0,0029;02/10/2026;0,0345;
AT0000A39UW5;AUSTRIA 20/02/2034 2,9%;20/02/2034;EUR;GOV_AT;Austria;AA+;Aa1;;100;Senior;96,37;3,46;3,04;3,09;6,39;6,5;6,5;-0,093;-0,086;0,0065;02/10/2026;0,029;
AT0000A3D3Q8;AUSTRIA 15/07/2039 3,2%;15/07/2039;EUR;GOV_AT;Austria;AA+;Aa1;;100;Senior;93,9;3,81;3,35;3,4;10,14;10,42;10,42;0,141;0,159;0,0064;02/10/2026;0,032;
AT0000A3EPP2;AUSTRIA 20/10/2029 2,5% ;20/10/2029;EUR;GOV_AT;Austria;AA+;Aa1;;100;Senior;98,48;3,03;2,65;2,71;2,81;2,84;2,83;-0,443;-0,44;0,0049;02/10/2026;0,025;
AT0000A3HU25;AUSTRIA 20/02/2035 2,95%;20/02/2035;EUR;GOV_AT;Austria;AA+;Aa1;;100;Senior;95,51;3,58;3,14;3,2;7,13;7,27;7,26;-0,002;0,007;0,0023;02/10/2026;0,0295;
AT0000A3NY15;AUSTRIA 20/09/2032 2,8%;20/09/2032;EUR;GOV_AT;Austria;AA+;Aa1;;100;Senior;96,92;3,38;2,96;3,02;5,37;5,44;5,44;-0,149;-0,145;0,004;02/10/2026;0,028;
AT0000A3RVH9;AUSTRIA 20/02/2036 3,2%;20/02/2036;EUR;GOV_AT;Austria;AA+;Aa1;;100;Senior;96,42;3,66;3,21;3,25;7,76;7,94;7,94;0,052;0,063;0,0037;02/10/2026;0,032;
AT0000A3T279;AUSTRIA 20/03/2056 3,75%;20/03/2056;EUR;GOV_AT;Austria;AA+;Aa1;;100;Senior;95,31;4,02;3,53;3,54;16,95;18,04;18,04;0,521;0,473;0,0111;02/10/2026;0,0375;
AT0000A3V200;AUSTRIA 20/10/2031 2,85%;20/10/2031;EUR;GOV_AT;Austria;AA+;Aa1;;100;Senior;98,04;3,28;2,87;2,91;4,56;4,62;4,62;-0,232;-0,228;0,0074;02/10/2026;0,0285;
AT0000A3V234;AUSTRIA 20/09/2041 3,55%;20/09/2041;EUR;GOV_AT;Austria;AA+;Aa1;;100;Senior;96,03;3,91;3,42;3,45;11,32;11,7;11,7;0,215;0,237;0,0073;02/10/2026;0,0355;
AU0000075681;AUSTRALIA 21/05/2032 1,25% AUD;21/05/2032;AUD;GOV_AU;Australia;AAA;Aaa;;1000;Senior;81,86;5,05;4,46;4,87;5,13;5,19;5,17;1,529;1,531;0,0018;02/10/2026;0,0125;
AU0000143901;AUSTRALIA 21/11/2032 1,75% AUD;21/11/2032;AUD;GOV_AU;Australia;AAA;Aaa;;1000;Senior;82,81;5,11;4,51;4,85;5,47;5,55;5,53;1,577;1,581;0,0018;02/10/2026;0,0175;
AU0000300535;AUSTRALIA 21/06/2054 4,75% AUD;21/06/2054;AUD;GOV_AU;Australia;AAA;Aaa;;1000;Senior;85,73;5,87;5,16;5,19;13,67;14,76;14,78;2,34;2,295;0,0061;02/10/2026;0,0475;
AU000XCLWAG2;AUSTRALIA 21/04/2033 4,5% AUD;21/04/2033;AUD;GOV_AU;Australia;AAA;Aaa;;1000;Senior;96,83;5,14;4,51;4,55;5,33;5,46;5,46;1,599;1,608;0,0016;02/10/2026;0,045;
AU000XCLWAM0;AUSTRALIA 21/06/2035 2,75% AUD;21/06/2035;AUD;GOV_AU;Australia;AAA;Aaa;;1000;Senior;82,66;5,33;4,7;4,93;7,23;7,39;7,38;1,737;1,746;0,0016;02/10/2026;0,0275;
AU3TB0000150;AUSTRALIA 21/04/2029 3,25% AUD;21/04/2029;AUD;GOV_AU;Australia;AAA;Aaa;;1000;Senior;96,16;4,94;4,34;4,5;2,31;2,33;2,33;1,479;1,482;0,0009;02/10/2026;0,0325;
AU3TB0000192;AUSTRALIA 21/04/2037 3,75% AUD;21/04/2037;AUD;GOV_AU;Australia;AAA;Aaa;;1000;Senior;87,26;5,42;4,78;4,89;8,05;8,3;8,3;1,785;1,803;0,0018;02/10/2026;0,0375;
BE0000291972;BELGIO 28/03/2028 5,5%;28/03/2028;EUR;GOV_BE;Belgio;AA-;A1;;1000;Senior;103,41;3,08;2,41;2,41;1,38;1,4;1,4;-0,29;-0,284;0,002;02/10/2026;0,055;
BE0000304130;BELGIO 28/03/2035 5%;28/03/2035;EUR;GOV_BE;Belgio;AA-;A1;;1000;Senior;105,9;4,16;3,55;3,55;6,71;6,9;6,9;0,573;0,587;0,0049;02/10/2026;0,05;
BE0000320292;BELGIO 28/03/2041 4,25%;28/03/2041;EUR;GOV_BE;Belgio;AA-;A1;;1000;Senior;96,05;4,63;4,06;4,08;10,3;10,72;10,72;0,939;0,966;0,0047;02/10/2026;0,0425;
BE0000326356;BELGIO 28/03/2032 4%;28/03/2032;EUR;GOV_BE;Belgio;AA-;A1;;1000;Senior;101,09;3,77;3,27;3,27;4,75;4,84;4,84;0,252;0,258;0,0044;02/10/2026;0,04;
BE0000331406;BELGIO 22/06/2045 3,75%;22/06/2045;EUR;GOV_BE;Belgio;AA-;A1;;1000;Senior;86,8;4,84;4,27;4,32;12,59;13,16;13,17;1,167;1,183;0,0078;02/10/2026;0,0375;
BE0000333428;BELGIO 22/06/2034 3%;22/06/2034;EUR;GOV_BE;Belgio;AA-;A1;;1000;Senior;93,06;4,06;3,57;3,67;6,64;6,75;6,75;0,5;0,507;0,0049;02/10/2026;0,03;
BE0000335449;BELGIO 22/06/2031 1%;22/06/2031;EUR;GOV_BE;Belgio;AA-;A1;;1000;Senior;88,57;3,69;3,25;3,55;4,44;4,47;4,46;0,182;0,184;0,0064;02/10/2026;0,01;
BE0000336454;BELGIO 22/06/2038 1,9%;22/06/2038;EUR;GOV_BE;Belgio;AA-;A1;;1000;Senior;76,82;4,49;3,98;4,21;9,9;10,09;10,08;0,831;0,842;0,0068;02/10/2026;0,019;
BE0000338476;BELGIO 22/06/2047 1,6%;22/06/2047;EUR;GOV_BE;Belgio;AA-;A1;;1000;Senior;57,84;4,88;4,38;4,6;15,72;16,19;16,2;1,223;1,229;0,0144;02/10/2026;0,016;
BE0000340498;BELGIO 22/06/2066 2,15%;22/06/2066;EUR;GOV_BE;Belgio;AA-;A1;;1000;Senior;52,18;4,91;4,39;4,48;20,4;21,88;22;1,593;1,482;0,013;02/10/2026;0,0215;
BE0000341504;BELGIO 22/06/2027 0,8%;22/06/2027;EUR;GOV_BE;Belgio;AA-;A1;;1000;Senior;98,758;2,59;2,26;2,48;0,69;0,69;0,69;-0,608;-0,608;0,0032;02/10/2026;0,008;
BE0000343526;BELGIO 22/06/2057 2,25%;22/06/2057;EUR;GOV_BE;Belgio;AA-;A1;;1000;Senior;57,13;5,01;4,48;4,6;18,25;19,29;19,37;1,534;1,488;0,0112;02/10/2026;0,0225;
BE0000344532;BELGIO 22/06/2037 1,45%;22/06/2037;EUR;GOV_BE;Belgio;AA-;A1;;1000;Senior;75,6;4,35;3,86;4,13;9,4;9,54;9,52;0,711;0,719;0,0111;02/10/2026;0,0145;
BE0000345547;BELGIO 22/06/2028 0,8%;22/06/2028;EUR;GOV_BE;Belgio;AA-;A1;;1000;Senior;96,16;3,14;2,75;3,03;1,65;1,66;1,65;-0,26;-0,259;0,0039;02/10/2026;0,008;
BE0000346552;BELGIO GREEN BOND 22/04/2033 1,25%;22/04/2033;EUR;GOV_BE;Belgio;AA-;A1;;1000;Senior;85,09;3,87;3,42;3,7;6,03;6,08;6,07;0,332;0,335;0,0045;02/10/2026;0,0125;
BE0000347568;BELGIO 22/06/2029 0,9%;22/06/2029;EUR;GOV_BE;Belgio;AA-;A1;;1000;Senior;93,75;3,35;2,94;3,23;2,59;2,61;2,6;-0,113;-0,112;0,0042;02/10/2026;0,009;
BE0000348574;BELGIO 22/06/2050 1,70%;22/06/2050;EUR;GOV_BE;Belgio;AA-;A1;;1000;Senior;55,11;4,96;4,45;4,65;16,96;17,57;17,6;1,355;1,35;0,0112;02/10/2026;0,017;
BE0000349580;BELGIO 22/06/2030 0,1%;22/06/2030;EUR;GOV_BE;Belgio;AA-;A1;;1000;Senior;88,33;3,51;3,09;3,5;3,58;3,59;3,58;0,021;0,021;0,005;02/10/2026;0,001;
BE0000350596;BELGIO 22/06/2040 0,4%;22/06/2040;EUR;GOV_BE;Belgio;AA-;A1;;1000;Senior;57,66;4,64;4,18;4,57;12,61;12,72;12,68;0,961;0,964;0,0066;02/10/2026;0,004;
BE0000351602;BELGIO 22/10/2027 0%;22/10/2027;EUR;GOV_BE;Belgio;AA-;A1;;1000;Senior;97,01;2,95;2,58;2,95;1,01;1,02;1,01;-0,342;-0,342;0,0003;02/10/2026;0;
BE0000352618;BELGIO 22/10/2031 0%;22/10/2031;EUR;GOV_BE;Belgio;AA-;A1;;1000;Senior;83;3,76;3,32;3,76;4,86;4,88;4,86;0,253;0,253;0,0023;02/10/2026;0;
BE0000353624;BELGIO 22/06/2071 0,65%;22/06/2071;EUR;GOV_BE;Belgio;AA-;A1;;1000;Senior;26,6;4,47;4,11;4,28;29,7;30,97;31,14;1,252;1,184;0,0049;02/10/2026;0,0065;
BE0000354630;BELGIO 22/06/2032 0,35% ;22/06/2032;EUR;GOV_BE;Belgio;AA-;A1;;1000;Senior;82,48;3,82;3,38;3,77;5,44;5,47;5,45;0,3;0,3;0,0057;02/10/2026;0,0035;
BE0000355645;BELGIO 22/06/2053 1,40%;22/06/2053;EUR;GOV_BE;Belgio;AA-;A1;;1000;Senior;47,77;4,98;4,49;4,7;18,91;19,61;19,65;1,426;1,41;0,0119;02/10/2026;0,014;
BE0000356650;BELGIO GREEN BOND 22/04/2039 2,75% ;22/04/2039;EUR;GOV_BE;Belgio;AA-;A1;;1000;Senior;83,13;4,54;4,01;4,16;9,96;10,23;10,23;0,874;0,891;0,0062;02/10/2026;0,0275;
BE0000357666;BELGIO 22/06/2033 3%;22/06/2033;EUR;GOV_BE;Belgio;AA-;A1;;1000;Senior;94,47;3,95;3,47;3,56;5,87;5,97;5,96;0,409;0,414;0,0015;02/10/2026;0,03;
BE0000358672;BELGIO 22/06/2054 3,3%;22/06/2054;EUR;GOV_BE;Belgio;AA-;A1;;1000;Senior;74,89;4,99;4,42;4,49;16;16,99;17,02;1,458;1,423;0,0074;02/10/2026;0,033;
BE0000359688;BELGIO 22/06/2043 3,45%;22/06/2043;EUR;GOV_BE;Belgio;AA-;A1;;1;Senior;84,92;4,78;4,21;4,3;11,89;12,36;12,37;1,099;1,118;0,0045;02/10/2026;0,0345;
BE0000360694;BELGIO 22/10/2034 2,85%;22/10/2034;EUR;GOV_BE;Belgio;AA-;A1;;1;Senior;91,55;4,1;3,61;3,73;6,77;6,91;6,91;0,532;0,539;0,0033;02/10/2026;0,0285;
BE0000361700;BELGIO 22/06/2055 3,5%;22/06/2055;EUR;GOV_BE;Belgio;AA-;A1;;1;Senior;77,13;5,02;4,43;4,5;16,02;17,07;17,11;1,504;1,46;0,0068;02/10/2026;0,035;
BE0000362716;BELGIO 22/10/2029 2,7%;22/10/2029;EUR;GOV_BE;Belgio;AA-;A1;;1;Senior;98,11;3,36;2,94;3,02;2,79;2,82;2,82;-0,111;-0,108;0,0047;02/10/2026;0,027;
BE0000363722;BELGIO 22/06/2035 3,1% ;22/06/2035;EUR;GOV_BE;Belgio;AA-;A1;;1;Senior;92,04;4,21;3,7;3,8;7,34;7,49;7,48;0,62;0,63;0,0038;02/10/2026;0,031;
BE0000364738;BELGIO 22/06/2042 3,45%;22/06/2042;EUR;GOV_BE;Belgio;AA-;A1;;1;Senior;85,65;4,77;4,2;4,29;11,4;11,82;11,82;1,08;1,101;0,0086;02/10/2026;0,0345;
BE0000365743;BELGIO 22/10/2030 2,6%;22/10/2030;EUR;GOV_BE;Belgio;AA-;A1;;1;Senior;96,27;3,61;3,16;3,27;3,66;3,7;3,7;0,112;0,115;0,0042;02/10/2026;0,026;
BE0000366758;BELGIO 22/06/2036 3,4%;22/06/2036;EUR;GOV_BE;Belgio;AA-;A1;;1;Senior;92,88;4,31;3,79;3,86;7,95;8,14;8,14;0,697;0,71;0,0052;02/10/2026;0,034;
BE0000367764;BELGIO 22/06/2056 4,35%;22/06/2056;EUR;GOV_BE;Belgio;AA-;A1;;1;Senior;89,53;5,04;4,42;4,45;15,5;16,63;16,65;1,537;1,48;0,0025;02/10/2026;0,0435;
BE0000368770;BELGIO 22/08/2031 3,1%;22/08/2031;EUR;GOV_BE;Belgio;AA-;A1;;1;Senior;97,46;3,68;3,22;3,28;4,42;4,47;4,47;0,169;0,173;0,0068;02/10/2026;0,031;
DE0001030708;GERMANIA GREEN BOND 15/08/2030 0%;15/08/2030;EUR;GOV_DE;Germania;AAA;Aaa;;1000;Senior;89,04;3,06;2,69;3,06;3,75;3,76;3,75;-0,436;-0,436;0,0017;02/10/2026;0;
DE0001030724;GERMANIA GREEN BOND 15/08/2050 0%;15/08/2050;EUR;GOV_DE;Germania;AAA;Aaa;;1000;Senior;41,25;3,78;3,46;3,75;23;23,07;23,01;0,179;0,179;0,0049;02/10/2026;0;
DE0001030732;GERMANIA GREEN BOND 15/08/2031 0%;15/08/2031;EUR;GOV_DE;Germania;AAA;Aaa;;1000;Senior;86,1;3,13;2,76;3,13;4,71;4,73;4,71;-0,378;-0,378;0,002;02/10/2026;0;
DE0001030740;GERMANIA GREEN BOND 15/10/2027 1,3%;15/10/2027;EUR;GOV_DE;Germania;AAA;Aaa;;1000;Senior;98,53;2,77;2,43;2,6;0,98;0,99;0,99;-0,514;-0,514;0,0021;02/10/2026;0,013;
DE0001030757;GERMANIA GREEN BOND 15/08/2053 1,8% ;15/08/2053;EUR;GOV_DE;Germania;AAA;Aaa;;1;Senior;66,64;3,8;3,4;3,47;19,25;19,95;19,97;0,258;0,239;0,0033;02/10/2026;0,018;
DE0001102341;GERMANIA 15/08/2046 2,5%;15/08/2046;EUR;GOV_DE;Germania;AAA;Aaa;;1000;Senior;82,37;3,78;3,34;3,42;14,78;15,29;15,3;0,115;0,123;0,0033;02/10/2026;0,025;
DE0001102416;GERMANIA 15/02/2027 0,25%;15/02/2027;EUR;GOV_DE;Germania;AAA;Aaa;;1000;Senior;99,196;2,51;2,2;2,47;0,35;0,35;0,35;-0,315;-0,315;0,0007;02/10/2026;0,0025;
DE0001102424;GERMANIA 15/08/2027 0,5%;15/08/2027;EUR;GOV_DE;Germania;AAA;Aaa;;1000;Senior;98,117;2,75;2,41;2,68;0,83;0,84;0,84;-0,497;-0,497;0,001;02/10/2026;0,005;
DE0001102432;GERMANIA 15/08/2048 1,25%;15/08/2048;EUR;GOV_DE;Germania;AAA;Aaa;;1000;Senior;62,39;3,82;3,42;3,61;17,64;18,06;18,06;0,179;0,18;0,0002;02/10/2026;0,0125;
DE0001102440;GERMANIA 15/02/2028 0,5%;15/02/2028;EUR;GOV_DE;Germania;AAA;Aaa;;1000;Senior;96,82;2,92;2,55;2,85;1,32;1,32;1,32;-0,436;-0,435;0,0017;02/10/2026;0,005;
DE0001102457;GERMANIA 15/08/2028 0,25%;15/08/2028;EUR;GOV_DE;Germania;AAA;Aaa;;1000;Senior;95,27;2,9;2,54;2,86;1,8;1,81;1,8;-0,512;-0,511;0,0014;02/10/2026;0,0025;
DE0001102465;GERMANIA 15/02/2029 0,25%;15/02/2029;EUR;GOV_DE;Germania;AAA;Aaa;;1000;Senior;93,92;2,95;2,59;2,92;2,29;2,3;2,29;-0,494;-0,494;0,0014;02/10/2026;0,0025;
DE0001102473;GERMANIA 15/08/2029 0%;15/08/2029;EUR;GOV_DE;Germania;AAA;Aaa;;1000;Senior;91,87;3,01;2,64;3,01;2,78;2,79;2,78;-0,456;-0,456;0,0013;02/10/2026;0;
DE0001102481;GERMANIA 15/08/2050 0%;15/08/2050;EUR;GOV_DE;Germania;AAA;Aaa;;1000;Senior;41,17;3,79;3,46;3,79;23;23,08;23;0,187;0,187;0,0049;02/10/2026;0;
DE0001102499;GERMANIA 15/02/2030 0%;15/02/2030;EUR;GOV_DE;Germania;AAA;Aaa;;1000;Senior;90,39;3,05;2,68;3,05;3,26;3,28;3,26;-0,43;-0,43;0,0012;02/10/2026;0;
DE0001102507;GERMANIA 15/08/2030 0%;15/08/2030;EUR;GOV_DE;Germania;AAA;Aaa;;1000;Senior;88,98;3,07;2,7;3,07;3,75;3,76;3,75;-0,418;-0,418;0,0011;02/10/2026;0;
DE0001102515;GERMANIA 15/05/2035 0%;15/05/2035;EUR;GOV_DE;Germania;AAA;Aaa;;1000;Senior;75,19;3,37;2,99;3,37;8,33;8,36;8,33;-0,216;-0,216;0,0032;02/10/2026;0;
DE0001102523;GERMANIA 15/11/2027 0%;15/11/2027;EUR;GOV_DE;Germania;AAA;Aaa;;1000;Senior;96,89;2,89;2,53;2,89;1,08;1,08;1,08;-0,418;-0,418;0,0006;02/10/2026;0;
DE0001102531;GERMANIA 15/02/2031 0%;15/02/2031;EUR;GOV_DE;Germania;AAA;Aaa;;1000;Senior;87,51;3,11;2,73;3,11;4,23;4,25;4,23;-0,393;-0,393;0,0013;02/10/2026;0;
DE0001102549;GERMANIA 15/05/2036 0%;15/05/2036;EUR;GOV_DE;Germania;AAA;Aaa;;1000;Senior;72,46;3,41;3,03;3,41;9,3;9,33;9,3;-0,2;-0,2;0,0061;02/10/2026;0;
DE0001102556;GERMANIA 15/11/2028 0%;15/11/2028;EUR;GOV_DE;Germania;AAA;Aaa;;1000;Senior;94,05;2,95;2,59;2,95;2,05;2,06;2,05;-0,482;-0,482;0,0004;02/10/2026;0;
DE0001102564;GERMANIA 15/08/2031 0%;15/08/2031;EUR;GOV_DE;Germania;AAA;Aaa;;1000;Senior;86,05;3,14;2,77;3,14;4,71;4,73;4,71;-0,366;-0,366;0,0013;02/10/2026;0;
DE0001102572;GERMANIA 15/08/2052 0%;15/08/2052;EUR;GOV_DE;Germania;AAA;Aaa;;1000;Senior;38,26;3,79;3,47;3,77;24,93;25,01;24,94;0,221;0,221;0,005;02/10/2026;0;
DE0001102580;GERMANIA 15/02/2032 0%;15/02/2032;EUR;GOV_DE;Germania;AAA;Aaa;;1000;Senior;84,59;3,17;2,8;3,17;5,2;5,22;5,2;-0,345;-0,345;0,0012;02/10/2026;0;
DE0001102598;GERMANIA 15/05/2038 1%;15/05/2038;EUR;GOV_DE;Germania;AAA;Aaa;;1000;Senior;76,13;3,54;3,14;3,4;10,48;10,6;10,58;-0,109;-0,103;0,0061;02/10/2026;0,01;
DE0001102606;GERMANIA 15/08/2032 1,7%;15/08/2032;EUR;GOV_DE;Germania;AAA;Aaa;;1000;Senior;92,12;3,2;2,81;2,97;5,43;5,48;5,47;-0,33;-0,328;0,0011;02/10/2026;0,017;
DE0001102614;GERMANIA 15/08/2053 1,8%;15/08/2053;EUR;GOV_DE;Germania;AAA;Aaa;;1000;Senior;66,5;3,82;3,41;3,5;19,24;19,94;19,97;0,269;0,25;0,0038;02/10/2026;0,018;
DE0001102622;GERMANIA 15/11/2029 2,1%;15/11/2029;EUR;GOV_DE;Germania;AAA;Aaa;;1000;Senior;97,2;3,06;2,68;2,78;2,9;2,92;2,92;-0,419;-0,416;0,0013;02/10/2026;0,021;
DE0001135044;GERMANIA 04/07/2027 6,5%;04/07/2027;EUR;GOV_DE;Germania;AAA;Aaa;;1000;Senior;102,763;2,67;1,89;1,89;0,72;0,73;0,73;-0,538;-0,538;0,0023;02/10/2026;0,065;
DE0001135069;GERMANIA 04/01/2028 5,625%;04/01/2028;EUR;GOV_DE;Germania;AAA;Aaa;;1000;Senior;103,32;2,86;2,19;2,19;1,16;1,18;1,18;-0,468;-0,46;0,0015;02/10/2026;0,05625;
DE0001135085;GERMANIA 04/07/2028 4,75%;04/07/2028;EUR;GOV_DE;Germania;AAA;Aaa;;1000;Senior;103,15;2,86;2,28;2,28;1,65;1,67;1,67;-0,54;-0,536;0,0023;02/10/2026;0,0475;
DE0001135143;GERMANIA 04/01/2030 6,25%;04/01/2030;EUR;GOV_DE;Germania;AAA;Aaa;;1000;Senior;109,78;3,04;2,3;2,3;2,84;2,9;2,9;-0,443;-0,435;0,0016;02/10/2026;0,0625;
DE0001135176;GERMANIA 04/01/2031 5,5%;04/01/2031;EUR;GOV_DE;Germania;AAA;Aaa;;1000;Senior;109,4;3,1;2,45;2,45;3,67;3,74;3,74;-0,398;-0,391;0,0019;02/10/2026;0,055;
DE0001135226;GERMANIA 04/07/2034 4,75%;04/07/2034;EUR;GOV_DE;Germania;AAA;Aaa;;1000;Senior;109,86;3,28;2,72;2,72;6,43;6,59;6,59;-0,28;-0,27;0,0026;02/10/2026;0,0475;
DE0001135275;GERMANIA 04/01/2037 4%;04/01/2037;EUR;GOV_DE;Germania;AAA;Aaa;;1000;Senior;104,87;3,43;2,94;2,94;8,13;8,37;8,37;-0,198;-0,182;0,0025;02/10/2026;0,04;
DE0001135325;GERMANIA 04/07/2039 4,25%;04/07/2039;EUR;GOV_DE;Germania;AAA;Aaa;;1000;Senior;106,83;3,57;3,06;3,06;9,75;10,07;10,07;-0,098;-0,075;0,0023;02/10/2026;0,0425;
DE0001135366;GERMANIA 04/07/2040 4,75%;04/07/2040;EUR;GOV_DE;Germania;AAA;Aaa;;1000;Senior;112,07;3,62;3,06;3,06;10,13;10,51;10,51;-0,064;-0,038;0,0035;02/10/2026;0,0475;
DE0001135432;GERMANIA 04/07/2042 3,25%;04/07/2042;EUR;GOV_DE;Germania;AAA;Aaa;;1000;Senior;94,67;3,7;3,25;3,28;11,92;12,31;12,31;0,016;0,035;0,0031;02/10/2026;0,0325;
DE0001135481;GERMANIA 04/07/2044 2,5%;04/07/2044;EUR;GOV_DE;Germania;AAA;Aaa;;1000;Senior;84,01;3,75;3,31;3,4;13,58;14;14,01;0,075;0,087;0,0044;02/10/2026;0,025;
DE0001141844;GERMANIA 09/10/2026 0%;09/10/2026;EUR;GOV_DE;Germania;AAA;Aaa;;1000;Senior;100;0;0;0;0,01;0,01;0,01;-2,617;-2,617;0,0007;02/10/2026;0;
DE0001141851;GERMANIA 16/04/2027 0%;16/04/2027;EUR;GOV_DE;Germania;AAA;Aaa;;1000;Senior;98,637;2,64;2,31;2,64;0,51;0,51;0,51;-0,45;-0,45;0;02/10/2026;0;
DE0001141869;GERMANIA 15/10/2027 1,3%;15/10/2027;EUR;GOV_DE;Germania;AAA;Aaa;;1000;Senior;98,47;2,84;2,48;2,66;0,98;0,99;0,99;-0,453;-0,453;0,0013;02/10/2026;0,013;
DE0001342244;DEUTSCHE BANK 15/10/2026 ZC;15/10/2026;EUR;DEUTSCHEBANK;Deutsche Bank AG;;;;1000;Senior;100,49;-17,98;-25,22;-25,22;0,03;0,03;0,03;0;0;0,0058;02/10/2026;0;
DE0001345759;DEUTSCHE BANK 28/10/2026 DEM ZC;28/10/2026;DEM;DEUTSCHEBANK;Deutsche Bank AG;;;;10000;Senior;99,8;3,38;2,01;2,01;0,06;0,06;0,06;0,76;0,76;0,0002;02/10/2026;0;
DE0001345908;BEI 05/11/2026 ZC;05/11/2026;EUR;SOV_BEI;European Investment Bank;AAA;;;1000;Senior;99,899;1,24;0,47;0,47;0,08;0,08;0,08;-1,38;-1,38;0,0018;02/10/2026;0;
DE0001892057;DEUTSCHE BANK 20/01/2032 ITL ZC;20/01/2032;ITL;DEUTSCHEBANK;Deutsche Bank AG;;;;5000000;Senior;80,48;4,19;3,06;3,06;5,08;5,14;5,14;0,675;0,675;0,0103;02/10/2026;0;
DE000A11QTF7;KFW 23/04/2030 0,375%;23/04/2030;EUR;KFW;Kreditanstalt für Wiederaufbau;;;;1000;Senior;90,42;3,28;2,45;3,17;3,41;3,44;3,42;-0,204;-0,204;0,0038;02/10/2026;0,00375;
DE000A11QTK7;KFW 31/07/2035 1,375%;31/07/2035;EUR;KFW;Kreditanstalt für Wiederaufbau;;;;1000;Senior;83,38;3,61;2,73;3,2;8;8,19;8,16;0,018;0,023;0,0054;02/10/2026;0,01375;
DE000A168Y48;KFW 04/07/2036 1,25%;04/07/2036;EUR;KFW;Kreditanstalt für Wiederaufbau;;;;1000;Senior;81,16;3,57;2,71;3,2;8,81;9,03;8,99;-0,04;-0,035;0,0148;02/10/2026;0,0125;
DE000A169NC2;DAIMLER 11/05/2028 1,375%;11/05/2028;EUR;DAIMLER;Mercedes-Benz Group AG;;;;1000;Senior;96,86;3,42;2,54;3,05;1,53;1,55;1,54;0,04;0,041;0,0021;02/10/2026;0,01375;
DE000A1ZZ028;BMW 20/04/2027 1%;20/04/2027;EUR;BMW;Bayerische Motoren Werke AG;;;;1000;Senior;98,95;2,99;2,22;2,71;0,52;0,53;0,52;-0,107;-0,107;0,0022;02/10/2026;0,01;
DE000A289QR9;MERCEDES-BENZ GROUP AG GREEN BOND 10/09/2030 0,75%;10/09/2030;EUR;MERCEDES-BENZ;Mercedes-Benz Group AG;;;;1000;Senior;88,91;3,84;2,88;3,62;3,74;3,78;3,76;0,352;0,353;0,0046;02/10/2026;0,0075;
DE000A2DAR40;KFW 15/06/2037 1,125%;15/06/2037;EUR;KFW;Kreditanstalt für Wiederaufbau;;;;1000;Senior;77,43;3,72;2,83;3,38;9,63;9,88;9,83;0,087;0,093;0,0077;02/10/2026;0,01125;
DE000A2DAR65;KFW 22/02/2027 0,625%;22/02/2027;EUR;KFW;Kreditanstalt für Wiederaufbau;;;;1000;Senior;99,801;1,15;0,85;0,98;0,38;0,38;0,38;-1,719;-1,719;0,0082;02/10/2026;0,00625;
DE000A2GSCW3;MERCEDES-BENZ GROUP AG 03/07/2029 1,5%;03/07/2029;EUR;MERCEDES-BENZ;Mercedes-Benz Group AG;;;;1000;Senior;94,37;3,7;2,75;3,29;2,6;2,63;2,62;0,232;0,234;0,0024;02/10/2026;0,015;
DE000A2GSCX1;MERCEDES-BENZ GROUP AG 03/07/2037 2,125%;03/07/2037;EUR;MERCEDES-BENZ;Mercedes-Benz Group AG;;;;1000;Senior;79,99;4,52;3,42;3,89;9,09;9,46;9,44;0,88;0,89;0,0116;02/10/2026;0,02125;
DE000A2GSE59;KFW 15/09/2032 1,125%;15/09/2032;EUR;KFW;Kreditanstalt für Wiederaufbau;;;;1000;Senior;87,9;3,41;2,56;3,07;5,58;5,66;5,64;-0,119;-0,117;0,0078;02/10/2026;0,01125;
DE000A2GSFA2;KFW 15/09/2027 0,5%;15/09/2027;EUR;KFW;Kreditanstalt für Wiederaufbau;;;;1000;Senior;97,949;2,73;2,03;2,59;0,92;0,92;0,92;-0,537;-0,537;0,0039;02/10/2026;0,005;
DE000A2GSLY0;MERCEDES-BENZ GROUP AG 15/11/2027 1%;15/11/2027;EUR;MERCEDES-BENZ;Mercedes-Benz Group AG;;;;1000;Senior;97,53;3,3;2,45;3,02;1,06;1,08;1,07;-0,004;-0,003;0,0026;02/10/2026;0,01;
DE000A2GSNR0;KFW 07/01/2028 0,625%;07/01/2028;EUR;KFW;Kreditanstalt für Wiederaufbau;;;;1000;Senior;98,82;1,58;1,17;1,4;1,23;1,24;1,23;-1,752;-1,751;0,0202;02/10/2026;0,00625;
DE000A2LQHT2;KFW 09/05/2033 1,125%;09/05/2033;EUR;KFW;Kreditanstalt für Wiederaufbau;;;;1000;Senior;86,44;3,46;2,6;3,14;6,13;6,24;6,21;-0,08;-0,077;0,008;02/10/2026;0,01125;
DE000A2LQSH4;KFW 28/06/2028 0,75%;28/06/2028;EUR;KFW;Kreditanstalt für Wiederaufbau;;;;1000;Senior;96,24;3,01;2,24;2,8;1,67;1,68;1,67;-0,385;-0,384;0,0035;02/10/2026;0,0075;
DE000A2LQSN2;KFW 15/01/2029 0,75%;15/01/2029;EUR;KFW;Kreditanstalt für Wiederaufbau;;;;1000;Senior;94,89;3,11;2,31;2,91;2,19;2,21;2,2;-0,334;-0,333;0,0046;02/10/2026;0,0075;
DE000A2TR083;MERCEDES-BENZ GROUP AG 27/02/2031 2%;27/02/2031;EUR;MERCEDES-BENZ;Mercedes-Benz Group AG;;;;1000;Senior;92,43;3,91;2,91;3,35;4,03;4,12;4,11;0,405;0,408;0,0031;02/10/2026;0,02;
DE000A3H3JM4;MERCEDES-BENZ GROUP AG GREEN BOND 11/03/2033 0,75%;11/03/2033;EUR;MERCEDES-BENZ;Mercedes-Benz Group AG;;;;1000;Senior;81,26;4,13;3,12;3,9;6;6,1;6,06;0,59;0,592;0,0051;02/10/2026;0,0075;
DE000A3LT431;BMW 02/11/2027 3%;02/11/2027;EUR;BMW;Bayerische Motoren Werke AG;;;;1000;Senior;99,61;3,37;2,5;2,58;1,01;1,03;1,03;0,073;0,075;0,0013;02/10/2026;0,03;
DE000BU22072;GERMANIA 10/12/2026 2% ;10/12/2026;EUR;GOV_DE;Germania;AAA;Aaa;;1;Senior;99,931;2,37;2,08;2,11;0,17;0,17;0,17;-0,244;-0,244;0,0006;02/10/2026;0,02;
DE000BU22080;GERMANIA 11/03/2027 2,2%;11/03/2027;EUR;GOV_DE;Germania;AAA;Aaa;;1;Senior;99,83;2,59;2,27;2,31;0,42;0,42;0,42;-0,381;-0,381;0,0006;02/10/2026;0,022;
DE000BU22114;GERMANIA 16/12/2027 2%;16/12/2027;EUR;GOV_DE;Germania;AAA;Aaa;;1;Senior;98,93;2,92;2,55;2,67;1,14;1,15;1,14;-0,404;-0,401;0,001;02/10/2026;0,02;
DE000BU22122;GERMANIA 15/03/2028 2,1%;15/03/2028;EUR;GOV_DE;Germania;AAA;Aaa;;1;Senior;98,98;2,82;2,47;2,55;1,38;1,39;1,38;-0,541;-0,539;0,0042;02/10/2026;0,021;
DE000BU22130;GERMANIA 14/06/2028 2,5%;14/06/2028;EUR;GOV_DE;Germania;AAA;Aaa;;1;Senior;99,33;2,9;2,54;2,59;1,61;1,62;1,62;-0,494;-0,492;0,0018;02/10/2026;0,025;
DE000BU22148;GERMANIA 13/09/2028 2,7%;13/09/2028;EUR;GOV_DE;Germania;AAA;Aaa;;1;Senior;99,59;2,91;2,55;2,57;1,85;1,86;1,86;-0,507;-0,505;0,0018;02/10/2026;0,027;
DE000BU25000;GERMANIA 13/04/2028 2,2%;13/04/2028;EUR;GOV_DE;Germania;AAA;Aaa;;1000;Senior;98,91;2,94;2,57;2,66;1,46;1,46;1,46;-0,439;-0,437;0,0015;02/10/2026;0,022;
DE000BU25018;GERMANIA 19/10/2028 2,4% ;19/10/2028;EUR;GOV_DE;Germania;AAA;Aaa;;1;Senior;98,88;2,97;2,6;2,67;1,91;1,92;1,92;-0,453;-0,451;0,0013;02/10/2026;0,024;
DE000BU25026;GERMANIA 12/04/2029 2,1%;12/04/2029;EUR;GOV_DE;Germania;AAA;Aaa;;1;Senior;97,82;3,01;2,64;2,74;2,38;2,4;2,39;-0,445;-0,442;0,0013;02/10/2026;0,021;
DE000BU25034;GERMANIA 11/10/2029 2,5% ;11/10/2029;EUR;GOV_DE;Germania;AAA;Aaa;;1;Senior;98,47;3,04;2,66;2,72;2,78;2,81;2,81;-0,434;-0,432;0,0021;02/10/2026;0,025;
DE000BU25042;GERMANIA 18/04/2030 2,4% ;18/04/2030;EUR;GOV_DE;Germania;AAA;Aaa;;1;Senior;97,74;3,08;2,7;2,78;3,29;3,32;3,32;-0,403;-0,4;0,0015;02/10/2026;0,024;
DE000BU25059;GERMANIA 10/10/2030 2,2%;10/10/2030;EUR;GOV_DE;Germania;AAA;Aaa;;1;Senior;96,65;3,1;2,72;2,81;3,66;3,7;3,7;-0,393;-0,391;0,0022;02/10/2026;0,022;
DE000BU25067;GERMANIA 16/04/2031 2,5%;16/04/2031;EUR;GOV_DE;Germania;AAA;Aaa;;1;Senior;97,29;3,15;2,76;2,83;4,13;4,18;4,17;-0,355;-0,351;0,0011;02/10/2026;0,025;
DE000BU25075;GERMANIA 08/10/2031 2,9%;08/10/2031;EUR;GOV_DE;Germania;AAA;Aaa;;1;Senior;99,22;3,11;2,72;2,74;4,56;4,61;4,61;-0,401;-0,397;0,0073;02/10/2026;0,029;
DE000BU27006;GERMANIA 15/11/2030 2,4%;15/11/2030;EUR;GOV_DE;Germania;AAA;Aaa;;1000;Senior;97,26;3,12;2,73;2,81;3,76;3,8;3,8;-0,376;-0,373;0,001;02/10/2026;0,024;
DE000BU27014;GERMANIA 15/11/2032 2,5%;15/11/2032;EUR;GOV_DE;Germania;AAA;Aaa;;1;Senior;96,07;3,22;2,82;2,9;5,4;5,48;5,48;-0,313;-0,309;0,0016;02/10/2026;0,025;
DE000BU2D004;GERMANIA 15/08/2054 2,5%;15/08/2054;EUR;GOV_DE;Germania;AAA;Aaa;;1;Senior;77,58;3,82;3,38;3,45;18,43;19,3;19,33;0,292;0,263;0,0034;02/10/2026;0,025;
DE000BU2D012;GERMANIA 15/08/2056 2,9%;15/08/2056;EUR;GOV_DE;Germania;AAA;Aaa;;1;Senior;83,9;3,81;3,36;3,4;18,6;19,6;19,63;0,317;0,274;0,0029;02/10/2026;0,029;
DE000BU2F009;GERMANIA 15/05/2041 2,6%;15/05/2041;EUR;GOV_DE;Germania;AAA;Aaa;;1;Senior;88,07;3,67;3,23;3,32;11,6;11,91;11,91;-0,02;-0,003;0,0084;02/10/2026;0,026;
DE000BU2T000;GERMANIA 15/05/2047 3,4%;15/05/2047;EUR;GOV_DE;Germania;AAA;Aaa;;1;Senior;94,51;3,79;3,32;3,35;14,09;14,73;14,73;0,129;0,138;0,0056;02/10/2026;0,034;
DE000BU2Z007;GERMANIA 15/02/2033 2,3%;15/02/2033;EUR;GOV_DE;Germania;AAA;Aaa;;1000;Senior;94,64;3,24;2,85;2,95;5,7;5,78;5,78;-0,291;-0,287;0,0012;02/10/2026;0,023;
DE000BU2Z015;GERMANIA 15/08/2033 2,6%;15/08/2033;EUR;GOV_DE;Germania;AAA;Aaa;;1000;Senior;95,96;3,27;2,86;2,93;6,13;6,22;6,21;-0,28;-0,275;0,0017;02/10/2026;0,026;
DE000BU2Z023;GERMANIA 15/02/2034 2,2%;15/02/2034;EUR;GOV_DE;Germania;AAA;Aaa;;1;Senior;92,88;3,3;2,9;3,02;6,54;6,63;6,63;-0,253;-0,248;0,0013;02/10/2026;0,022;
DE000BU2Z031;GERMANIA 15/08/2034 2,6% ;15/08/2034;EUR;GOV_DE;Germania;AAA;Aaa;;1;Senior;95,11;3,32;2,91;2,98;6,93;7,04;7,03;-0,251;-0,245;0,004;02/10/2026;0,026;
DE000BU2Z049;GERMANIA 15/02/2035 2,5% ;15/02/2035;EUR;GOV_DE;Germania;AAA;Aaa;;1;Senior;94,15;3,31;2,91;2,99;7,26;7,38;7,38;-0,268;-0,261;0,0063;02/10/2026;0,025;
DE000BU2Z056;GERMANIA 15/08/2035 2,6%;15/08/2035;EUR;GOV_DE;Germania;AAA;Aaa;;1;Senior;94,42;3,34;2,93;3;7,71;7,84;7,83;-0,254;-0,246;0,0047;02/10/2026;0,026;
DE000BU2Z064;GERMANIA 15/02/2036 2,9%;15/02/2036;EUR;GOV_DE;Germania;AAA;Aaa;;1;Senior;96,1;3,39;2,97;3,02;7,86;8,03;8,03;-0,212;-0,202;0,0027;02/10/2026;0,029;
DE000BU2Z072;GERMANIA 15/08/2036 3%;15/08/2036;EUR;GOV_DE;Germania;AAA;Aaa;;1;Senior;96,56;3,41;2,99;3,02;8,31;8,48;8,48;-0,201;-0,19;0,0055;02/10/2026;0,03;
DE000BU35025;GERMANIA GREEN BOND 12/04/2029 2,1% ;12/04/2029;EUR;GOV_DE;Germania;AAA;Aaa;;1;Senior;97,86;2,99;2,62;2,68;2,38;2,4;2,4;-0,462;-0,459;0,002;02/10/2026;0,021;
DE000BU3F007;GERMANIA GREEN BOND 15/05/2041 2,6%;15/05/2041;EUR;GOV_DE;Germania;AAA;Aaa;;1;Senior;88,14;3,66;3,23;3,27;11,6;11,91;11,91;-0,027;-0,01;0,0046;02/10/2026;0,026;
DE000BU3Z005;GERMANIA GREEN BOND 15/02/2033 2,3%;15/02/2033;EUR;GOV_DE;Germania;AAA;Aaa;;1000;Senior;94,67;3,24;2,84;2,93;5,71;5,78;5,78;-0,297;-0,292;0,001;02/10/2026;0,023;
DE000BU3Z047;GERMANIA GREEN BOND 15/02/2035 2,5%;15/02/2035;EUR;GOV_DE;Germania;AAA;Aaa;;1;Senior;95,03;3,19;2,79;2,85;7,27;7,4;7,39;-0,394;-0,387;0,0256;02/10/2026;0,025;
DE000CZ40LW5;COMMERZBANK 30/03/2027 4% JUNIOR;30/03/2027;EUR;COMMERZBANK;Commerzbank AG;;;;1000;Junior;100,36;3,2;2,16;2,16;0,46;0,47;0,47;0,143;0,143;0,003;02/10/2026;0,04;
DE000DL19T26;DEUTSCHE BANK 17/01/2028 1,75%;17/01/2028;EUR;DEUTSCHEBANK;Deutsche Bank AG;;;;100000;Senior;98,01;3,36;2,49;2,88;1,22;1,24;1,23;0,019;0,022;0,0072;02/10/2026;0,0175;
ES0000011868;SPAGNA 31/01/2029 6%;31/01/2029;EUR;GOV_ES;Spagna;A+;A3;;1000;Senior;106,14;3,2;2,48;2,48;2,09;2,13;2,13;-0,242;-0,233;0,0041;02/10/2026;0,06;
ES00000120N0;SPAGNA 30/07/2040 4,9%;30/07/2040;EUR;GOV_ES;Spagna;A+;A3;;1000;Senior;106,42;4,27;3,68;3,68;9,96;10,36;10,36;0,59;0,618;0,0043;02/10/2026;0,049;
ES00000121S7;SPAGNA 30/07/2041 4,7%;30/07/2041;EUR;GOV_ES;Spagna;A+;A3;;1000;Senior;104,06;4,32;3,75;3,75;10,54;10,97;10,97;0,631;0,659;0,0035;02/10/2026;0,047;
ES0000012411;SPAGNA 30/07/2032 5,75%;30/07/2032;EUR;GOV_ES;Spagna;A+;A3;;1000;Senior;111,06;3,6;2,93;2,93;4,92;5,03;5,03;0,079;0,087;0,0023;02/10/2026;0,0575;
ES00000124C5;SPAGNA 31/10/2028 5,15%;31/10/2028;EUR;GOV_ES;Spagna;A+;A3;;1000;Senior;103,86;3,19;2,56;2,56;1,87;1,9;1,9;-0,24;-0,236;0,0025;02/10/2026;0,0515;
ES00000124H4;SPAGNA 31/10/2044 5,15%;31/10/2044;EUR;GOV_ES;Spagna;A+;A3;;1000;Senior;108,94;4,42;3,81;3,81;11,42;12,04;12,04;0,747;0,768;0,0039;02/10/2026;0,0515;
ES00000126D8;SPAGNA 31/10/2064 4%;31/10/2064;EUR;GOV_ES;Spagna;A+;A3;;1000;Senior;97,2;4,15;3,63;3,64;18,41;19,93;19,93;0,804;0,681;0,0507;02/10/2026;0,04;
ES00000127A2;SPAGNA 30/07/2030 1,95%;30/07/2030;EUR;GOV_ES;Spagna;A+;A3;;1000;Senior;94,85;3,41;2,99;3,16;3,57;3,6;3,6;-0,079;-0,077;0,0021;02/10/2026;0,0195;
ES00000128C6;SPAGNA 31/10/2046 2,9%;31/10/2046;EUR;GOV_ES;Spagna;A+;A3;;1000;Senior;79,55;4,46;3,95;4,04;13,74;14,34;14,35;0,801;0,812;0,0042;02/10/2026;0,029;
ES00000128E2;SPAGNA 30/07/2066 3,45%;30/07/2066;EUR;GOV_ES;Spagna;A+;A3;;1000;Senior;79,64;4,57;4,03;4,06;19,08;20,62;20,67;1,256;1,121;0,0061;02/10/2026;0,0345;
ES00000128H5;SPAGNA 31/10/2026 1,3%;31/10/2026;EUR;GOV_ES;Spagna;A+;A3;;1000;Senior;99,929;2,33;2,04;2,17;0,07;0,07;0,07;-0,283;-0,283;0,0006;02/10/2026;0,013;
ES00000128P8;SPAGNA 30/04/2027 1,5%;30/04/2027;EUR;GOV_ES;Spagna;A+;A3;;1000;Senior;99,332;2,7;2,36;2,51;0,55;0,55;0,55;-0,418;-0,418;0,001;02/10/2026;0,015;
ES00000128Q6;SPAGNA 30/07/2033 2,35%;30/07/2033;EUR;GOV_ES;Spagna;A+;A3;;1000;Senior;91,76;3,74;3,29;3,43;6,1;6,18;6,17;0,196;0,2;0,0031;02/10/2026;0,0235;
ES0000012932;SPAGNA 31/01/2037 4,2%;31/01/2037;EUR;GOV_ES;Spagna;A+;A3;;1000;Senior;101,08;4,07;3,55;3,55;8,04;8,28;8,28;0,44;0,458;0,0032;02/10/2026;0,042;
ES0000012A89;SPAGNA 31/10/2027 1,45%;31/10/2027;EUR;GOV_ES;Spagna;A+;A3;;1000;Senior;98,46;2,93;2,57;2,74;1,02;1,03;1,03;-0,364;-0,364;0,0013;02/10/2026;0,0145;
ES0000012B39;SPAGNA 30/04/2028 1,4%;30/04/2028;EUR;GOV_ES;Spagna;A+;A3;;1000;Senior;97,49;3,06;2,68;2,88;1,51;1,51;1,51;-0,32;-0,319;0,0026;02/10/2026;0,014;
ES0000012B47;SPAGNA 31/10/2048 2,7%;31/10/2048;EUR;GOV_ES;Spagna;A+;A3;;1000;Senior;75,15;4,5;3,99;4,09;14,79;15,47;15,49;0,862;0,865;0,0032;02/10/2026;0,027;
ES0000012B88;SPAGNA 30/07/2028 1,4%;30/07/2028;EUR;GOV_ES;Spagna;A+;A3;;1000;Senior;96,8;3,24;2,84;3,06;1,74;1,75;1,75;-0,167;-0,166;0,0007;02/10/2026;0,014;
ES0000012E51;SPAGNA 30/04/2029 1,45%;30/04/2029;EUR;GOV_ES;Spagna;A+;A3;;1000;Senior;95,59;3,27;2,87;3,08;2,44;2,46;2,45;-0,189;-0,187;0,0022;02/10/2026;0,0145;
ES0000012E69;SPAGNA 30/07/2035 1,85%;30/07/2035;EUR;GOV_ES;Spagna;A+;A3;;1000;Senior;84,79;3,92;3,46;3,66;7,81;7,92;7,91;0,333;0,339;0,0036;02/10/2026;0,0185;
ES0000012F43;SPAGNA 31/10/2029 0,6%;31/10/2029;EUR;GOV_ES;Spagna;A+;A3;;1000;Senior;92,1;3,35;2,94;3,27;2,93;2,95;2,94;-0,123;-0,122;0,0018;02/10/2026;0,006;
ES0000012F76;SPAGNA 30/04/2030 0,5%;30/04/2030;EUR;GOV_ES;Spagna;A+;A3;;1000;Senior;90,46;3,39;2,98;3,32;3,42;3,43;3,42;-0,1;-0,1;0,0025;02/10/2026;0,005;
ES0000012G00;SPAGNA 31/10/2050 1%;31/10/2050;EUR;GOV_ES;Spagna;A+;A3;;1000;Senior;49;4,52;4,08;4,32;18,82;19,31;19,32;0,92;0,916;0,0068;02/10/2026;0,01;
ES0000012G26;SPAGNA 30/07/2027 0,8%;30/07/2027;EUR;GOV_ES;Spagna;A+;A3;;1000;Senior;98,365;2,86;2,5;2,75;0,79;0,79;0,79;-0,375;-0,375;0,0012;02/10/2026;0,008;
ES0000012G34;SPAGNA 31/10/2030 1,25%;31/10/2030;EUR;GOV_ES;Spagna;A+;A3;;1000;Senior;91,81;3,44;3,02;3,27;3,81;3,84;3,83;-0,054;-0,052;0,0033;02/10/2026;0,0125;
ES0000012G42;SPAGNA 31/10/2040 1,2% ;31/10/2040;EUR;GOV_ES;Spagna;A+;A3;;1000;Senior;68,01;4,27;3,81;4,08;12,02;12,24;12,22;0,586;0,595;0,011;02/10/2026;0,012;
ES0000012H41;SPAGNA 30/04/2031 0,1%;30/04/2031;EUR;GOV_ES;Spagna;A+;A3;;1000;Senior;85,88;3,5;3,09;3,49;4,4;4,42;4,4;-0,002;-0,002;0,0027;02/10/2026;0,001;
ES0000012H58;SPAGNA 31/10/2071 1,45%;31/10/2071;EUR;GOV_ES;Spagna;A+;A3;;1000;Senior;42,18;4,44;4;4,1;23,95;25,62;25,79;1,224;1,102;0,0122;02/10/2026;0,0145;
ES0000012I08;SPAGNA 31/01/2028 0%;31/01/2028;EUR;GOV_ES;Spagna;A+;A3;;1000;Senior;96,16;3,01;2,64;3,01;1,28;1,29;1,28;-0,334;-0,334;0,0008;02/10/2026;0;
ES0000012I24;SPAGNA 30/07/2037 0,85% ;30/07/2037;EUR;GOV_ES;Spagna;A+;A3;;1000;Senior;71,83;4,13;3,68;4;9,85;9,95;9,92;0,495;0,499;0,0049;02/10/2026;0,0085;
ES0000012I32;SPAGNA 31/10/2031 0,5% ;31/10/2031;EUR;GOV_ES;Spagna;A+;A3;;1000;Senior;86,11;3,54;3,12;3,47;4,82;4,84;4,83;0,031;0,032;0,0031;02/10/2026;0,005;
ES0000012J07;SPAGNA GREEN BOND 30/07/2042 1%;30/07/2042;EUR;GOV_ES;Spagna;A+;A3;;1000;Senior;62,05;4,37;3,92;4,21;13,67;13,89;13,87;0,689;0,696;0,0067;02/10/2026;0,01;
ES0000012J15;SPAGNA 31/01/2027 0%;31/01/2027;EUR;GOV_ES;Spagna;A+;A3;;1000;Senior;99,166;2,65;2,31;2,65;0,31;0,31;0,31;-0,085;-0,085;0,0003;02/10/2026;0;
ES0000012K20;SPAGNA 30/04/2032 0,7%;30/04/2032;EUR;GOV_ES;Spagna;A+;A3;;1000;Senior;85,58;3,6;3,18;3,5;5,26;5,3;5,28;0,085;0,086;0,003;02/10/2026;0,007;
ES0000012K46;SPAGNA 31/10/2052 1,9%;31/10/2052;EUR;GOV_ES;Spagna;A+;A3;;1000;Senior;60,09;4,54;4,06;4,21;17,57;18,35;18,39;0,982;0,965;0,0065;02/10/2026;0,019;
ES0000012K53;SPAGNA 30/07/2029 0,8% ;30/07/2029;EUR;GOV_ES;Spagna;A+;A3;;1000;Senior;93,29;3,34;2,93;3,23;2,7;2,71;2,7;-0,129;-0,129;0,0018;02/10/2026;0,008;
ES0000012K61;SPAGNA 31/10/2032 2,55%;31/10/2032;EUR;GOV_ES;Spagna;A+;A3;;1000;Senior;94,05;3,66;3,21;3,33;5,35;5,43;5,43;0,13;0,134;0,0021;02/10/2026;0,0255;
ES0000012K95;SPAGNA 30/07/2043 3,45%;30/07/2043;EUR;GOV_ES;Spagna;A+;A3;;1000;Senior;88,63;4,42;3,89;3,95;12,13;12,6;12,6;0,742;0,76;0,0035;02/10/2026;0,0345;
ES0000012L52;SPAGNA 30/04/2033 3,15%;30/04/2033;EUR;GOV_ES;Spagna;A+;A3;;1000;Senior;96,65;3,73;3,27;3,33;5,73;5,82;5,82;0,192;0,198;0,0025;02/10/2026;0,0315;
ES0000012L60;SPAGNA 30/07/2039 3,9%;30/07/2039;EUR;GOV_ES;Spagna;A+;A3;;1000;Senior;96,71;4,24;3,71;3,74;9,79;10,1;10,1;0,565;0,588;0,0044;02/10/2026;0,039;
ES0000012L78;SPAGNA 31/10/2033 3,55%;31/10/2033;EUR;GOV_ES;Spagna;A+;A3;;1000;Senior;98,65;3,77;3,3;3,32;5,94;6,07;6,07;0,219;0,226;0,0026;02/10/2026;0,0355;
ES0000012M51;SPAGNA 31/05/2029 3,5%;31/05/2029;EUR;GOV_ES;Spagna;A+;A3;;1000;Senior;100,63;3,24;2,79;2,79;2,47;2,49;2,49;-0,218;-0,214;0,005;02/10/2026;0,035;
ES0000012M77;SPAGNA 31/05/2027 2,5%;31/05/2027;EUR;GOV_ES;Spagna;A+;A3;;1000;Senior;99,879;2,68;2,35;2,36;0,63;0,63;0,63;-0,488;-0,488;0,0025;02/10/2026;0,025;
ES0000012M85;SPAGNA 30/04/2034 3,25%;30/04/2034;EUR;GOV_ES;Spagna;A+;A3;;1000;Senior;96,22;3,83;3,36;3,42;6,47;6,59;6,59;0,271;0,279;0,0028;02/10/2026;0,0325;
ES0000012M93;SPAGNA 31/10/2054 4%;31/10/2054;EUR;GOV_ES;Spagna;A+;A3;;1000;Senior;91,16;4,56;4,01;4,03;15,45;16,52;16,53;1,038;0,997;0,0049;02/10/2026;0,04;
ES0000012N35;SPAGNA 31/10/2034 3,45% ;31/10/2034;EUR;GOV_ES;Spagna;A+;A3;;1000;Senior;97,18;3,86;3,39;3,42;6,68;6,83;6,83;0,29;0,299;0,0033;02/10/2026;0,0345;
ES0000012N43;SPAGNA 30/07/2031 3,1% ;30/07/2031;EUR;GOV_ES;Spagna;A+;A3;;1000;Senior;98,29;3,49;3,06;3,1;4,37;4,42;4,42;-0,016;-0,013;0,0047;02/10/2026;0,031;
ES0000012O00;SPAGNA 31/01/2030 2,7% ;31/01/2030;EUR;GOV_ES;Spagna;A+;A3;;1000;Senior;97,81;3,41;2,98;3,06;3,06;3,09;3,09;-0,075;-0,071;0,002;02/10/2026;0,027;
ES0000012O59;SPAGNA 31/05/2028 2,4% ;31/05/2028;EUR;GOV_ES;Spagna;A+;A3;;1000;Senior;98,97;3,04;2,66;2,72;1,58;1,59;1,59;-0,349;-0,347;0,0037;02/10/2026;0,024;
ES0000012O67;SPAGNA 30/04/2035 3,15% ;30/04/2035;EUR;GOV_ES;Spagna;A+;A3;;1000;Senior;94,38;3,93;3,45;3,52;7,22;7,37;7,36;0,349;0,358;0,0014;02/10/2026;0,0315;
ES0000012O75;SPAGNA 31/01/2041 3,5%;31/01/2041;EUR;GOV_ES;Spagna;A+;A3;;1000;Senior;91,23;4,33;3,81;3,87;10,61;10,98;10,98;0,646;0,669;0,0043;02/10/2026;0,035;
ES0000012P33;SPAGNA 31/10/2035 3,2%;31/10/2035;EUR;GOV_ES;Spagna;A+;A3;;1000;Senior;94,19;3,98;3,49;3,56;7,44;7,61;7,61;0,378;0,389;0,0024;02/10/2026;0,032;
ES0000012P74;SPAGNA 31/01/2033 3%;31/01/2033;EUR;GOV_ES;Spagna;A+;A3;;1000;Senior;96,19;3,68;3,23;3,3;5,52;5,61;5,61;0,149;0,155;0,0063;02/10/2026;0,03;
ES0000012P90;SPAGNA 31/03/2029 2,35%;31/03/2029;EUR;GOV_ES;Spagna;A+;A3;;1000;Senior;97,73;3,31;2,9;3,02;2,34;2,35;2,35;-0,14;-0,137;0,0032;02/10/2026;0,0235;
ES0000012Q08;SPAGNA 30/04/2036 3,3%;30/04/2036;EUR;GOV_ES;Spagna;A+;A3;;1000;Senior;94,39;4,02;3,52;3,59;7,88;8,06;8,06;0,406;0,418;0,0018;02/10/2026;0,033;
ES0000012Q16;SPAGNA 31/05/2031 2,6%;31/05/2031;EUR;GOV_ES;Spagna;A+;A3;;1000;Senior;96,09;3,52;3,09;3,19;4,25;4,29;4,29;0,02;0,023;0,0026;02/10/2026;0,026;
ES0000012R56;SPAGNA 31/10/2056 3,95%;31/10/2056;EUR;GOV_ES;Spagna;A+;A3;;1000;Senior;89,88;4,58;4,02;4,04;16,24;17,38;17,4;1,085;1,028;0,0118;02/10/2026;0,0395;
ES0000012S22;SPAGNA 31/10/2036 3,4%;31/10/2036;EUR;GOV_ES;Spagna;A+;A3;;1000;Senior;94,96;4,02;3,53;3,58;8,21;8,42;8,41;0,397;0,411;0,0064;02/10/2026;0,034;
ES0000012S30;SPAGNA GREEN BOND 30/07/2047 4,25%;30/07/2047;EUR;GOV_ES;Spagna;A+;A3;;1000;Senior;98,49;4,36;3,82;3,82;13,53;14,22;14,22;0,708;0,717;0,0252;02/10/2026;0,0425;
EU000A18YZ05;EUROPEAN UNION 04/04/2036 1,125%;04/04/2036;EUR;SOV_EU;European Union;AA+;;;1000;Senior;78,69;3,85;3,41;3,68;8,6;8,69;8,67;0,238;0,243;0,0087;02/10/2026;0,01125;
EU000A18Z2D4;EUROPEAN UNION 04/04/2031 0,75%;04/04/2031;EUR;SOV_EU;European Union;AA+;;;1000;Senior;89,04;3,42;3,02;3,31;4,27;4,29;4,28;-0,079;-0,078;0,0041;02/10/2026;0,0075;
EU000A1G0AJ7;EFSF 30/03/2032 3,875%;30/03/2032;EUR;SOV_EFSF;European Financial Stability Facility;AA+;;;1000;Senior;101,42;3,58;3,1;3,1;4,78;4,86;4,86;0,062;0,068;0,0025;02/10/2026;0,03875;
EU000A1G0AT6;EFSF 03/04/2037 3,375%;03/04/2037;EUR;SOV_EFSF;European Financial Stability Facility;AA+;;;1000;Senior;95,79;3,87;3,39;3,44;8,49;8,7;8,7;0,238;0,253;0,004;02/10/2026;0,03375;
EU000A1G0BJ5;EFSF 04/09/2034 3%;04/09/2034;EUR;SOV_EFSF;European Financial Stability Facility;AA+;;;1000;Senior;95,27;3,7;3,25;3,31;6,87;6,98;6,98;0,131;0,138;0,0039;02/10/2026;0,03;
EU000A1G0BL1;EFSF 03/12/2029 2,75%;03/12/2029;EUR;SOV_EFSF;European Financial Stability Facility;AA+;;;1000;Senior;98,5;3,26;2,85;2,91;2,9;2,93;2,93;-0,222;-0,218;0,0044;02/10/2026;0,0275;
EU000A1G0D70;EFSF 14/02/2028 0,95%;14/02/2028;EUR;SOV_EFSF;European Financial Stability Facility;AA+;;;1000;Senior;97,33;2,98;2,61;2,86;1,31;1,32;1,31;-0,368;-0,367;0,0033;02/10/2026;0,0095;
EU000A1G0D88;EFSF 16/10/2026 0,625%;16/10/2026;EUR;SOV_EFSF;European Financial Stability Facility;AA+;;;1000;Senior;100,072;-1,97;-2,05;-2,05;0,03;0,03;0,03;-4,589;-4,589;0,0046;02/10/2026;0,00625;
EU000A1G0D96;EUROPEAN FINANCIAL STABILITY FACILITY 17/07/2053 1,75%;17/07/2053;EUR;SOV_EFSF;European Financial Stability Facility;AA+;;;1000;Senior;62,98;4,04;3,6;3,74;19,05;19,77;19,81;0,489;0,47;0,0091;02/10/2026;0,0175;
EU000A1G0DB8;EFSF 29/07/2044 2,35%;29/07/2044;EUR;SOV_EFSF;European Financial Stability Facility;AA+;;;1000;Senior;79,02;4,02;3,56;3,68;13,67;14,08;14,08;0,347;0,359;0,017;02/10/2026;0,0235;
EU000A1G0DD4;EFSF 17/02/2045 1,2%;17/02/2045;EUR;SOV_EFSF;European Financial Stability Facility;AA+;;;1000;Senior;63,32;4,07;3,65;3,88;15,19;15,51;15,5;0,404;0,41;0,0091;02/10/2026;0,012;
EU000A1G0DJ1;EFSF 31/05/2047 1,375%;31/05/2047;EUR;SOV_EFSF;European Financial Stability Facility;AA+;;;1000;Senior;63,24;4,03;3,61;3,8;16,49;16,89;16,9;0,375;0,379;0,0094;02/10/2026;0,01375;
EU000A1G0DN3;EFSF 28/02/2056 2%;28/02/2056;EUR;SOV_EFSF;European Financial Stability Facility;AA+;;;1000;Senior;65,74;4;3,57;3,67;19,43;20,33;20,38;0,5;0,468;0,0122;02/10/2026;0,02;
EU000A1G0DR4;EFSF 03/05/2027 0,75%;03/05/2027;EUR;SOV_EFSF;European Financial Stability Facility;AA+;;;1000;Senior;99,044;2,45;2,14;2,35;0,56;0,56;0,56;-0,675;-0,675;0,0042;02/10/2026;0,0075;
EU000A1G0DT0;EFSF 24/05/2033 1,25%;24/05/2033;EUR;SOV_EFSF;European Financial Stability Facility;AA+;;;1000;Senior;86,14;3,64;3,21;3,46;6,13;6,18;6,17;0,098;0,1;0,0037;02/10/2026;0,0125;
EU000A1G0DW4;EFSF 10/07/2048 1,8%;10/07/2048;EUR;SOV_EFSF;European Financial Stability Facility;AA+;;;1000;Senior;67,65;4,07;3,63;3,78;16,46;16,97;16,99;0,427;0,429;0,0129;02/10/2026;0,018;
EU000A1G0DY0;EFSF 26/07/2027 0,875%;26/07/2027;EUR;SOV_EFSF;European Financial Stability Facility;AA+;;;1000;Senior;98,515;2,77;2,42;2,65;0,78;0,78;0,78;-0,462;-0,462;0,0036;02/10/2026;0,00875;
EU000A1G0ED2;EFSF 10/04/2035 0,875% ;10/04/2035;EUR;SOV_EFSF;European Financial Stability Facility;AA+;;;1000;Senior;79;3,81;3,38;3,68;7,85;7,93;7,9;0,227;0,23;0,0033;02/10/2026;0,00875;
EU000A1G0EE0;EFSF 17/10/2029 0,05%;17/10/2029;EUR;SOV_EFSF;European Financial Stability Facility;AA+;;;1000;Senior;90,63;3,35;2,95;3,35;2,93;2,94;2,93;-0,12;-0,12;0,0012;02/10/2026;0,0005;
EU000A1G0EG5;EUROPEAN FINANCIAL STABILITY FACILITY 20/01/2050 0,7%;20/01/2050;EUR;SOV_EFSF;European Financial Stability Facility;AA+;;;1000;Senior;51,41;3,92;3,54;3,79;19,68;20,03;20,02;0,305;0,303;0,0936;02/10/2026;0,007;
EU000A1G0EP6;EFSF 18/03/2030 0,125% ;18/03/2030;EUR;SOV_EFSF;European Financial Stability Facility;AA+;;;1000;Senior;89,61;3,37;2,96;3,35;3,33;3,34;3,33;-0,115;-0,115;0,0043;02/10/2026;0,00125;
EU000A1G1Q17;EUROPEAN UNION 04/04/2032 3,375%;04/04/2032;EUR;SOV_EU;European Union;AA+;;;1000;Senior;99,42;3,49;3,05;3,07;4,85;4,93;4,93;-0,03;-0,025;0,008;02/10/2026;0,03375;
EU000A1G30R0;EUROPEAN UNION 04/04/2038 3,375%;04/04/2038;EUR;SOV_EU;European Union;AA+;;;1000;Senior;94,69;3,96;3,47;3,52;9,13;9,38;9,38;0,306;0,323;0,0046;02/10/2026;0,03375;
EU000A1G6TV9;EUROPEAN UNION 04/04/2028 2,875%;04/04/2028;EUR;SOV_EU;European Union;AA+;;;1000;Senior;100,42;2,57;2,22;2,22;1,43;1,44;1,44;-0,796;-0,793;0,0092;02/10/2026;0,02875;
EU000A1GY6W8;EUROPEAN UNION 04/04/2042 3,75%;04/04/2042;EUR;SOV_EU;European Union;AA+;;;1000;Senior;96,45;4,06;3,56;3,58;11,27;11,7;11,7;0,373;0,396;0,0171;02/10/2026;0,0375;
EU000A1HBXS7;EUROPEAN UNION 04/11/2027 2,5%;04/11/2027;EUR;SOV_EU;European Union;AA+;;;1000;Senior;99,44;3,03;2,66;2,71;1,02;1,03;1,03;-0,268;-0,266;0,0015;02/10/2026;0,025;
EU000A1U9936;EUROPEAN STABILITY MECHANISM 01/12/2055 1,85%;01/12/2055;EUR;SOV_ESM;European Stability Mechanism;AA+;;;1000;Senior;67,26;3,71;3,3;3,41;19,88;20,74;20,78;0,198;0,169;0,0868;02/10/2026;0,0185;
EU000A1Z6TV6;EUROPEAN UNION 04/10/2035 1,5%;04/10/2035;EUR;SOV_EU;European Union;AA+;;;1000;Senior;83,56;3,68;3,25;3,47;8,12;8,22;8,2;0,085;0,09;0,0156;02/10/2026;0,015;
EU000A1Z99A1;EUROPEAN STABILITY MECHANISM 02/11/2046 1,8%;02/11/2046;EUR;SOV_ESM;European Stability Mechanism;AA+;;;1000;Senior;70,62;3,95;3,51;3,67;15,32;15,79;15,8;0,284;0,291;0,0128;02/10/2026;0,018;
EU000A1Z99B9;EUROPEAN STABILITY MECHANISM 15/03/2027 0,75%;15/03/2027;EUR;SOV_ESM;European Stability Mechanism;AA+;;;1000;Senior;100,545;-0,49;-0,58;-0,58;0,44;0,44;0,44;-3,479;-3,479;0,0147;02/10/2026;0,0075;
EU000A1Z99Q7;EUROPEAN STABILITY MECHANISM 23/06/2027 1%;23/06/2027;EUR;SOV_ESM;European Stability Mechanism;AA+;;;1;Senior;99,029;2,39;2,09;2,25;0,7;0,7;0,7;-0,808;-0,808;0,0046;02/10/2026;0,01;
EU000A1Z99R5;EUROPEAN STABILITY MECHANISM 15/03/2028 3%;15/03/2028;EUR;SOV_ESM;European Stability Mechanism;AA+;;;1000;Senior;100,23;2,82;2,45;2,45;1,37;1,38;1,38;-0,54;-0,537;0,0068;02/10/2026;0,03;
EU000A1Z99S3;EUROPEAN STABILITY MECHANISM 23/08/2033 3%;23/08/2033;EUR;SOV_ESM;European Stability Mechanism;AA+;;;1;Senior;97,06;3,49;3,06;3,1;6,07;6,17;6,16;-0,06;-0,054;0,0073;02/10/2026;0,03;
EU000A1Z99T1;EUROPEAN STABILITY MECHANISM 18/09/2029 2,625%;18/09/2029;EUR;SOV_EU;European Union;AA+;;;1;Senior;98,21;3,27;2,86;2,93;2,78;2,8;2,8;-0,201;-0,198;0,0051;02/10/2026;0,02625;
EU000A1Z99U9;EUROPEAN STABILITY MECHANISM 15/09/2034 2,75% ;15/09/2034;EUR;SOV_ESM;European Stability Mechanism;AA+;;;1;Senior;94,41;3,57;3,13;3,21;6,96;7,07;7,07;0;0,007;0,0084;02/10/2026;0,0275;
EU000A1Z99W5;EUROPEAN STABILITY MECHANISM 26/02/2035 2,75%;26/02/2035;EUR;SOV_ESM;European Stability Mechanism;AA+;;;1;Senior;95,16;3,42;3;3,06;7,21;7,34;7,34;-0,158;-0,15;0,0258;02/10/2026;0,0275;
EU000A1Z99X3;EUROPEAN STABILITY MECHANISM 17/11/2028 2,125%;17/11/2028;EUR;SOV_EU;European Union;AA+;;;1;Senior;98,09;3,07;2,69;2,79;1,99;2,01;2;-0,363;-0,36;0,0193;02/10/2026;0,02125;
EU000A1Z99Y1;EUROPEAN STABILITY MECHANISM 25/02/2036 3%;25/02/2036;EUR;SOV_ESM;European Stability Mechanism;AA+;;;1;Senior;94,41;3,71;3,26;3,32;7,83;8;8;0,11;0,121;0,0077;02/10/2026;0,03;
EU000A1Z99Z8;EUROPEAN STABILITY MECHANISM 02/06/2031 2,75%;02/06/2031;EUR;SOV_ESM;European Stability Mechanism;AA+;;;1;Senior;97,11;3,43;3,01;3,07;4,24;4,29;4,29;-0,074;-0,071;0,0036;02/10/2026;0,0275;
EU000A1ZR7H3;EUROPEAN UNION 04/10/2029 1,375%;04/10/2029;EUR;SOV_EU;European Union;AA+;;;1000;Senior;95,89;2,83;2,48;2,64;2,87;2,89;2,88;-0,646;-0,645;0,0158;02/10/2026;0,01375;
EU000A283859;EUROPEAN UNION 04/10/2030 0%;04/10/2030;EUR;SOV_EU;European Union;AA+;;;1000;Senior;87,68;3,35;2,95;3,35;3,87;3,88;3,87;-0,148;-0,148;0,0044;02/10/2026;0;
EU000A283867;EUROPEAN UNION 04/10/2040 0,1%;04/10/2040;EUR;SOV_EU;European Union;AA+;;;1000;Senior;59,31;3,94;3,54;3,92;13,34;13,41;13,36;0,253;0,253;0,0145;02/10/2026;0,001;
EU000A284469;EUROPEAN UNION 04/11/2050 0,3%;04/11/2050;EUR;SOV_EU;European Union;AA+;;;1000;Senior;42,52;4,1;3,73;4,04;21,61;21,85;21,81;0,503;0,502;0,0105;02/10/2026;0,003;
EU000A285VM2;EUROPEAN UNION 04/07/2035 0%;04/07/2035;EUR;SOV_EU;European Union;AA+;;;1000;Senior;73,07;3,65;3,25;3,65;8,44;8,47;8,44;0,065;0,065;0,0123;02/10/2026;0;
EU000A287074;EUROPEAN UNION 02/06/2028 0%;02/06/2028;EUR;SOV_EU;European Union;AA+;;;1000;Senior;95,19;3,02;2,65;3,02;1,61;1,61;1,61;-0,371;-0,371;0,0033;02/10/2026;0;
EU000A28X702;EUROPEAN UNION 10/06/2035 0,125%;10/06/2035;EUR;SOV_EU;European Union;AA+;;;1000;Senior;74;3,68;3,27;3,66;8,32;8,36;8,32;0,092;0,093;0,0147;02/10/2026;0,00125;
EU000A2SCAA6;EFSF 17/01/2053 0,7%;17/01/2053;EUR;SOV_EFSF;European Financial Stability Facility;AA+;;;1000;Senior;48,05;3,89;3,52;3,76;21,7;22,14;22,14;0,335;0,327;0,0721;02/10/2026;0,007;
EU000A2SCAB4;EFSF 05/09/2028 0,875% ;05/09/2028;EUR;SOV_EFSF;European Financial Stability Facility;AA+;;;1000;Senior;96,06;3,02;2,65;2,9;1,85;1,86;1,85;-0,396;-0,395;0,0072;02/10/2026;0,00875;
EU000A2SCAC2;EFSF 21/06/2032 2,375% ;21/06/2032;EUR;SOV_EFSF;European Financial Stability Facility;AA+;;;1000;Senior;94,07;3,54;3,11;3,22;5,17;5,24;5,23;0,016;0,019;0,0085;02/10/2026;0,02375;
EU000A2SCAE8;EFSF 11/04/2028 2,375% ;11/04/2028;EUR;SOV_EFSF;European Financial Stability Facility;AA+;;;1000;Senior;99,22;2,9;2,54;2,59;1,45;1,46;1,46;-0,474;-0,471;0,0096;02/10/2026;0,02375;
EU000A2SCAG3;EFSF 16/02/2033 2,875% ;16/02/2033;EUR;SOV_EFSF;European Financial Stability Facility;AA+;;;1000;Senior;95,84;3,62;3,17;3,24;5,59;5,67;5,67;0,08;0,086;0,0047;02/10/2026;0,02875;
EU000A2SCAH1;EFSF 15/12/2028 3%;15/12/2028;EUR;SOV_EFSF;European Financial Stability Facility;AA+;;;1000;Senior;99,42;3,27;2,87;2,89;2,04;2,06;2,06;-0,163;-0,159;0,0025;02/10/2026;0,03;
EU000A2SCAJ7;EFSF 10/07/2030 3% ;10/07/2030;EUR;SOV_EFSF;European Financial Stability Facility;AA+;;;1000;Senior;99,98;3;2,62;2,62;3,48;3,52;3,52;-0,486;-0,483;0,0189;02/10/2026;0,03;
EU000A2SCAK5;EFSF 30/08/2038 3,375% ;30/08/2038;EUR;SOV_EFSF;European Financial Stability Facility;AA+;;;1000;Senior;95,31;3,87;3,4;3,43;9,54;9,79;9,79;0,215;0,233;0,0102;02/10/2026;0,03375;
EU000A2SCAL3;EFSF 11/04/2029 3,5%;11/04/2029;EUR;SOV_EFSF;European Financial Stability Facility;AA+;;;1000;Senior;102,22;2,57;2,14;2,14;2,35;2,37;2,37;-0,882;-0,878;0,0228;02/10/2026;0,035;
EU000A2SCAM1;EFSF 16/07/2029 2,625%;16/07/2029;EUR;SOV_EFSF;European Financial Stability Facility;AA+;;;1000;Senior;98,13;3,34;2,92;3;2,61;2,63;2,63;-0,127;-0,124;0,0013;02/10/2026;0,02625;
EU000A2SCAN9;EFSF 13/02/2034 2,875% ;13/02/2034;EUR;SOV_EFSF;European Financial Stability Facility;AA+;;;1000;Senior;95,32;3,61;3,17;3,24;6,36;6,47;6,47;0,052;0,059;0,0251;02/10/2026;0,02875;
EU000A2SCAP4;EFSF 28/05/2031 2,875%;28/05/2031;EUR;SOV_EFSF;European Financial Stability Facility;AA+;;;1000;Senior;97,59;3,44;3,02;3,07;4,22;4,27;4,27;-0,061;-0,057;0,008;02/10/2026;0,02875;
EU000A2SCAQ2;EFSF 15/12/2027 2,5% ;15/12/2027;EUR;SOV_EFSF;European Financial Stability Facility;AA+;;;1000;Senior;99,8;2,67;2,34;2,35;1,14;1,14;1,14;-0,654;-0,651;0,0091;02/10/2026;0,025;
EU000A2SCAS8;EFSF 29/01/2035 2,875%;29/01/2035;EUR;SOV_EFSF;European Financial Stability Facility;AA+;;;1000;Senior;93,55;3,79;3,33;3,41;7,06;7,2;7,2;0,214;0,222;0,0046;02/10/2026;0,02875;
EU000A2SCAT6;EFSF 07/05/2030 2,625%;07/05/2030;EUR;SOV_EFSF;European Financial Stability Facility;AA+;;;1000;Senior;98,7;3,01;2,64;2,68;3,33;3,36;3,36;-0,476;-0,473;0,0298;02/10/2026;0,02625;
EU000A2SCAU4;EFSF 27/09/2032 2,75%;27/09/2032;EUR;SOV_EFSF;European Financial Stability Facility;AA+;;;1000;Senior;96,04;3,5;3,06;3,14;5,39;5,46;5,45;-0,033;-0,029;0,0155;02/10/2026;0,0275;
EU000A2SCAV2;EFSF 11/11/2030 2,5%;11/11/2030;EUR;SOV_EFSF;European Financial Stability Facility;AA+;;;1000;Senior;96,35;3,47;3,04;3,14;3,73;3,77;3,77;-0,026;-0,023;0,0032;02/10/2026;0,025;
EU000A2SCAW0;EFSF 02/02/2029 2,375%;02/02/2029;EUR;SOV_EFSF;European Financial Stability Facility;AA+;;;1000;Senior;98,31;3,14;2,75;2,83;2,19;2,2;2,2;-0,309;-0,306;0,0157;02/10/2026;0,02375;
EU000A2SCAX8;EFSF 01/02/2036 3,125%;01/02/2036;EUR;SOV_EFSF;European Financial Stability Facility;AA+;;;1000;Senior;94,08;3,89;3,42;3,48;7,71;7,88;7,88;0,29;0,301;0,002;02/10/2026;0,03125;
EU000A2SCAY6;EFSF 03/03/2031 2,5%;03/03/2031;EUR;SOV_EFSF;European Financial Stability Facility;AA+;;;1000;Senior;95,94;3,51;3,08;3,19;4,02;4,06;4,06;0,007;0,011;0,0046;02/10/2026;0,025;
EU000A2SCAZ3;EFSF 06/09/2033 3,125%;06/09/2033;EUR;SOV_EFSF;European Financial Stability Facility;AA+;;;1000;Senior;96,43;3,72;3,26;3,31;6,07;6,17;6,17;0,171;0,177;0,0025;02/10/2026;0,03125;
EU000A3K4C42;EUROPEAN UNION GREEN BOND 04/02/2037 0,4%;04/02/2037;EUR;SOV_EU;European Union;AA+;;;1000;Senior;69,88;4,02;3,58;3,95;9,67;9,74;9,71;0,392;0,394;0,0056;02/10/2026;0,004;
EU000A3K4D09;EUROPEAN UNION 04/12/2037 2,75%;04/12/2037;EUR;SOV_EU;European Union;AA+;;;1000;Senior;89,85;3,89;3,42;3,52;9,08;9,3;9,3;0,242;0,256;0,0118;02/10/2026;0,0275;
EU000A3K4D41;EUROPEAN UNION 04/07/2034 3,25%;04/07/2034;EUR;SOV_EU;European Union;AA+;;;1000;Senior;96,44;3,79;3,32;3,36;6,64;6,77;6,77;0,222;0,229;0,005;02/10/2026;0,0325;
EU000A3K4D74;EUROPEAN UNION 04/10/2038 3,375%;04/10/2038;EUR;SOV_EU;European Union;AA+;;;1000;Senior;92,53;4,18;3,67;3,73;9,57;9,82;9,82;0,519;0,537;0,0074;02/10/2026;0,03375;
EU000A3K4DA4;EUROPEAN UNION 22/10/2026 0,25%;22/10/2026;EUR;SOV_EU;European Union;AA+;;;1000;Senior;100,064;-1,2;-1,24;-1,24;0,04;0,04;0,04;-3,816;-3,816;0,0022;02/10/2026;0,0025;
EU000A3K4DC0;EUROPEAN UNION 11/03/2037 0,875%;11/03/2037;EUR;SOV_EU;European Union;AA+;;;1000;Senior;76,04;3,68;3,27;3,55;9,52;9,62;9,6;0,054;0,058;1;02/10/2026;0,00875;
EU000A3K4DD8;EUROPEAN UNION 06/07/2032 1%;06/07/2032;EUR;SOV_EU;European Union;AA+;;;1000;Senior;86,59;3,62;3,19;3,49;5,39;5,43;5,42;0,101;0,103;0,0028;02/10/2026;0,01;
EU000A3K4DE6;EUROPEAN UNION 04/06/2037 1,125%;04/06/2037;EUR;SOV_EU;European Union;AA+;;;1000;Senior;76,18;3,9;3,46;3,73;9,58;9,7;9,68;0,263;0,269;0,004;02/10/2026;0,01125;
EU000A3K4DG1;EUROPEAN UNION GREEN BOND 04/02/2043 1,25%;04/02/2043;EUR;SOV_EU;European Union;AA+;;;1000;Senior;63,98;4,38;3,92;4,17;13,62;13,89;13,88;0,702;0,71;0,0106;02/10/2026;0,0125;
EU000A3K4DM9;EUROPEAN UNION GREEN BOND 04/02/2048 2,625%;04/02/2048;EUR;SOV_EU;European Union;AA+;;;1000;Senior;74,15;4,54;4,03;4,14;14,67;15,29;15,31;0,894;0,899;0,0102;02/10/2026;0,02625;
EU000A3K4DS6;EUROPEAN UNION 04/10/2027 2%;04/10/2027;EUR;SOV_EU;European Union;AA+;;;1000;Senior;99,129;2,9;2,54;2,64;0,97;0,97;0,97;-0,381;-0,381;0,0021;02/10/2026;0,02;
EU000A3K4DT4;EUROPEAN UNION 04/10/2052 2,5%;04/10/2052;EUR;SOV_EU;European Union;AA+;;;1000;Senior;68,55;4,6;4,09;4,19;17,03;17,83;17,87;1,036;1,016;0,0103;02/10/2026;0,025;
EU000A3K4DV0;EUROPEAN UNION 04/11/2042 3,375%;04/11/2042;EUR;SOV_EU;European Union;AA+;;;1000;Senior;88,28;4,41;3,88;3,95;11,48;11,94;11,94;0,723;0,743;0,0074;02/10/2026;0,03375;
EU000A3K4DW8;EUROPEAN UNION GREEN BOND 04/02/2033 2,75%;04/02/2033;EUR;SOV_EU;European Union;AA+;;;1000;Senior;94,93;3,66;3,21;3,3;5,57;5,66;5,65;0,124;0,129;0,0015;02/10/2026;0,0275;
EU000A3K4DY4;EUROPEAN UNION 04/03/2053 3%;04/03/2053;EUR;SOV_EU;European Union;AA+;;;1000;Senior;75,59;4,62;4,09;4,16;16,14;17,04;17,07;1,062;1,037;0,0071;02/10/2026;0,03;
EU000A3K4ED6;BEI 15/11/2028 3% ;15/11/2028;EUR;SOV_BEI;European Investment Bank;AAA;;;1000;Senior;99,63;3,18;2,79;2,8;1,96;1,98;1,98;-0,251;-0,247;0,0021;02/10/2026;0,03;
EU000A3K4EG9;BEI GREEN BOND 15/05/2037 3,125%;15/05/2037;EUR;SOV_BEI;European Investment Bank;AAA;;;1000;Senior;94,71;3,74;3,28;3,33;8,7;8,91;8,91;0,103;0,117;0,0057;02/10/2026;0,03125;
EU000A3K4EL9;EUROPEAN UNION 04/04/2044 4%;04/04/2044;EUR;SOV_EU;European Union;AA+;;;1;Senior;94,67;4,44;3,9;3,92;11,97;12,51;12,51;0,766;0,785;0,0055;02/10/2026;0,04;
EU000A3K4EN5;EUROPEAN UNION 05/12/2028 3,125%;05/12/2028;EUR;SOV_EU;European Union;AA+;;;1;Senior;99,71;3,26;2,86;2,86;2,01;2,03;2,03;-0,173;-0,169;0,0017;02/10/2026;0,03125;
EU000A3K4ES4;EUROPEAN UNION 04/12/2034 3%;04/12/2034;EUR;SOV_EU;European Union;AA+;;;1;Senior;94,3;3,83;3,36;3,43;6,88;7,02;7,02;0,25;0,258;0,0032;02/10/2026;0,03;
EU000A3K4EU0;EUROPEAN UNION 04/02/2050 3,25% GREEN BOND;04/02/2050;EUR;SOV_EU;European Union;AA+;;;1;Senior;81,08;4,59;4,05;4,12;14,79;15,56;15,58;0,972;0,968;0,0098;02/10/2026;0,0325;
EU000A3K4EW6;EUROPEAN UNION 06/12/2027 2,875%;06/12/2027;EUR;SOV_EU;European Union;AA+;;;1;Senior;99,9;2,96;2,59;2,59;1,11;1,11;1,11;-0,359;-0,356;0,0047;02/10/2026;0,02875;
EU000A3K4EY2;EUROPEAN UNION 05/10/2054 3,375%;05/10/2054;EUR;SOV_EU;European Union;AA+;;;1;Senior;80,8;4,61;4,07;4,12;16,6;17,58;17,61;1,082;1,045;0,0044;02/10/2026;0,03375;
EU000A3K7MW2;EUROPEAN UNION 04/12/2029 1,625%;04/12/2029;EUR;SOV_EU;European Union;AA+;;;1000;Senior;94,69;3,42;3;3,21;2,96;2,99;2,98;-0,053;-0,051;0,0021;02/10/2026;0,01625;
EU000A3KM903;EUROPEAN UNION 04/06/2036 0,2%;04/06/2036;EUR;SOV_EU;European Union;AA+;;;1000;Senior;71,24;3,81;3,4;3,78;9,2;9,25;9,22;0,203;0,204;0,0116;02/10/2026;0,002;
EU000A3KNYG5;EUROPEAN UNION 02/05/2046 0,45%;02/05/2046;EUR;SOV_EU;European Union;AA+;;;1000;Senior;52,21;4,03;3,63;3,94;17,58;17,78;17,75;0,36;0,363;0,0347;02/10/2026;0,0045;
EU000A3KP2Z3;EUROPEAN UNION 22/04/2036 0,25%;22/04/2036;EUR;SOV_EU;European Union;AA+;;;1000;Senior;72,39;3,74;3,33;3,7;9,07;9,12;9,09;0,135;0,136;0,0147;02/10/2026;0,0025;
EU000A3KRJQ6;EUROPEAN UNION 04/07/2029 0%;04/07/2029;EUR;SOV_EU;European Union;AA+;;;1000;Senior;91,6;3,25;2,85;3,25;2,66;2,67;2,66;-0,213;-0,213;0,0014;02/10/2026;0;
EU000A3KRJR4;EUROPEAN UNION 04/01/2047 0,75%;04/01/2047;EUR;SOV_EU;European Union;AA+;;;1000;Senior;54,18;4,13;3,72;4;17,29;17,58;17,56;0,474;0,477;0,0088;02/10/2026;0,0075;
EU000A3KSXE1;EUROPEAN UNION 04/07/2031 0%;04/07/2031;EUR;SOV_EU;European Union;AA+;;;1000;Senior;84,77;3,55;3,13;3,54;4,58;4,6;4,58;0,04;0,04;0,0015;02/10/2026;0;
EU000A3KT6A3;EUROPEAN UNION 22/04/2031 0%;22/04/2031;EUR;SOV_EU;European Union;AA+;;;1000;Senior;85,91;3,4;3;3,4;4,4;4,41;4,4;-0,103;-0,103;0,0046;02/10/2026;0;
EU000A3KT6B1;EUROPEAN UNION 04/07/2041 0,45%;04/07/2041;EUR;SOV_EU;European Union;AA+;;;1000;Senior;58,37;4,33;3,89;4,25;13,5;13,62;13,59;0,638;0,642;0,0085;02/10/2026;0,0045;
EU000A3KTGW6;EUROPEAN UNION 06/07/2051 0,7%;06/07/2051;EUR;SOV_EU;European Union;AA+;;;1000;Senior;43,94;4,5;4,09;4,36;20,44;20,84;20,84;0,917;0,912;0,009;02/10/2026;0,007;
EU000A3KWCF4;EUROPEAN UNION 04/10/2028 0%;04/10/2028;EUR;SOV_EU;European Union;AA+;;;1000;Senior;93,92;3,19;2,8;3,19;1,94;1,94;1,94;-0,23;-0,23;0,0013;02/10/2026;0;
EU000A3L1CN4;EUROPEAN UNION 05/10/2029 2,875% ;05/10/2029;EUR;SOV_EU;European Union;AA+;;;1;Senior;98,61;3,37;2,95;3;2,82;2,84;2,84;-0,102;-0,1;0,0027;02/10/2026;0,02875;
EU000A3L1DJ0;EUROPEAN UNION 04/12/2031 2,5% ;04/12/2031;EUR;SOV_EU;European Union;AA+;;;1;Senior;95;3,58;3,14;3,24;4,63;4,69;4,69;0,064;0,068;0,0026;02/10/2026;0,025;
EU000A3L2773;BEI GREEN BOND 04/09/2034 2,625% ;04/09/2034;EUR;SOV_BEI;European Investment Bank;AAA;;;1000;Senior;93,29;3,61;3,17;3,26;6,95;7,06;7,05;0,045;0,052;0,0025;02/10/2026;0,02625;
EU000A3L4C16;BEI 14/12/2029 2,25% ;14/12/2029;EUR;SOV_BEI;European Investment Bank;AAA;;;1000;Senior;96,86;3,3;2,89;3,01;2,96;2,99;2,98;-0,176;-0,173;0,002;02/10/2026;0,0225;
EU000A3L72Y4;BEI GREEN BOND 15/01/2035 2,875%;15/01/2035;EUR;SOV_BEI;European Investment Bank;AAA;;;1000;Senior;94,55;3,65;3,2;3,27;7,04;7,18;7,18;0,071;0,079;0,0018;02/10/2026;0,02875;
EU000A3LNF05;EUROPEAN UNION 04/12/2030 3,125% ;04/12/2030;EUR;SOV_EU;European Union;AA+;;;1;Senior;98,61;3,49;3,05;3,09;3,73;3,78;3,78;-0,009;-0,005;0,0025;02/10/2026;0,03125;
EU000A3LS460;BEI GREEN BOND 16/01/2034 2,75%;16/01/2034;EUR;SOV_BEI;European Investment Bank;AAA;;;1000;Senior;94,64;3,6;3,16;3,24;6,32;6,42;6,42;0,043;0,05;0,0013;02/10/2026;0,0275;
EU000A3LT492;BEI 15/02/2039 3%;15/02/2039;EUR;SOV_BEI;European Investment Bank;AAA;;;1000;Senior;92,39;3,78;3,32;3,38;9,84;10,11;10,11;0,115;0,133;0,0046;02/10/2026;0,03;
EU000A3LTF25;BEI GREEN BOND 23/07/2029 3,625% NOK;23/07/2029;NOK;SOV_BEI;European Investment Bank;AAA;;;10000;Senior;98,7;4,12;3,61;3,66;2,58;2,61;2,61;0,656;0,659;0,0296;02/10/2026;0,03625;
EU000A3LVAL6;BEI 17/07/2029 2,75%;17/07/2029;EUR;SOV_BEI;European Investment Bank;AAA;;;1000;Senior;98,66;3,26;2,85;2,9;2,61;2,63;2,63;-0,206;-0,203;0,002;02/10/2026;0,0275;
EU000A3LX098;BEI 15/10/2031 2,875%;15/10/2031;EUR;SOV_BEI;European Investment Bank;AAA;;;1000;Senior;97,35;3,46;3,03;3,08;4,46;4,52;4,52;-0,052;-0,048;0,0012;02/10/2026;0,02875;
EU000A3LZ0X9;EUROPEAN UNION 04/10/2039 3,375% ;04/10/2039;EUR;SOV_EU;European Union;AA+;;;1;Senior;91,34;4,26;3,74;3,8;10,17;10,47;10,46;0,583;0,603;0,0031;02/10/2026;0,03375;
EU000A4D5QM6;EUROPEAN UNION 04/07/2028 2,625%;04/07/2028;EUR;SOV_EU;European Union;AA+;;;1;Senior;99,14;3,13;2,74;2,8;1,67;1,68;1,67;-0,268;-0,266;0,0048;02/10/2026;0,02625;
EU000A4D6KN5;BEI 15/05/2030 2,375%;15/05/2030;EUR;SOV_BEI;European Investment Bank;AAA;;;1000;Senior;96,7;3,36;2,94;3,05;3,35;3,38;3,38;-0,128;-0,125;0,0009;02/10/2026;0,02375;
EU000A4D7ZW2;BEI GREEN BOND 14/05/2032 2,5%;14/05/2032;EUR;SOV_BEI;European Investment Bank;AAA;;;1000;Senior;94,98;3,5;3,07;3,17;5,06;5,12;5,12;-0,021;-0,018;0,0014;02/10/2026;0,025;
EU000A4D8KD2;EUROPEAN UNION 12/12/2035 3,375%;12/12/2035;EUR;SOV_EU;European Union;AA+;;;1;Senior;96,02;3,9;3,42;3,46;7,51;7,69;7,69;0,298;0,31;0,0045;02/10/2026;0,03375;
EU000A4E0858;EUROPEAN UNION 12/03/2030 3,375%;12/03/2030;EUR;SOV_EU;European Union;AA+;;;1;Senior;99,92;3,73;3,25;3,25;3,16;3,19;3,19;0,246;0,25;0,0031;02/10/2026;0,03375;
EU000A4E0866;EUROPEAN UNION 12/10/2056 4,5%;12/10/2056;EUR;SOV_EU;European Union;AA+;;;1;Senior;98,16;4,61;4,04;4,04;16,13;17,27;17,28;1,122;1,062;0,0113;02/10/2026;0,045;
EU000A4E0ET7;BEI GREEN BOND 16/02/2032 3,25%;16/02/2032;EUR;SOV_BEI;European Investment Bank;AAA;;;1000;Senior;98,85;3,49;3,06;3,07;4,82;4,89;4,88;-0,025;-0,021;0,0014;02/10/2026;0,0325;
EU000A4EA8Y7;EUROPEAN UNION 12/10/2045 3,75%;12/10/2045;EUR;SOV_EU;European Union;AA+;;;1;Senior;90,63;4,49;3,95;3,99;12,54;13,15;13,16;0,825;0,84;0,0048;02/10/2026;0,0375;
EU000A4EBBP0;BEI 14/08/2028 2,25%;14/08/2028;EUR;SOV_BEI;European Investment Bank;AAA;;;1000;Senior;99,32;2,63;2,3;2,34;1,79;1,8;1,79;-0,785;-0,783;0,0119;02/10/2026;0,0225;
EU000A4ECKZ8;BEI GREEN BOND 18/06/2035 2,875%;18/06/2035;EUR;SOV_BEI;European Investment Bank;AAA;;;1000;Senior;94,06;3,68;3,23;3,31;7,44;7,58;7,58;0,096;0,105;0,001;02/10/2026;0,02875;
EU000A4ED0K0;EUROPEAN UNION 13/12/2032 2,75%;13/12/2032;EUR;SOV_EU;European Union;AA+;;;1;Senior;95,03;3,66;3,21;3,3;5,43;5,52;5,51;0,128;0,133;0,0053;02/10/2026;0,0275;
EU000A4EG021;EUROPEAN UNION 14/10/2030 2,5%;14/10/2030;EUR;SOV_EU;European Union;AA+;;;1;Senior;96,31;3,5;3,07;3,18;3,64;3,69;3,68;0,005;0,008;0,0005;02/10/2026;0,025;
EU000A4EG039;EUROPEAN UNION 12/10/2055 4%;12/10/2055;EUR;SOV_EU;European Union;AA+;;;1;Senior;90,3;4,61;4,05;4,07;15,57;16,68;16,69;1,103;1,054;0,0047;02/10/2026;0,04;
EU000A4EG781;BEI GREEN BOND 17/02/2031 2,5%;17/02/2031;EUR;SOV_BEI;European Investment Bank;AAA;;;1000;Senior;96,31;3,42;3;3,09;3,99;4,03;4,03;-0,078;-0,075;0,0019;02/10/2026;0,025;
EU000A4EJF17;EUROPEAN UNION 12/12/2040 3,625%;12/12/2040;EUR;SOV_EU;European Union;AA+;;;1;Senior;92,72;4,32;3,79;3,84;10,35;10,74;10,74;0,634;0,657;0,0054;02/10/2026;0,03625;
EU000A4EM8H8;BEI 14/01/2036 3%;14/01/2036;EUR;SOV_BEI;European Investment Bank;AAA;;;1000;Senior;94,35;3,73;3,27;3,34;7,73;7,9;7,89;0,129;0,14;0,0032;02/10/2026;0,03;
EU000A4ENP68;EUROPEAN UNION 12/07/2029 2,375%;12/07/2029;EUR;SOV_EU;European Union;AA+;;;1;Senior;97,56;3,31;2,9;3;2,61;2,63;2,62;-0,154;-0,152;0,0062;02/10/2026;0,02375;
EU000A4EPCA0;BEI 16/06/2031 2,625%;16/06/2031;EUR;SOV_BEI;European Investment Bank;AAA;;;1000;Senior;96,48;3,45;3,02;3,11;4,29;4,34;4,33;-0,057;-0,053;0,0007;02/10/2026;0,02625;
EU000A4EQY56;BEI GREEN BOND 15/03/2034 2,625%;15/03/2034;EUR;SOV_BEI;European Investment Bank;AAA;;;1000;Senior;93,66;3,61;3,17;3,26;6,49;6,6;6,59;0,051;0,057;0,001;02/10/2026;0,02625;
EU000A4ERVC2;EUROPEAN UNION 12/12/2036 3,25%;12/12/2036;EUR;SOV_EU;European Union;AA+;;;1;Senior;93,65;4,02;3,53;3,59;8,28;8,49;8,48;0,398;0,411;0,0021;02/10/2026;0,0325;
EU000A4ES497;EUROPEAN UNION 12/10/2046 4%;12/10/2046;EUR;SOV_EU;European Union;AA+;;;1;Senior;93,18;4,53;3,97;4;13,05;13,7;13,7;0,863;0,875;0,0024;02/10/2026;0,04;
EU000A4ETUZ1;BEI 15/10/2029 2,625%;15/10/2029;EUR;SOV_BEI;European Investment Bank;AAA;;;1000;Senior;98,13;3,28;2,88;2,95;2,82;2,84;2,84;-0,189;-0,186;0,0028;02/10/2026;0,02625;
EU000A4EUY43;EUROPEAN UNION 12/10/2033 3,125%;12/10/2033;EUR;SOV_EU;European Union;AA+;;;1;Senior;96,17;3,76;3,29;3,35;6,09;6,19;6,19;0,206;0,212;0,0026;02/10/2026;0,03125;
EU000A4EV1G4;BEI GREEN BOND 15/07/2036 3,125%;15/07/2036;EUR;SOV_BEI;European Investment Bank;AAA;;;1000;Senior;95;3,74;3,28;3,33;8,17;8,35;8,34;0,13;0,141;0,0044;02/10/2026;0,03125;
EU000A4EXVK3;EUROPEAN UNION 13/10/2031 2,875%;13/10/2031;EUR;SOV_EU;European Union;AA+;;;1;Senior;96,86;3,57;3,13;3,2;4,55;4,6;4,6;0,06;0,063;0,0043;02/10/2026;0,02875;
FI4000037635;FINLANDIA 04/07/2028 2,75%;04/07/2028;EUR;GOV_FI;Finlandia;AA+;Aa1;;1000;Senior;99,72;2,91;2,55;2,56;1,67;1,68;1,68;-0,491;-0,488;0,004;02/10/2026;0,0275;
FI4000046545;FINLANDIA 04/07/2042 2,625%;04/07/2042;EUR;GOV_FI;Finlandia;AA+;Aa1;;1000;Senior;83,61;4,05;3,58;3,69;12,2;12,56;12,56;0,367;0,383;0,0054;02/10/2026;0,02625;
FI4000148630;FINLANDIA 15/04/2031 0,75%;15/04/2031;EUR;GOV_FI;Finlandia;AA+;Aa1;;1000;Senior;89,37;3,32;2,92;3,21;4,3;4,33;4,31;-0,183;-0,182;0,0028;02/10/2026;0,0075;
FI4000242870;FINLANDIA 15/04/2047 1,375%;15/04/2047;EUR;GOV_FI;Finlandia;AA+;Aa1;;1000;Senior;62,14;4,15;3,71;3,92;16,3;16,72;16,72;0,493;0,498;0,0106;02/10/2026;0,01375;
FI4000278551;FINLANDIA 15/09/2027 0,5%;15/09/2027;EUR;GOV_FI;Finlandia;AA+;Aa1;;1000;Senior;97,8;2,9;2,54;2,83;0,92;0,92;0,92;-0,371;-0,371;0,0019;02/10/2026;0,005;
FI4000306758;FINLANDIA 15/04/2034 1,125%;15/04/2034;EUR;GOV_FI;Finlandia;AA+;Aa1;;1000;Senior;83,73;3,63;3,21;3,47;6,93;7;6,98;0,074;0,077;0,0056;02/10/2026;0,01125;
FI4000348727;FINLANDIA 15/09/2028 0,515%;15/09/2028;EUR;GOV_FI;Finlandia;AA+;Aa1;;1000;Senior;95,54;2,89;2,53;2,83;1,88;1,89;1,89;-0,526;-0,526;0,0067;02/10/2026;0,005;
FI4000369467;FINLANDIA 15/09/2029 0,5%;15/09/2029;EUR;GOV_FI;Finlandia;AA+;Aa1;;1000;Senior;92,7;3,14;2,75;3,07;2,84;2,85;2,84;-0,335;-0,335;0,0047;02/10/2026;0,005;
FI4000415153;FINLANDIA 15/04/2036 0,125%;15/04/2036;EUR;GOV_FI;Finlandia;AA+;Aa1;;1000;Senior;71,26;3,77;3,36;3,75;9,11;9,16;9,12;0,165;0,165;0,0068;02/10/2026;0,00125;
FI4000440557;FINLANDIA 15/09/2040 0,25%;15/09/2040;EUR;GOV_FI;Finlandia;AA+;Aa1;;1000;Senior;60,15;4,05;3,63;4;13,1;13,18;13,14;0,361;0,363;0,008;02/10/2026;0,0025;
FI4000441878;FINLANDIA 15/09/2030 0%;15/09/2030;EUR;GOV_FI;Finlandia;AA+;Aa1;;1000;Senior;88,24;3,22;2,84;3,22;3,82;3,84;3,82;-0,268;-0,268;0,0043;02/10/2026;0;
FI4000480488;FINLANDIA 15/04/2052 0,125%;15/04/2052;EUR;GOV_FI;Finlandia;AA+;Aa1;;1000;Senior;37,32;4,15;3,8;4,13;23,75;23,91;23,85;0,584;0,583;0,0076;02/10/2026;0,00125;
FI4000507231;FINLANDIA 15/09/2031 0,125%;15/09/2031;EUR;GOV_FI;Finlandia;AA+;Aa1;;1000;Senior;85,44;3,37;2,97;3,35;4,77;4,79;4,77;-0,136;-0,136;0,004;02/10/2026;0,00125;
FI4000517677;FINLANDIA 15/04/2043 0,5%;15/04/2043;EUR;GOV_FI;Finlandia;AA+;Aa1;;1000;Senior;57,27;4,11;3,7;4,03;14,95;15,11;15,07;0,434;0,437;0,009;02/10/2026;0,005;
FI4000523238;FINLANDIA 15/09/2032 1,5%;15/09/2032;EUR;GOV_FI;Finlandia;AA+;Aa1;;1000;Senior;89,59;3,47;3,05;3,26;5,52;5,57;5,56;-0,059;-0,057;0,0044;02/10/2026;0,015;
FI4000527551;FINLANDIA 15/04/2027 1,375%;15/04/2027;EUR;GOV_FI;Finlandia;AA+;Aa1;;1000;Senior;99,505;2,33;2,04;2,15;0,51;0,51;0,51;-0,761;-0,761;0,0048;02/10/2026;0,01375;
FI4000546528;FINLANDIA 15/04/2038 2,75%;15/04/2038;EUR;GOV_FI;Finlandia;AA+;Aa1;;1000;Senior;89,61;3,88;3,42;3,51;9,43;9,65;9,65;0,232;0,247;0,0075;02/10/2026;0,0275;
FI4000550249;FINLANDIA 15/09/2033 3%;15/09/2033;EUR;GOV_FI;Finlandia;AA+;Aa1;;1000;Senior;96,62;3,56;3,12;3,17;6,13;6,22;6,22;0,009;0,015;0,0031;02/10/2026;0,03;
FI4000557525;FINLANDIA 15/04/2029 2,875% ;15/04/2029;EUR;GOV_FI;Finlandia;AA+;Aa1;;1000;Senior;99,65;3,02;2,64;2,65;2,37;2,39;2,39;-0,438;-0,435;0,0071;02/10/2026;0,02875;
FI4000566294;FINLANDIA 15/04/2055 2,95%;15/04/2055;EUR;GOV_FI;Finlandia;AA+;Aa1;;1000;Senior;79,7;4,18;3,69;3,75;17,43;18,41;18,44;0,662;0,626;0,0072;02/10/2026;0,0295;
FI4000571104;FINLANDIA 15/09/2034 3% ;15/09/2034;EUR;GOV_FI;Finlandia;AA+;Aa1;;1000;Senior;95,42;3,67;3,22;3,29;6,9;7,01;7,01;0,105;0,112;0,0008;02/10/2026;0,03;
FI4000577952;FINLANDIA 15/04/2030 2,5% ;15/04/2030;EUR;GOV_FI;Finlandia;AA+;Aa1;;1000;Senior;97,98;3,11;2,73;2,79;3,28;3,3;3,3;-0,374;-0,371;0,0077;02/10/2026;0,025;
FI4000586284;FINLANDIA 15/04/2045 3,2%;15/04/2045;EUR;GOV_FI;Finlandia;AA+;Aa1;;1000;Senior;88,04;4,14;3,64;3,7;13,15;13,68;13,69;0,465;0,479;0,005;02/10/2026;0,032;
FI4000587415;FINLANDIA 15/09/2035 3%;15/09/2035;EUR;GOV_FI;Finlandia;AA+;Aa1;;1000;Senior;94,52;3,73;3,27;3,34;7,64;7,79;7,78;0,138;0,147;0,0037;02/10/2026;0,03;
FI4000591862;FINLANDIA 15/04/2032 2,625%;15/04/2032;EUR;GOV_FI;Finlandia;AA+;Aa1;;1000;Senior;96,23;3,38;2,96;3,03;4,98;5,04;5,04;-0,138;-0,134;0,0048;02/10/2026;0,02625;
FI4000598776;FINLANDIA 15/04/2041 3,55%;15/04/2041;EUR;GOV_FI;Finlandia;AA+;Aa1;;1000;Senior;94,8;4,03;3,53;3,57;10,87;11,24;11,25;0,339;0,362;0,0052;02/10/2026;0,0355;
FI4000602891;FINLANDIA 15/09/2036 3,35%;15/09/2036;EUR;GOV_FI;Finlandia;AA+;Aa1;;1000;Senior;96,41;3,79;3,32;3,36;8,26;8,45;8,44;0,171;0,184;0,004;02/10/2026;0,0335;
FI4000609516;FINLANDIA 15/04/2033 3,3%;15/04/2033;EUR;GOV_FI;Finlandia;AA+;Aa1;;1000;Senior;98,67;3,53;3,09;3,12;5,74;5,83;5,83;-0,006;-0,001;0,0032;02/10/2026;0,033;
FR0000187635;FRANCIA 25/10/2032 5,75%;25/10/2032;EUR;GOV_FR;Francia;A+;Aa3;;1000;Senior;107,35;4,34;3,65;3,65;4,85;4,98;4,98;0,811;0,819;0,0031;02/10/2026;0,0575;
FR0000471930;ORANGE 28/01/2033 8,125%;28/01/2033;EUR;ORANGE;Orange S.A;;;;1000;Senior;122,27;4,05;2,19;2,19;4,88;5,24;5,24;0,515;0,528;0,0097;02/10/2026;0,08125;
FR0000571218;FRANCIA 25/04/2029 5,5%;25/04/2029;EUR;GOV_FR;Francia;A+;Aa3;;1000;Senior;104,19;3,74;3,07;3,07;2,31;2,35;2,35;0,28;0,286;0,0053;02/10/2026;0,055;
FR0010014845;GIE PSA TRÉSORERIE 19/09/2033 6%;19/09/2033;EUR;PEUGEOT;Peugeot;;;;1000;Senior;102,07;5,63;4,09;4,09;5,57;5,89;5,89;2,081;2,091;0,0035;02/10/2026;0,06;
FR0010070060;FRANCIA 25/04/2035 4,75%;25/04/2035;EUR;GOV_FR;Francia;A+;Aa3;;1000;Senior;100,27;4,71;4,12;4,12;6,76;6,96;6,96;1,122;1,136;0,0006;02/10/2026;0,0475;
FR0010171975;FRANCIA 25/04/2055 4%;25/04/2055;EUR;GOV_FR;Francia;A+;Aa3;;1000;Senior;79,12;5,46;4,83;4,87;14,92;15,98;16,01;1,939;1,892;0,0037;02/10/2026;0,04;
FR0010371401;FRANCIA 25/10/2038 4%;25/10/2038;EUR;GOV_FR;Francia;A+;Aa3;;1000;Senior;91,09;5;4,4;4,47;8,84;9,16;9,16;1,34;1,362;0,0025;02/10/2026;0,04;
FR0010773192;FRANCIA 25/04/2041 4,5%;25/04/2041;EUR;GOV_FR;Francia;A+;Aa3;;1000;Senior;93,51;5,14;4,51;4,56;10,1;10,54;10,54;1,452;1,48;0,003;02/10/2026;0,045;
FR0010870956;FRANCIA 25/04/2060 4%;25/04/2060;EUR;GOV_FR;Francia;A+;Aa3;;1000;Senior;77,88;5,45;4,81;4,85;15,86;17,15;17,19;2,019;1,928;0,0043;02/10/2026;0,04;
FR0011225143;EDF 25/03/2027 4,125%;25/03/2027;EUR;EDF;Electricite de France S.A;;;;100000;Senior;100,94;2,05;1;1;0,46;0,46;0,46;-0,983;-0,983;0,0077;02/10/2026;0,04125;
FR0011317783;FRANCIA 25/10/2027 2,75%;25/10/2027;EUR;GOV_FR;Francia;A+;Aa3;;1000;Senior;99,5;3,24;2,84;2,89;0,99;1;1;-0,056;-0,055;0,0015;02/10/2026;0,0275;
FR0011461037;FRANCIA 25/05/2045 3,25%;25/05/2045;EUR;GOV_FR;Francia;A+;Aa3;;1000;Senior;76,24;5,28;4,68;4,8;12,65;13,21;13,22;1,613;1,628;0,0024;02/10/2026;0,0325;
FR0011883966;FRANCIA 25/05/2030 2,5%;25/05/2030;EUR;GOV_FR;Francia;A+;Aa3;;1000;Senior;95,17;3,95;3,47;3,62;3,35;3,38;3,38;0,462;0,465;0,003;02/10/2026;0,025;
FR0012993103;FRANCIA 25/05/2031 1,5%;25/05/2031;EUR;GOV_FR;Francia;A+;Aa3;;1000;Senior;89,21;4,1;3,61;3,9;4,3;4,34;4,33;0,599;0,601;0,003;02/10/2026;0,015;
FR0013154028;FRANCIA 25/05/2066 1,75%;25/05/2066;EUR;GOV_FR;Francia;A+;Aa3;;1000;Senior;42,1;5,25;4,74;4,85;20,64;22,07;22,21;1,933;1,831;0,0098;02/10/2026;0,0175;
FR0013154044;FRANCIA 25/05/2036 1,25%;25/05/2036;EUR;GOV_FR;Francia;A+;Aa3;;1000;Senior;73;4,82;4,29;4,63;8,56;8,68;8,65;1,206;1,212;0,0021;02/10/2026;0,0125;
FR0013200813;FRANCIA 25/11/2026 0,25%;25/11/2026;EUR;GOV_FR;Francia;A+;Aa3;;1000;Senior;99,71;2,39;2,09;2,36;0,13;0,13;0,13;-0,225;-0,225;0,001;02/10/2026;0,0025;
FR0013234333;FRANCIA GREEN BOND 25/06/2039 1,75%;25/06/2039;EUR;GOV_FR;Francia;A+;Aa3;;1000;Senior;69,64;5,04;4,49;4,77;10,6;10,82;10,8;1,37;1,382;0,0027;02/10/2026;0,0175;
FR0013250560;FRANCIA 25/05/2027 1%;25/05/2027;EUR;GOV_FR;Francia;A+;Aa3;;1000;Senior;98,786;2,96;2,59;2,83;0,61;0,62;0,62;-0,199;-0,199;0,0005;02/10/2026;0,01;
FR0013257524;FRANCIA 25/05/2048 2%;25/05/2048;EUR;GOV_FR;Francia;A+;Aa3;;1000;Senior;57,65;5,35;4,79;5;15,23;15,82;15,84;1,706;1,71;0,0042;02/10/2026;0,02;
FR0013286192;FRANCIA 25/05/2028 0,75%;25/05/2028;EUR;GOV_FR;Francia;A+;Aa3;;1000;Senior;95,56;3,59;3,15;3,49;1,57;1,58;1,57;0,203;0,204;0,0024;02/10/2026;0,0075;
FR0013313582;FRANCIA 25/05/2034 1,25%;25/05/2034;EUR;GOV_FR;Francia;A+;Aa3;;1000;Senior;78,9;4,59;4,07;4,4;6,92;7;6,98;1,024;1,027;0,0029;02/10/2026;0,0125;
FR0013341682;FRANCIA 25/11/2028 0,75%;25/11/2028;EUR;GOV_FR;Francia;A+;Aa3;;1000;Senior;94;3,72;3,27;3,61;2,04;2,05;2,04;0,287;0,288;0,0021;02/10/2026;0,0075;
FR0013404969;FRANCIA 25/05/2050 1,5%;25/05/2050;EUR;GOV_FR;Francia;A+;Aa3;;1000;Senior;49,1;5,34;4,82;5,05;17;17,59;17,62;1,733;1,729;0,0043;02/10/2026;0,015;
FR0013407236;FRANCIA 25/05/2029 0,5%;25/05/2029;EUR;GOV_FR;Francia;A+;Aa3;;1000;Senior;91,85;3,81;3,35;3,74;2,52;2,53;2,52;0,351;0,351;0,0017;02/10/2026;0,005;
FR0013451507;FRANCIA 25/11/2029 0%;25/11/2029;EUR;GOV_FR;Francia;A+;Aa3;;1000;Senior;88,77;3,87;3,4;3,87;3,02;3,04;3,02;0,393;0,393;0,0016;02/10/2026;0;
FR0013480613;FRANCIA 25/05/2052 0,75%;25/05/2052;EUR;GOV_FR;Francia;A+;Aa3;;1000;Senior;37,07;5,29;4,82;5,12;20,19;20,68;20,7;1,72;1,713;0,0101;02/10/2026;0,0075;
FR0013515806;FRANCIA 25/05/2040 0,5% ;25/05/2040;EUR;GOV_FR;Francia;A+;Aa3;;1000;Senior;55,51;5,11;4,6;5,02;12,35;12,47;12,43;1,428;1,432;0,0038;02/10/2026;0,005;
FR0013516549;FRANCIA 25/11/2030 0%;25/11/2030;EUR;GOV_FR;Francia;A+;Aa3;;1000;Senior;84,86;4,05;3,57;4,04;3,98;4;3,98;0,551;0,551;0,0015;02/10/2026;0;
FR0014001NN8;FRANCIA 25/05/2072 0,5%;25/05/2072;EUR;GOV_FR;Francia;A+;Aa3;;1000;Senior;21,34;4,74;4,39;4,57;30,95;32,17;32,33;1,539;1,476;0,0014;02/10/2026;0,005;
FR0014002JM6;FRANCIA GREEN BOND 25/06/2044 0,5% ;25/06/2044;EUR;GOV_FR;Francia;A+;Aa3;;1000;Senior;46,08;5,25;4,76;5,15;15,66;15,85;15,81;1,572;1,575;0,0024;02/10/2026;0,005;
FR0014002WK3;FRANCIA 25/11/2031 0%;25/11/2031;EUR;GOV_FR;Francia;A+;Aa3;;1000;Senior;80,94;4,2;3,72;4,18;4,93;4,96;4,93;0,69;0,69;0,003;02/10/2026;0;
FR0014003513;FRANCIA 25/02/2027 0%;25/02/2027;EUR;GOV_FR;Francia;A+;Aa3;;1000;Senior;98,95;2,75;2,4;2,75;0,38;0,38;0,38;-0,137;-0,137;0,0003;02/10/2026;0;
FR0014004J31;FRANCIA 25/05/2053 0,75%;25/05/2053;EUR;GOV_FR;Francia;A+;Aa3;;1000;Senior;35,92;5,29;4,84;5,11;20,73;21,25;21,27;1,738;1,729;0,0067;02/10/2026;0,0075;
FR0014007L00;FRANCIA 25/05/2032 0%;25/05/2032;EUR;GOV_FR;Francia;A+;Aa3;;1000;Senior;78,91;4,29;3,81;4,26;5,41;5,43;5,41;0,772;0,772;0,0025;02/10/2026;0;
FR0014009O62;FRANCIA 25/05/2038 1,25% ;25/05/2038;EUR;GOV_FR;Francia;A+;Aa3;;1000;Senior;67,45;5,01;4,47;4,8;10,12;10,27;10,25;1,354;1,362;0,003;02/10/2026;0,0125;
FR001400AIN5;FRANCIA 25/02/2028 0,75%;25/02/2028;EUR;GOV_FR;Francia;A+;Aa3;;1000;Senior;96,32;3,51;3,08;3,38;1,33;1,34;1,34;0,154;0,155;0,0005;02/10/2026;0,0075;
FR001400B1L7;RCI BANQUE 06/07/2027 4,75%;06/07/2027;EUR;RCIBANQUE;RCI Banque SA;;;;1000;Senior;100,85;3,56;2,33;2,33;0,72;0,73;0,73;0,346;0,346;0,0027;02/10/2026;0,0475;
FR001400BKZ3;FRANCIA 25/11/2032 2%;25/11/2032;EUR;GOV_FR;Francia;A+;Aa3;;1000;Senior;87,45;4,37;3,85;4,1;5,46;5,54;5,53;0,843;0,846;0,0022;02/10/2026;0,02;
FR001400CMX2;FRANCIA 25/05/2043 2,5% ;25/05/2043;EUR;GOV_FR;Francia;A+;Aa3;;1000;Senior;70,06;5,24;4,66;4,84;12,33;12,74;12,75;1,558;1,574;0,005;02/10/2026;0,025;
FR001400CRG6;RCI BANQUE 21/09/2028 4,875%;21/09/2028;EUR;RCIBANQUE;RCI Banque SA;;;;1000;Senior;101,75;3,93;2,66;2,66;1,84;1,88;1,88;0,504;0,508;0,0018;02/10/2026;0,04875;
FR001400FTH3;FRANCIA 25/05/2054 3%;25/05/2054;EUR;GOV_FR;Francia;A+;Aa3;;1000;Senior;65,83;5,41;4,81;4,91;15,82;16,8;16,85;1,875;1,841;0,0027;02/10/2026;0,03;
FR001400H7V7;FRANCIA 25/05/2033 3%;25/05/2033;EUR;GOV_FR;Francia;A+;Aa3;;1000;Senior;91,83;4,45;3,91;4,05;5,76;5,86;5,85;0,904;0,91;0,0021;02/10/2026;0,03;
FR001400HI98;FRANCIA 25/02/2029 2,75%;25/02/2029;EUR;GOV_FR;Francia;A+;Aa3;;1000;Senior;97,69;3,77;3,31;3,41;2,22;2,24;2,24;0,325;0,329;0,0022;02/10/2026;0,0275;
FR001400L834;FRANCIA 25/11/2033 3,5%;25/11/2033;EUR;GOV_FR;Francia;A+;Aa3;;1;Senior;93,92;4,51;3,96;4,05;5,95;6,08;6,07;0,961;0,968;0,0019;02/10/2026;0,035;
FR001400NBC6;FRANCIA 24/09/2027 2,5%;24/09/2027;EUR;GOV_FR;Francia;A+;Aa3;;1;Senior;99,388;3,15;2,76;2,83;0,94;0,94;0,94;-0,125;-0,125;0,0014;02/10/2026;0,025;
FR001400NEF3;FRANCIA GREEN BOND 25/06/2049 3%;25/06/2049;EUR;GOV_FR;Francia;A+;Aa3;;1;Senior;69,48;5,35;4,76;4,87;14,46;15,19;15,22;1,726;1,726;0,0032;02/10/2026;0,03;
FR001400OHF4;FRANCIA 25/05/2055 3,25%;25/05/2055;EUR;GOV_FR;Francia;A+;Aa3;;1;Senior;68,58;5,44;4,83;4,9;15,74;16,78;16,83;1,92;1,878;0,0025;02/10/2026;0,0325;
FR001400PM68;FRANCIA 25/02/2030 2,75%;25/02/2030;EUR;GOV_FR;Francia;A+;Aa3;;1;Senior;96,35;3,92;3,43;3,56;3,11;3,14;3,14;0,434;0,438;0,0034;02/10/2026;0,0275;
FR001400QMF9;FRANCIA 25/11/2034 3% ;25/11/2034;EUR;GOV_FR;Francia;A+;Aa3;;1;Senior;88,98;4,66;4,1;4,25;6,76;6,91;6,91;1,082;1,09;0,0009;02/10/2026;0,03;
FR001400WYO4;FRANCIA 25/05/2042 3,6%;25/05/2042;EUR;GOV_FR;Francia;A+;Aa3;;1;Senior;83,12;5,2;4,59;4,69;11,08;11,52;11,53;1,514;1,537;0,0043;02/10/2026;0,036;
FR001400X8V5;FRANCIA 25/05/2035 3,2%;25/05/2035;EUR;GOV_FR;Francia;A+;Aa3;;1;Senior;89,52;4,7;4,14;4,28;7,18;7,34;7,33;1,116;1,125;0,0019;02/10/2026;0,032;
FR001400XJJ3;FRANCIA 25/05/2056 3,75%;25/05/2056;EUR;GOV_FR;Francia;A+;Aa3;;1;Senior;75,6;5,42;4,79;4,85;15,47;16,59;16,63;1,921;1,867;0,0084;02/10/2026;0,0375;
FR001400XLW2;FRANCIA 24/09/2028 2,4%;24/09/2028;EUR;GOV_FR;Francia;A+;Aa3;;1;Senior;97,7;3,63;3,18;3,31;1,88;1,89;1,88;0,208;0,21;0,0026;02/10/2026;0,024;
FR001400Z2L7;FRANCIA 25/02/2031 2,7%;25/02/2031;EUR;GOV_FR;Francia;A+;Aa3;;1;Senior;94,66;4,05;3,55;3,7;3,96;4,01;4,01;0,549;0,553;0,0039;02/10/2026;0,027;
FR0014012II5;FRANCIA 25/11/2035 3,5%;25/11/2035;EUR;GOV_FR;Francia;A+;Aa3;;1;Senior;90,78;4,77;4,19;4,3;7,31;7,5;7,5;1,168;1,18;0,0014;02/10/2026;0,035;
FR0014015MU5;FRANCIA 25/05/2046 4,1%;25/05/2046;EUR;GOV_FR;Francia;A+;Aa3;;1;Senior;85,35;5,32;4,68;4,74;12,44;13,09;13,1;1,653;1,669;0,0036;02/10/2026;0,041;
FR0014016CV2;FRANCIA 25/05/2057 4,4%;25/05/2057;EUR;GOV_FR;Francia;A+;Aa3;;1;Senior;84,31;5,46;4,81;4,84;15,08;16,28;16,3;1,983;1,915;0,0033;02/10/2026;0,044;
FR0014017Z10;FRANCIA GREEN BOND 25/06/2037 3,8%;25/06/2037;EUR;GOV_FR;Francia;A+;Aa3;;1;Senior;91,28;4,86;4,27;4,35;8,4;8,64;8,64;1,224;1,242;0,0081;02/10/2026;0,038;
FR0014018OI0;FRANCIA 25/02/2032 3,25%;25/02/2032;EUR;GOV_FR;Francia;A+;Aa3;;1;Senior;95,4;4,22;3,7;3,8;4,72;4,8;4,79;0,702;0,707;0,0045;02/10/2026;0,0325;
GB00B16NNR78;REGNO UNITO 07/12/2027 4,25% GBP;07/12/2027;GBP;GOV_GB;Gran Bretagna;AA;Aa3;;1000;Senior;99,83;4,44;3,89;3,9;1,09;1,1;1,1;1,125;1,129;0,0012;02/10/2026;0,0425;
GB00B3KJDS62;REGNO UNITO 07/09/2039 4,25% GBP;07/09/2039;GBP;GOV_GB;Gran Bretagna;AA;Aa3;;1000;Senior;88,26;5,61;4,95;5,02;9,3;9,65;9,65;1,937;1,963;0,0024;02/10/2026;0,0425;
GB00B84Z9V04;REGNO UNITO 22/01/2044 3,25% GBP;22/01/2044;GBP;GOV_GB;Gran Bretagna;AA;Aa3;;1000;Senior;72,59;5,86;5,19;5,35;11,74;12,26;12,27;2,182;2,201;0,0018;02/10/2026;0,0325;
GB00BMF9LG83;GRAN BRETAGNA 07/06/2028 4,5% GBP;07/06/2028;GBP;GOV_UK;Gran Bretagna;AA;Aa3;;1;Senior;99,91;4,6;3,99;3,99;1,53;1,55;1,55;1,209;1,214;0,0021;02/10/2026;0,045;
GB00BN65R313;REGNO UNITO 22/01/2045 3,5% GBP;22/01/2045;GBP;GOV_GB;Gran Bretagna;AA;Aa3;;1000;Senior;74,4;5,87;5,19;5,33;11,96;12,55;12,56;2,196;2,214;0,0031;02/10/2026;0,035;
GR0114033583;GRECIA 15/06/2028 3,875%;15/06/2028;EUR;GOV_GR;Grecia;BBB;Baa3;;1000;Senior;101,2;3,12;2,64;2,64;1,6;1,62;1,62;-0,271;-0,268;0,0065;02/10/2026;0,03875;
GR0118020685;GRECIA 22/04/2027 2,0%;22/04/2027;EUR;GOV_GR;Grecia;BBB;Baa3;;1000;Senior;100,272;1,49;1,24;1,24;0,53;0,54;0,54;-1,618;-1,618;0,0114;02/10/2026;0,02;
GR0124034688;GRECIA 30/01/2028 3,75%;30/01/2028;EUR;GOV_GR;Grecia;BBB;Baa3;;1000;Senior;101,2;2,8;2,34;2,34;1,25;1,26;1,26;-0,543;-0,537;0,0065;02/10/2026;0,0375;
GR0124035693;GRECIA 12/03/2029 3,875%;12/03/2029;EUR;GOV_GR;Grecia;BBB;Baa3;;1000;Senior;101,35;3,28;2,8;2,8;2,25;2,27;2,27;-0,169;-0,164;0,0103;02/10/2026;0,03875;
GR0124036709;GRECIA 18/06/2030 1,5%;18/06/2030;EUR;GOV_GR;Grecia;BBB;Baa3;;1000;Senior;92,59;3,68;3,23;3,47;3,48;3,5;3,5;0,189;0,191;0,0048;02/10/2026;0,015;
GR0124037715;GRECIA 18/06/2031 0,75%;18/06/2031;EUR;GOV_GR;Grecia;BBB;Baa3;;1000;Senior;87,15;3,79;3,34;3,68;4,45;4,48;4,46;0,281;0,282;0,006;02/10/2026;0,0075;
GR0124038721;GRECIA 18/06/2032 1,75%;18/06/2032;EUR;GOV_GR;Grecia;BBB;Baa3;;1000;Senior;89,05;3,93;3,46;3,69;5,22;5,28;5,27;0,407;0,41;0,0069;02/10/2026;0,0175;
GR0124039737;GRECIA 15/06/2033 4,25%;15/06/2033;EUR;GOV_GR;Grecia;BBB;Baa3;;1000;Senior;100,98;4,08;3,55;3,55;5,66;5,78;5,78;0,533;0,541;0,0087;02/10/2026;0,0425;
GR0124040743;GRECIA 15/06/2034 3,375%;15/06/2034;EUR;GOV_GR;Grecia;BBB;Baa3;;1000;Senior;94,47;4,23;3,71;3,79;6,53;6,66;6,65;0,665;0,673;0,009;02/10/2026;0,03375;
GR0124041758;GRECIA 15/06/2035 3,625%;15/06/2035;EUR;GOV_GR;Grecia;BBB;Baa3;;1000;Senior;94,64;4,38;3,84;3,91;7,18;7,34;7,34;0,789;0,8;0,0054;02/10/2026;0,03625;
GR0124042764;GRECIA 16/06/2036 3,375%;16/06/2036;EUR;GOV_GR;Grecia;BBB;Baa3;;1000;Senior;91,48;4,47;3,93;4,02;7,92;8,11;8,1;0,862;0,875;0,0068;02/10/2026;0,03375;
GR0128014710;REPUBBLICA GRECA 24/02/2027 STEP UP;24/02/2027;EUR;GOV_GR;Grecia;BBB;Baa3;;1;Senior;100,75;2,3;1,78;1,78;0,38;0,38;0,38;-0,583;-0,583;0,0054;02/10/2026;0,043;
GR0128015725;GRECIA 30/01/2033 3,9%;30/01/2033;EUR;GOV_GR;Grecia;BBB;Baa3;;1000;Senior;99,28;4,03;3,53;3,54;5,36;5,47;5,47;0,493;0,5;0,0053;02/10/2026;0,039;
GR0128016731;GRECIA 04/02/2035 1,875%;04/02/2035;EUR;GOV_GR;Grecia;BBB;Baa3;;1000;Senior;83,3;4,3;3,8;4,04;7,3;7,41;7,4;0,722;0,728;0,0112;02/10/2026;0,01875;
GR0128017747;GRECIA 18/07/2038 4,375%;18/07/2038;EUR;GOV_GR;Grecia;BBB;Baa3;;1000;Senior;98,62;4,53;3,96;3,97;8,94;9,24;9,24;0,87;0,892;0,0089;02/10/2026;0,04375;
GR0133006198;REPUBBLICA GRECA 24/02/2028 STEP UP;24/02/2028;EUR;GOV_GR;Grecia;BBB;Baa3;;1;Senior;103,25;1,9;1,38;1,38;1,32;1,33;1,33;-1,459;-1,453;0,0262;02/10/2026;0,043;
GR0133007204;REPUBBLICA GRECA 24/02/2029 STEP UP;24/02/2029;EUR;GOV_GR;Grecia;BBB;Baa3;;1;Senior;102,49;3,19;2,67;2,67;2,2;2,22;2,22;-0,256;-0,25;0,0187;02/10/2026;0,043;
GR0133008210;REPUBBLICA GRECA 24/02/2030 STEP UP;24/02/2030;EUR;GOV_GR;Grecia;BBB;Baa3;;1;Senior;104,5;2,88;2,36;2,36;3,06;3,11;3,11;-0,6;-0,594;0,0338;02/10/2026;0,043;
GR0133009226;REPUBBLICA GRECA 24/02/2031 STEP UP;24/02/2031;EUR;GOV_GR;Grecia;BBB;Baa3;;1;Senior;102,03;3,78;3,25;3,25;3,85;3,91;3,91;0,284;0,29;0,0138;02/10/2026;0,043;
GR0133010232;REPUBBLICA GRECA 24/02/2032 STEP UP;24/02/2032;EUR;GOV_GR;Grecia;BBB;Baa3;;1;Senior;103,82;3,51;2,98;2,98;4,65;4,74;4,74;-0,01;-0,004;0,0361;02/10/2026;0,043;
GR0133011248;GRECIA 30/01/2037 4%;30/01/2037;EUR;GOV_GR;Grecia;BBB;Baa3;;1000;Senior;96,09;4,48;3,93;3,97;8,02;8,27;8,26;0,852;0,869;0,006;02/10/2026;0,04;
GR0138005716;REPUBBLICA GRECA 24/02/2033 STEP UP;24/02/2033;EUR;GOV_GR;Grecia;BBB;Baa3;;1;Senior;100,66;4,18;3,64;3,64;5,36;5,47;5,47;0,639;0,647;0,0258;02/10/2026;0,043;
GR0138006722;REPUBBLICA GRECA 24/02/2034 STEP UP;24/02/2034;EUR;GOV_GR;Grecia;BBB;Baa3;;1;Senior;99,5;4,38;3,83;3,84;6,05;6,2;6,2;0,819;0,829;0,0131;02/10/2026;0,043;
GR0138007738;REPUBBLICA GRECA 24/02/2035 STEP UP;24/02/2035;EUR;GOV_GR;Grecia;BBB;Baa3;;1;Senior;100;4,3;3,76;3,76;6,75;6,93;6,93;0,716;0,728;0,0235;02/10/2026;0,043;
GR0138008744;REPUBBLICA GRECA 24/02/2036 STEP UP;24/02/2036;EUR;GOV_GR;Grecia;BBB;Baa3;;1;Senior;100,7;4,21;3,67;3,67;7,42;7,63;7,63;0,601;0,616;0,0488;02/10/2026;0,043;
GR0138009759;REPUBBLICA GRECA 24/02/2037 STEP UP;24/02/2037;EUR;GOV_GR;Grecia;BBB;Baa3;;1;Senior;98,97;4,42;3,87;3,88;8,01;8,26;8,26;0,794;0,813;0,0276;02/10/2026;0,043;
GR0138010765;REPUBBLICA GRECA 24/02/2038 STEP UP;24/02/2038;EUR;GOV_GR;Grecia;BBB;Baa3;;1;Senior;98,74;4,44;3,89;3,9;8,61;8,9;8,9;0,791;0,813;0,0125;02/10/2026;0,043;
GR0138011771;REPUBBLICA GRECA 24/02/2039 STEP UP;24/02/2039;EUR;GOV_GR;Grecia;BBB;Baa3;;1;Senior;98,6;4,45;3,89;3,91;9,18;9,51;9,51;0,781;0,805;0,0282;02/10/2026;0,043;
GR0138012787;REPUBBLICA GRECA 24/02/2040 STEP UP;24/02/2040;EUR;GOV_GR;Grecia;BBB;Baa3;;1;Senior;97;4,6;4,03;4,06;9,68;10,06;10,06;0,925;0,95;0,0056;02/10/2026;0,043;
GR0138013793;REPUBBLICA GRECA 24/02/2041 STEP UP;24/02/2041;EUR;GOV_GR;Grecia;BBB;Baa3;;1;Senior;98;4,49;3,93;3,95;10,24;10,66;10,66;0,801;0,828;0,0334;02/10/2026;0,043;
GR0138014809;REPUBBLICA GRECA 24/02/2042 STEP UP 2% - 4,3%;24/02/2042;EUR;GOV_GR;Grecia;BBB;Baa3;;1;Senior;96,99;4,57;4,01;4,03;10,71;11,17;11,17;0,885;0,911;0,0051;02/10/2026;0,043;
GR0138015814;GRECIA 30/01/2042 4,2%;30/01/2042;EUR;GOV_GR;Grecia;BBB;Baa3;;1000;Senior;94,61;4,7;4,11;4,11;10,65;11,07;11,07;1,01;1,036;0,0053;02/10/2026;0,042;
GR0138017836;GRECIA 24/01/2052 1,875%;24/01/2052;EUR;GOV_GR;Grecia;BBB;Baa3;;1000;Senior;56,48;4,92;4,41;4,58;17,1;17,83;17,88;1,342;1,329;0,016;02/10/2026;0,01875;
GR0138018842;GRECIA 15/06/2054 4,125%;15/06/2054;EUR;GOV_GR;Grecia;BBB;Baa3;;1000;Senior;87,18;4,99;4,39;4,42;15,22;16,25;16,27;1,454;1,414;0,0102;02/10/2026;0,04125;
IE00080U68D3;IRLANDA 18/10/2055 3,15% ;18/10/2055;EUR;GOV_IE;Irlanda;AA+;Aa2;;1;Senior;86,61;3,93;3,46;3,5;17,33;18,37;18,39;0,422;0,381;0,0107;02/10/2026;0,0315;
IE000GVLBXU6;IRLANDA GREEN BOND 18/10/2043 3%;18/10/2043;EUR;GOV_IE;Irlanda;AA+;Aa2;;1000;Senior;89,99;3,81;3,35;3,4;12,47;12,93;12,93;0,132;0,147;0,0101;02/10/2026;0,03;
IE000LQ7YWY4;IRLANDA 18/10/2034 2,6%;18/10/2034;EUR;GOV_IE;Irlanda;AA+;Aa2;;1;Senior;94,24;3,43;3,01;3,09;6,9;7,03;7,02;-0,139;-0,133;0,0038;02/10/2026;0,026;
IE000O6GBYC9;IRLANDA 18/06/2036 3,1%;18/06/2036;EUR;GOV_IE;Irlanda;AA+;Aa2;;1;Senior;96,44;3,54;3,1;3,14;8,13;8,31;8,31;-0,074;-0,062;0,0065;02/10/2026;0,031;
IE00BDHDPR44;IRLANDA 15/05/2028 0,9%;15/05/2028;EUR;GOV_IE;Irlanda;AA+;Aa2;;1000;Senior;97,02;2,82;2,47;2,7;1,55;1,56;1,56;-0,566;-0,565;0,0059;02/10/2026;0,009;
IE00BFZRPZ02;IRLANDA 15/05/2033 1,3%;15/05/2033;EUR;GOV_IE;Irlanda;AA+;Aa2;;1000;Senior;88,19;3,32;2,92;3,14;6,12;6,17;6,16;-0,221;-0,219;0,0057;02/10/2026;0,013;
IE00BFZRQ242;IRLANDA GREEN BOND 18/03/2031 1,35%;18/03/2031;EUR;GOV_IE;Irlanda;AA+;Aa2;;1000;Senior;92,91;3,08;2,7;2,9;4,18;4,21;4,2;-0,422;-0,42;0,0061;02/10/2026;0,0135;
IE00BH3SQ895;IRLANDA 15/05/2029 1,1%;15/05/2029;EUR;GOV_IE;Irlanda;AA+;Aa2;;1000;Senior;95,42;2,95;2,59;2,81;2,5;2,51;2,51;-0,508;-0,506;0,0052;02/10/2026;0,011;
IE00BH3SQB22;IRLANDA 15/05/2050 1,5%;15/05/2050;EUR;GOV_IE;Irlanda;AA+;Aa2;;1000;Senior;63,43;3,9;3,48;3,65;18,03;18,57;18,58;0,289;0,285;0,0095;02/10/2026;0,015;
IE00BJ38CR43;IRLANDA 15/05/2030 2,4%;15/05/2030;EUR;GOV_IE;Irlanda;AA+;Aa2;;1000;Senior;97,7;3,08;2,7;2,77;3,36;3,39;3,39;-0,405;-0,402;0,0032;02/10/2026;0,024;
IE00BKFVC345;IRLANDA 15/05/2035 0,4% ;15/05/2035;EUR;GOV_IE;Irlanda;AA+;Aa2;;1000;Senior;77,29;3,5;3,11;3,44;8,15;8,2;8,18;-0,083;-0,082;0,007;02/10/2026;0,004;
IE00BKFVC568;IRLANDA 15/05/2027 0,2%;15/05/2027;EUR;GOV_IE;Irlanda;AA+;Aa2;;1000;Senior;98,8;2,22;1,94;2,19;0,59;0,59;0,59;-0,926;-0,926;0,0071;02/10/2026;0,002;
IE00BKFVC899;IRLANDA 18/10/2030 0,2% ;18/10/2030;EUR;GOV_IE;Irlanda;AA+;Aa2;;1000;Senior;89,22;3,08;2,71;3,05;3,89;3,91;3,9;-0,411;-0,41;0,0042;02/10/2026;0,002;
IE00BMD03L28;IRLANDA 18/10/2032 0,35% ;18/10/2032;EUR;GOV_IE;Irlanda;AA+;Aa2;;1000;Senior;84,04;3,31;2,92;3,26;5,76;5,79;5,77;-0,217;-0,217;0,0053;02/10/2026;0,0035;
IE00BMQ5JL65;IRLANDA 18/10/2031 0%;18/10/2031;EUR;GOV_IE;Irlanda;AA+;Aa2;;1000;Senior;85,45;3,17;2,8;3,17;4,88;4,9;4,88;-0,336;-0,336;0,0047;02/10/2026;0;
IE00BMQ5JM72;IRLANDA 22/04/2041 0,55% ;22/04/2041;EUR;GOV_IE;Irlanda;AA+;Aa2;;1000;Senior;64,33;3,78;3,39;3,69;13,29;13,42;13,39;0,095;0,1;0,0126;02/10/2026;0,0055;
IE00BV8C9186;IRLANDA 18/02/2045 2%;18/02/2045;EUR;GOV_IE;Irlanda;AA+;Aa2;;1000;Senior;75,71;3,87;3,44;3,57;14,24;14,65;14,65;0,2;0,21;0,0092;02/10/2026;0,02;
IE00BV8C9B83;IRLANDA 15/05/2037 1,7%;15/05/2037;EUR;GOV_IE;Irlanda;AA+;Aa2;;1000;Senior;83,53;3,59;3,18;3,36;9,29;9,43;9,42;-0,039;-0,031;0,0113;02/10/2026;0,017;
IT0000966017;INTESA SANPAOLO - COMIT 08/01/2027 ZC;08/01/2027;EUR;INTESASP;Intesa Sanpaolo;;;;1000;Senior;99,34;2,6;0,88;0,88;0,25;0,26;0,26;-0,021;-0,021;0,0014;02/10/2026;0;
IT0001086567;BTP 01/11/2026 7,25%(No CACs);01/11/2026;EUR;GOV_IT;Italia;BBB+;Baa2;;1000;Senior;100,334;2,45;1,57;1,57;0,07;0,07;0,07;-0,172;-0,172;0,0002;02/10/2026;0,0725;
IT0001174611;BTP 01/11/2027 6,5%(No CACs);01/11/2027;EUR;GOV_IT;Italia;BBB+;Baa2;;1000;Senior;103,38;3,28;2,48;2,48;0,99;1,01;1,01;-0,015;-0,01;0,0003;02/10/2026;0,065;
IT0001200390;INTESA SANPAOLO - COMIT 17/02/2028 ZC;17/02/2028;EUR;INTESASP;Intesa Sanpaolo;;;;1000;Senior;95,36;3,54;2,61;2,61;1,32;1,33;1,33;0,185;0,185;0,0018;02/10/2026;0;
IT0001203253;MEDIO CREDITO CENTRALE 10/02/2028 ZC;10/02/2028;EUR;MEDIOCREDCEN;Banca del Mezzogiorno - MedioCredito Centrale;;;;1000;Senior;95,07;3,82;2,91;2,91;1,3;1,31;1,31;0,474;0,474;0,0019;02/10/2026;0;
IT0001205589;INTESA SANPAOLO 18/02/2028 ZC;18/02/2028;EUR;INTESASP;Intesa Sanpaolo;;;;1000;Senior;95,3;3,58;2,6;2,6;1,32;1,34;1,34;0,225;0,225;0,0026;02/10/2026;0;
IT0001278511;BTP 01/11/2029 5,25%(No CACs);01/11/2029;EUR;GOV_IT;Italia;BBB+;Baa2;;1000;Senior;104,33;3,78;3,13;3,13;2,72;2,76;2,76;0,303;0,309;0,0008;02/10/2026;0,0525;
IT0001302733;MPS 01/02/2029 ZC;01/02/2029;EUR;MPS;Monte dei Paschi di Siena;;;;1000;Senior;200,69;4,03;3,45;3,45;2,24;2,25;2,25;0,587;0,587;0,0057;02/10/2026;0;
IT0001308508;MPS 15/02/2029 ZC(calcolato con emissione il 15/02/2009 a 100);15/02/2029;EUR;MPS;Monte dei Paschi di Siena;;;;1000;Senior;194,05;4,44;3,79;3,93;2,26;2,28;2,27;0,988;0,988;0,0025;02/10/2026;0;
IT0001444378;BTP 01/05/2031 6%(No CACs);01/05/2031;EUR;GOV_IT;Italia;BBB+;Baa2;;1000;Senior;108,39;4,02;3,29;3,29;3,84;3,93;3,93;0,513;0,52;0,0006;02/10/2026;0,06;
IT0003256820;BTP 01/02/2033 5,75%(No CACs);01/02/2033;EUR;GOV_IT;Italia;BBB+;Baa2;;1000;Senior;108,4;4,26;3,57;3,57;5,16;5,3;5,3;0,728;0,737;0,0006;02/10/2026;0,0575;
IT0003535157;BTP 01/08/2034 5%(No CACs);01/08/2034;EUR;GOV_IT;Italia;BBB+;Baa2;;1000;Senior;104,09;4,42;3,8;3,8;6,27;6,44;6,44;0,857;0,869;0,0005;02/10/2026;0,05;
IT0003745541;BTPi 15/09/2035 2,35%(senza indicizzazione);15/09/2035;EUR;GOV_IT;Italia;BBB+;Baa2;;1000;Senior;101,24;2,21;1,91;1,91;7,94;8,06;8,06;-1,384;-1,377;0,0021;02/10/2026;0,0235;
IT0003934657;BTP 01/02/2037 4%(No CACs);01/02/2037;EUR;GOV_IT;Italia;BBB+;Baa2;;1000;Senior;95,34;4,62;4,05;4,1;8,07;8,31;8,31;0,994;1,011;0,0006;02/10/2026;0,04;
IT0004286966;BTP 01/08/2039 5%(No CACs);01/08/2039;EUR;GOV_IT;Italia;BBB+;Baa2;;1000;Senior;102,35;4,81;4,18;4,18;9,14;9,51;9,51;1,137;1,165;0,0006;02/10/2026;0,05;
IT0004532559;BTP 01/09/2040 5%(No CACs);01/09/2040;EUR;GOV_IT;Italia;BBB+;Baa2;;1000;Senior;102,01;4,86;4,23;4,23;9,71;10,13;10,13;1,173;1,203;0,0005;02/10/2026;0,05;
IT0004545890;BTPi 15/09/2041 2,55%(senza indicizzazione);15/09/2041;EUR;GOV_IT;Italia;BBB+;Baa2;;1000;Senior;98,95;2,65;2,32;2,33;12,16;12,47;12,47;-1,037;-1,021;0,0027;02/10/2026;0,0255;
IT0004889033;BTP 01/09/2028 4,75%;01/09/2028;EUR;GOV_IT;Italia;BBB+;Baa2;;1000;Senior;102,23;3,55;2,96;2,96;1,77;1,79;1,79;0,138;0,143;0,0002;02/10/2026;0,0475;
IT0004923998;BTP 01/09/2044 4,75%;01/09/2044;EUR;GOV_IT;Italia;BBB+;Baa2;;1000;Senior;97,66;5,01;4,39;4,39;11,54;12,14;12,14;1,335;1,356;0,0002;02/10/2026;0,0475;
IT0005024234;BTP 01/03/2030 3,5%;01/03/2030;EUR;GOV_IT;Italia;BBB+;Baa2;;1000;Senior;99,08;3,83;3,35;3,38;3,1;3,14;3,14;0,346;0,351;0,0002;02/10/2026;0,035;
IT0005083057;BTP 01/09/2046 3,25%;01/09/2046;EUR;GOV_IT;Italia;BBB+;Baa2;;1000;Senior;78;5,07;4,48;4,58;13,28;13,9;13,92;1,408;1,42;0,0006;02/10/2026;0,0325;
IT0005094088;BTP 01/03/2032 1,65%;01/03/2032;EUR;GOV_IT;Italia;BBB+;Baa2;;1000;Senior;88,36;4,11;3,62;3,89;4,96;5,01;5;0,597;0,599;0,0006;02/10/2026;0,0165;
IT0005138828;BTPi 15/09/2032 1,25%(senza indicizzazione);15/09/2032;EUR;GOV_IT;Italia;BBB+;Baa2;;1000;Senior;97,07;1,78;1,56;1,62;5,64;5,67;5,67;-1,747;-1,745;0,001;02/10/2026;0,0125;
IT0005162828;BTP 01/03/2047 2,7%;01/03/2047;EUR;GOV_IT;Italia;BBB+;Baa2;;1000;Senior;70,71;5,07;4,5;4,64;14;14,6;14,62;1,412;1,422;0,0007;02/10/2026;0,027;
IT0005177909;BTP 01/09/2036 2,25%;01/09/2036;EUR;GOV_IT;Italia;BBB+;Baa2;;1000;Senior;81,72;4,62;4,08;4,29;8,39;8,55;8,54;0,998;1,008;0,0004;02/10/2026;0,0225;
IT0005210650;BTP 01/12/2026 1,25%;01/12/2026;EUR;GOV_IT;Italia;BBB+;Baa2;;1000;Senior;99,809;2,51;2,2;2,35;0,15;0,15;0,15;-0,105;-0,105;0,0002;02/10/2026;0,0125;
IT0005217390;BTP 01/03/2067 2,8%;01/03/2067;EUR;GOV_IT;Italia;BBB+;Baa2;;1000;Senior;63,25;4,96;4,39;4,45;19,08;20,66;20,76;1,654;1,52;0,0008;02/10/2026;0,028;
IT0005240350;BTP 01/09/2033 2,45%;01/09/2033;EUR;GOV_IT;Italia;BBB+;Baa2;;1000;Senior;89,3;4,3;3,78;3,96;6,08;6,17;6,16;0,752;0,757;0,0007;02/10/2026;0,0245;
IT0005240830;BTP 01/06/2027 2,2%;01/06/2027;EUR;GOV_IT;Italia;BBB+;Baa2;;1000;Senior;99,513;2,98;2,61;2,69;0,63;0,63;0,63;-0,186;-0,184;0,0002;02/10/2026;0,022;
IT0005246134;BTPi 15/05/2028 1,30%(senza indicizzazione);15/05/2028;EUR;GOV_IT;Italia;BBB+;Baa2;;1000;Senior;100,41;1,05;0,88;0,88;1,57;1,58;1,58;-2,339;-2,337;0,0015;02/10/2026;0,013;
IT0005273013;BTP 01/03/2048 3,45%;01/03/2048;EUR;GOV_IT;Italia;BBB+;Baa2;;1000;Senior;79,45;5,09;4,5;4,58;13,69;14,39;14,41;1,445;1,452;0,0006;02/10/2026;0,0345;
IT0005274805;BTP 01/08/2027 2,05%;01/08/2027;EUR;GOV_IT;Italia;BBB+;Baa2;;1000;Senior;99,18;3,1;2,71;2,83;0,79;0,79;0,79;-0,139;-0,137;0,0003;02/10/2026;0,0205;
IT0005321325;BTP 01/09/2038 2,95%;01/09/2038;EUR;GOV_IT;Italia;BBB+;Baa2;;1000;Senior;84,1;4,77;4,2;4,35;9,44;9,7;9,69;1,106;1,123;0,0005;02/10/2026;0,0295;
IT0005323032;BTP 01/02/2028 2%;01/02/2028;EUR;GOV_IT;Italia;BBB+;Baa2;;1000;Senior;98,3;3,35;2,93;3,09;1,27;1,27;1,27;0,001;0,003;0,0002;02/10/2026;0,02;
IT0005340929;BTP 01/12/2028 2,8%;01/12/2028;EUR;GOV_IT;Italia;BBB+;Baa2;;1000;Senior;98,46;3,58;3,13;3,22;2,01;2,03;2,03;0,143;0,146;0,0001;02/10/2026;0,028;
IT0005358806;BTP 01/03/2035 3,35%;01/03/2035;EUR;GOV_IT;Italia;BBB+;Baa2;;1000;Senior;92,46;4,49;3,94;4,04;7;7,16;7,15;0,904;0,914;0,0003;02/10/2026;0,0335;
IT0005363111;BTP 01/09/2049 3,85%;01/09/2049;EUR;GOV_IT;Italia;BBB+;Baa2;;1000;Senior;83,91;5,11;4,49;4,55;13,88;14,68;14,7;1,483;1,481;0,0007;02/10/2026;0,0385;
IT0005365165;BTP 01/08/2029 3%;01/08/2029;EUR;GOV_IT;Italia;BBB+;Baa2;;1000;Senior;98,15;3,73;3,26;3,35;2,61;2,64;2,63;0,264;0,268;0,0001;02/10/2026;0,03;
IT0005377152;BTP 01/03/2040 3,1%;01/03/2040;EUR;GOV_IT;Italia;BBB+;Baa2;;1000;Senior;83,39;4,85;4,28;4,41;10,26;10,58;10,58;1,173;1,193;0,0008;02/10/2026;0,031;
IT0005383309;BTP 01/04/2030 1,35%;01/04/2030;EUR;GOV_IT;Italia;BBB+;Baa2;;1000;Senior;92,07;3,84;3,37;3,66;3,29;3,31;3,3;0,353;0,355;0,0002;02/10/2026;0,0135;
IT0005387052;BTPi 15/05/2030 0,4%(senza indicizzazione);15/05/2030;EUR;GOV_IT;Italia;BBB+;Baa2;;1000;Senior;96,18;1,5;1,31;1,44;3,52;3,53;3,53;-1,987;-1,987;0,0017;02/10/2026;0,004;
IT0005388175;BTP Italia 28/10/2027 0,65%(senza indicizzazione);28/10/2027;EUR;GOV_IT;Italia;BBB+;Baa2;;1000;Senior;101,12;-0,4;-0,48;-0,48;1,06;1,06;1,06;-3,699;-3,699;0,0005;02/10/2026;0,0065;
IT0005390874;BTP 15/01/2027 0,85%;15/01/2027;EUR;GOV_IT;Italia;BBB+;Baa2;;1000;Senior;99,519;2,61;2,29;2,5;0,27;0,27;0,27;-0,038;-0,038;0,0001;02/10/2026;0,0085;
IT0005398406;BTP 01/09/2050 2,45%;01/09/2050;EUR;GOV_IT;Italia;BBB+;Baa2;;1000;Senior;64,08;5,12;4,56;4,7;15,65;16,39;16,43;1,517;1,51;0,0006;02/10/2026;0,0245;
IT0005399586;CASSA DEPOSITI E PRESTITI 11/02/2030 1%;11/02/2030;EUR;CDP;Cassa depositi e prestiti;;;;100000;Senior;91,26;3,83;3,37;3,69;3,17;3,19;3,18;0,345;0,347;0,0087;02/10/2026;0,01;
IT0005402117;BTP 01/03/2036 1,45%;01/03/2036;EUR;GOV_IT;Italia;BBB+;Baa2;;1000;Senior;76,55;4,59;4,07;4,38;8,32;8,43;8,42;0,988;0,994;0,0008;02/10/2026;0,0145;
IT0005403396;BTP 01/08/2030 0,95%;01/08/2030;EUR;GOV_IT;Italia;BBB+;Baa2;;1000;Senior;89,71;3,91;3,44;3,78;3,61;3,63;3,62;0,421;0,422;0,0003;02/10/2026;0,0095;
IT0005413171;BTP 01/12/2030 1,65%;01/12/2030;EUR;GOV_IT;Italia;BBB+;Baa2;;1000;Senior;91,34;3,97;3,48;3,75;3,85;3,88;3,87;0,471;0,473;0,0003;02/10/2026;0,0165;
IT0005415291;BTP FUTURA 14/07/2030 STEP UP 1,15% - 1,45%;14/07/2030;EUR;GOV_IT;Italia;BBB+;Baa2;;1000;Senior;90,96;4,07;3,57;3,88;3,53;3,55;3,54;0,576;0,578;0,0011;02/10/2026;0,013;
IT0005416570;BTP 15/09/2027 0,95%;15/09/2027;EUR;GOV_IT;Italia;BBB+;Baa2;;1000;Senior;98,005;3,14;2,74;3,02;0,91;0,92;0,91;-0,132;-0,132;0,0002;02/10/2026;0,0095;
IT0005421703;BTP 01/03/2041 1,8%;01/03/2041;EUR;GOV_IT;Italia;BBB+;Baa2;;1000;Senior;68,61;4,91;4,38;4,63;11,7;11,97;11,96;1,226;1,24;0,0007;02/10/2026;0,018;
IT0005422891;BTP 01/04/2031 0,90%;01/04/2031;EUR;GOV_IT;Italia;BBB+;Baa2;;1000;Senior;87,51;4,01;3,53;3,88;4,23;4,26;4,24;0,505;0,506;0,0002;02/10/2026;0,009;
IT0005425233;BTP 01/09/2051 1,7%;01/09/2051;EUR;GOV_IT;Italia;BBB+;Baa2;;1000;Senior;53,31;5,06;4,54;4,74;17,34;18,02;18,06;1,477;1,467;0,0008;02/10/2026;0,017;
IT0005425761;BTP FUTURA 17/11/2028 STEP UP 0,35% - 1%;17/11/2028;EUR;GOV_IT;Italia;BBB+;Baa2;;1000;Senior;94,59;3,69;3,23;3,56;2,02;2,03;2,02;0,258;0,259;0,0008;02/10/2026;0,006;
IT0005433195;BTP 01/03/2037 0,95%;01/03/2037;EUR;GOV_IT;Italia;BBB+;Baa2;;1000;Senior;69,97;4,67;4,16;4,52;9,35;9,47;9,44;1,043;1,048;0,0006;02/10/2026;0,0095;
IT0005433690;BTP 15/03/2028 0,25%;15/03/2028;EUR;GOV_IT;Italia;BBB+;Baa2;;1000;Senior;95,7;3,36;2,94;3,32;1,39;1,4;1,39;-0,004;-0,003;0,0003;02/10/2026;0,0025;
IT0005433849;MEDIOBANCA 26/02/2028 1,15% USD;26/02/2028;USD;MEDIOBANCA;Mediobanca;;;;2000;Senior;95,89;4,25;3,15;3,94;1,32;1,34;1,33;0,894;0,896;0,0075;02/10/2026;0,0115;
IT0005436693;BTP 01/08/2031 0,6%;01/08/2031;EUR;GOV_IT;Italia;BBB+;Baa2;;1000;Senior;85,19;4,05;3,57;3,97;4,56;4,59;4,57;0,544;0,544;0,0002;02/10/2026;0,006;
IT0005436701;BTPi 15/05/2051 0,15%(senza indicizzazione);15/05/2051;EUR;GOV_IT;Italia;BBB+;Baa2;;1000;Senior;53,34;2,8;2,53;2,77;23,26;23,39;23,35;-0,787;-0,788;0,0074;02/10/2026;0,0015;
IT0005436875;MEDIOBANCA 01/04/2028 STEP UP 1,40% - 2,40% USD;01/04/2028;USD;MEDIOBANCA;Mediobanca;;;;20000;Senior;95,52;5,54;4,11;4,91;1,39;1,41;1,4;2,169;2,171;0,0048;02/10/2026;0,022;
IT0005438004;BTP Green 30/04/2045 1,5%;30/04/2045;EUR;GOV_IT;Italia;BBB+;Baa2;;1000;Senior;58,16;5,04;4,52;4,77;14,43;14,83;14,83;1,371;1,379;0,0005;02/10/2026;0,015;
IT0005441883;BTP 01/03/2072 2,15%;01/03/2072;EUR;GOV_IT;Italia;BBB+;Baa2;;1000;Senior;52,25;4,76;4,24;4,32;21,32;23,1;23,24;1,554;1,394;0,001;02/10/2026;0,0215;
IT0005442097;BTP FUTURA 27/04/2037 STEP UP 0,75% - 2%;27/04/2037;EUR;GOV_IT;Italia;BBB+;Baa2;;1000;Senior;73,85;4,88;4,34;4,63;9,15;9,3;9,28;1,247;1,255;0,0014;02/10/2026;0,012;
IT0005445306;BTP 15/07/2028 0,50%;15/07/2028;EUR;GOV_IT;Italia;BBB+;Baa2;;1000;Senior;94,99;3,46;3,04;3,38;1,71;1,71;1,71;0,06;0,061;0,0002;02/10/2026;0,005;
IT0005449969;BTP 01/12/2031 0,95%;01/12/2031;EUR;GOV_IT;Italia;BBB+;Baa2;;1000;Senior;85,72;4,09;3,6;3,96;4,81;4,85;4,84;0,576;0,578;0,0002;02/10/2026;0,0095;
IT0005450934;MEDIOBANCA 30/07/2031 STEP UP 1,35% - 3,30% USD;30/07/2031;USD;MEDIOBANCA;Mediobanca;;;;2000;Senior;91,59;4,9;3,66;4,11;4,33;4,45;4,43;1,391;1,395;0,0563;02/10/2026;0,025;
IT0005466013;BTP 01/06/2032 0,95%;01/06/2032;EUR;GOV_IT;Italia;BBB+;Baa2;;1000;Senior;84,25;4,14;3,65;4;5,26;5,31;5,29;0,619;0,621;0,0004;02/10/2026;0,0095;
IT0005466351;BTP FUTURA 16/11/2033 STEP UP 0,75% - 1,7%;16/11/2033;EUR;GOV_IT;Italia;BBB+;Baa2;;1000;Senior;82,33;4,51;3,98;4,29;6,41;6,49;6,47;0,957;0,96;0,0013;02/10/2026;0,0135;
IT0005467482;BTP 15/02/2029 0,45%;15/02/2029;EUR;GOV_IT;Italia;BBB+;Baa2;;1000;Senior;92,9;3,65;3,2;3,57;2,27;2,28;2,27;0,198;0,198;0,0002;02/10/2026;0,0045;
IT0005467722;MEDIOBANCA 23/12/2029 2,05% USD;23/12/2029;USD;MEDIOBANCA;Mediobanca;;;;2000;Senior;92,5;4,61;3,44;4,05;2,95;3,02;3;1,132;1,135;0,0417;02/10/2026;0,0205;
IT0005480980;BTP 01/09/2052 2,15%;01/09/2052;EUR;GOV_IT;Italia;BBB+;Baa2;;1000;Senior;58,33;5,12;4,57;4,73;16,82;17,63;17,68;1,551;1,533;0,0009;02/10/2026;0,0215;
IT0005482994;BTPi 15/05/2033 0,1%(senza indicizzazione);15/05/2033;EUR;GOV_IT;Italia;BBB+;Baa2;;1000;Senior;88,07;2,05;1,81;2,04;6,45;6,47;6,45;-1,49;-1,49;0,0023;02/10/2026;0,001;
IT0005484552;BTP 01/04/2027 1,10%;01/04/2027;EUR;GOV_IT;Italia;BBB+;Baa2;;1000;Senior;99,137;2,93;2,56;2,79;0,47;0,47;0,47;-0,132;-0,132;0,0002;02/10/2026;0,011;
IT0005487134;MEDIOBANCA 13/04/2028 STEP UP 2% - 3,05% USD;13/04/2028;USD;MEDIOBANCA;Mediobanca;;;;2000;Senior;97,21;4,88;3,62;4,1;1,42;1,45;1,44;1,504;1,506;0,0122;02/10/2026;0,0275;
IT0005490955;MEDIOBANCA 29/04/2027 3% USD;29/04/2027;USD;MEDIOBANCA;Mediobanca;;;;2000;Senior;98,95;4,92;3,64;4,14;0,54;0,54;0,54;1,804;1,804;0,0024;02/10/2026;0,03;
IT0005493652;MEDIOBANCA 25/05/2028 2,1% EUR;25/05/2028;EUR;MEDIOBANCA;Mediobanca;;;;1000;Senior;97,3;3,83;2,84;3,27;1,55;1,57;1,57;0,438;0,44;0,0012;02/10/2026;0,021;
IT0005494239;BTP 01/12/2032 2,5%;01/12/2032;EUR;GOV_IT;Italia;BBB+;Baa2;;1000;Senior;90,99;4,22;3,71;3,86;5,43;5,52;5,51;0,686;0,69;0,0003;02/10/2026;0,025;
IT0005495202;INTESA SANPAOLO 10/06/2027 2,64%;10/06/2027;EUR;INTESASP;Intesa Sanpaolo;;;;100000;Senior;99,6;3,23;2,39;2,55;0,66;0,66;0,66;0,054;0,054;0,0014;02/10/2026;0,0264;
IT0005495731;BTP 15/06/2029 2,8%;15/06/2029;EUR;GOV_IT;Italia;BBB+;Baa2;;1000;Senior;97,71;3,74;3,27;3,37;2,49;2,52;2,51;0,273;0,277;0,0002;02/10/2026;0,028;
IT0005496770;BTP 01/03/2038 3,25%;01/03/2038;EUR;GOV_IT;Italia;BBB+;Baa2;;1000;Senior;87,37;4,75;4,18;4,3;9;9,25;9,25;1,099;1,116;0,0005;02/10/2026;0,0325;
IT0005497000;BTP Italia 28/06/2030 1,6%(senza indicizzazione);28/06/2030;EUR;GOV_IT;Italia;BBB+;Baa2;;1000;Senior;100,69;1,41;1,21;1,21;3,57;3,59;3,59;-2,073;-2,071;0,0009;02/10/2026;0,016;
IT0005500068;BTP 01/12/2027 2,65%;01/12/2027;EUR;GOV_IT;Italia;BBB+;Baa2;;1000;Senior;99,33;3,27;2,86;2,92;1,1;1,1;1,1;-0,045;-0,043;0,0006;02/10/2026;0,0265;
IT0005503393;KME GROUP 23/09/2027 5% CALLABLE;23/09/2027;EUR;KMEGROUP;KME Group S.p.A.;;;;1;Senior;100,041;4,95;3,65;3,65;0,92;0,93;0,93;1,675;1,675;0,0019;02/10/2026;0,05;
IT0005507832;MEDIOBANCA 28/09/2027 2,9%;28/09/2027;EUR;MEDIOBANCA;Mediobanca;;;;1000;Senior;99,58;3,34;2,47;2,59;0,95;0,95;0,95;0,063;0,063;0,0018;02/10/2026;0,029;
IT0005508590;BTP GREEN 30/04/2035 4%;30/04/2035;EUR;GOV_IT;Italia;BBB+;Baa2;;1000;Senior;96,85;4,5;3,94;3,97;6,87;7,06;7,06;0,911;0,922;0,0003;02/10/2026;0,04;
IT0005517195;BTP Italia 22/11/2028 1,6%(senza indicizzazione);22/11/2028;EUR;GOV_IT;Italia;BBB+;Baa2;;1000;Senior;101,29;0,99;0,79;0,79;2,07;2,08;2,08;-2,443;-2,441;0,0006;02/10/2026;0,016;
IT0005518128;BTP 01/05/2033 4,4%;01/05/2033;EUR;GOV_IT;Italia;BBB+;Baa2;;1000;Senior;100,89;4,29;3,73;3,73;5,44;5,57;5,57;0,749;0,757;0,0004;02/10/2026;0,044;
IT0005519332;INTESA SANPAOLO 22/12/2026 4,08%;22/12/2026;EUR;INTESASP;Intesa Sanpaolo;;;;100000;Senior;100,23;2,92;1,89;1,89;0,2;0,21;0,21;0,306;0,306;0,0003;02/10/2026;0,0408;
IT0005519787;BTP 15/12/2029 3,85%;15/12/2029;EUR;GOV_IT;Italia;BBB+;Baa2;;1000;Senior;100,13;3,84;3,35;3,35;2,89;2,92;2,92;0,362;0,367;0,0003;02/10/2026;0,0385;
IT0005520470;MEDIOBANCA 21/12/2027 3,4%;21/12/2027;EUR;MEDIOBANCA;Mediobanca;;;;1000;Senior;99,71;3,64;2,7;2,76;1,13;1,15;1,15;0,316;0,321;0,0013;02/10/2026;0,034;
IT0005521981;BTP 01/04/2028 3,4%;01/04/2028;EUR;GOV_IT;Italia;BBB+;Baa2;;1000;Senior;99,97;3,45;3;3;1,41;1,42;1,42;0,078;0,081;0,0007;02/10/2026;0,034;
IT0005530032;BTP 01/09/2043 4,45%;01/09/2043;EUR;GOV_IT;Italia;BBB+;Baa2;;1000;Senior;94,27;5,02;4,39;4,42;11,27;11,81;11,81;1,336;1,359;0,0006;02/10/2026;0,0445;
IT0005532723;BTP Italia 14/03/2028 2%(senza indicizzazione);14/03/2028;EUR;GOV_IT;Italia;BBB+;Baa2;;1000;Senior;102;0,6;0,36;0,36;1,41;1,42;1,42;-2,758;-2,757;0,0006;02/10/2026;0,02;
IT0005534141;BTP 01/10/2053 4,5%;01/10/2053;EUR;GOV_IT;Italia;BBB+;Baa2;;1000;Senior;91,03;5,18;4,54;4,57;14,56;15,59;15,6;1,637;1,6;0,0004;02/10/2026;0,045;
IT0005536435;MEDIOBANCA 13/04/2028 4,15%;13/04/2028;EUR;MEDIOBANCA;Mediobanca;;;;1000;Senior;101,25;3,28;2,22;2,22;1,43;1,46;1,46;-0,098;-0,094;0,0113;02/10/2026;0,0415;
IT0005542359;BTP GREEN BOND 30/10/2031 4%;30/10/2031;EUR;GOV_IT;Italia;BBB+;Baa2;;1000;Senior;99,82;4,08;3,57;3,57;4,38;4,46;4,46;0,569;0,574;0,0002;02/10/2026;0,04;
IT0005542797;BTP 15/06/2030 3,7%;15/06/2030;EUR;GOV_IT;Italia;BBB+;Baa2;;1000;Senior;99,33;3,93;3,44;3,44;3,31;3,36;3,36;0,445;0,45;0,0002;02/10/2026;0,037;
IT0005543803;BTPi 15/05/2029 1,5%(senza indicizzazione);15/05/2029;EUR;GOV_IT;Italia;BBB+;Baa2;;1000;Senior;100,38;1,36;1,15;1,15;2,52;2,53;2,53;-2,099;-2,098;0,0014;02/10/2026;0,015;
IT0005544082;BTP 01/11/2033 4,35%;01/11/2033;EUR;GOV_IT;Italia;BBB+;Baa2;;1000;Senior;100,15;4,37;3,82;3,82;5,8;5,94;5,94;0,82;0,828;0,0002;02/10/2026;0,0435;
IT0005545287;UNICREDIT 31/05/2028 3,7%;31/05/2028;EUR;UNICREDIT;UniCredit S.p.A;;;;1000;Senior;100,1;3,62;2,67;2,67;1,56;1,58;1,58;0,232;0,235;0,0016;02/10/2026;0,037;
IT0005547408;BTP VALORE 1 13/06/2027 STEP UP 3,25% - 4%;13/06/2027;EUR;GOV_IT;Italia;BBB+;Baa2;;1000;Senior;100,542;3,22;2,71;2,71;0,65;0,66;0,66;0,035;0,038;0,0004;02/10/2026;0,04;
IT0005547812;BTPi 15/05/2039 2,4%(senza indicizzazione);15/05/2039;EUR;GOV_IT;Italia;BBB+;Baa2;;1000;Senior;96,51;2,75;2,41;2,44;10,52;10,75;10,75;-0,92;-0,906;0,0008;02/10/2026;0,024;
IT0005548315;BTP 01/08/2028 3,8%;01/08/2028;EUR;GOV_IT;Italia;BBB+;Baa2;;1000;Senior;100,48;3,55;3,07;3,07;1,7;1,72;1,72;0,146;0,15;0,0002;02/10/2026;0,038;
IT0005552143;UNICREDITO 24/07/2027 4,05%;24/07/2027;EUR;UNICREDIT;UniCredit S.p.A;;;;150000;Senior;100,49;3,4;2,36;2,36;0,77;0,78;0,78;0,174;0,174;0,0028;02/10/2026;0,0405;
IT0005560948;BTP 01/03/2034 4,2%;01/03/2034;EUR;GOV_IT;Italia;BBB+;Baa2;;1000;Senior;99;4,41;3,85;3,87;6,13;6,28;6,28;0,85;0,859;0,0004;02/10/2026;0,042;
IT0005561367;BANCA IFIS 13/09/2028 6,875%;13/09/2028;EUR;BANCAIFIS;Banca IFIS S.p.A.;;;;100000;Senior;101,86;5,82;4,06;4,06;1,77;1,82;1,82;2,401;2,406;0,016;02/10/2026;0,06875;
IT0005561888;BTP 15/11/2030 4%;15/11/2030;EUR;GOV_IT;Italia;BBB+;Baa2;;1000;Senior;100,16;3,99;3,47;3,47;3,63;3,68;3,68;0,499;0,504;0,0004;02/10/2026;0,04;
IT0005565400;BTP VALORE 2 10/10/2028 STEP UP 4,10%-4,50%;10/10/2028;EUR;GOV_IT;Italia;BBB+;Baa2;;1000;Senior;101,68;3,68;3,11;3,11;1,85;1,87;1,87;0,251;0,256;0,0025;02/10/2026;0,041;
IT0005566408;BTP 01/02/2029 4,1%;01/02/2029;EUR;GOV_IT;Italia;BBB+;Baa2;;1000;Senior;100,98;3,68;3,14;3,14;2,15;2,17;2,17;0,237;0,243;0,0002;02/10/2026;0,041;
IT0005580045;BTP 15/02/2027 2,95%;15/02/2027;EUR;GOV_IT;Italia;BBB+;Baa2;;1000;Senior;100,028;2,86;2,49;2,49;0,35;0,35;0,35;0,038;0,038;0,0002;02/10/2026;0,0295;
IT0005580094;BTP 15/02/2031 3,5%;15/02/2031;EUR;GOV_IT;Italia;BBB+;Baa2;;1000;Senior;98,07;4,02;3,52;3,57;3,9;3,96;3,95;0,523;0,527;0,0003;02/10/2026;0,035;
IT0005582421;BTP 01/10/2039 4,15%;01/10/2039;EUR;GOV_IT;Italia;BBB+;Baa2;;1000;Senior;93,89;4,84;4,25;4,29;9,59;9,94;9,94;1,171;1,195;0,0004;02/10/2026;0,0415;
IT0005583486;BTP VALORE 3 05/03/2030 STEP UP 3,25% - 4%;05/03/2030;EUR;GOV_IT;Italia;BBB+;Baa2;;1000;Senior;99,84;4,02;3,51;3,51;3,08;3,12;3,12;0,534;0,538;0,0007;02/10/2026;0,0325;
IT0005584849;BTP 01/07/2029 3,35%;01/07/2029;EUR;GOV_IT;Italia;BBB+;Baa2;;1000;Senior;99,03;3,76;3,29;3,33;2,52;2,54;2,54;0,298;0,302;0,0002;02/10/2026;0,0335;
IT0005584856;BTP 01/07/2034 3,85%;01/07/2034;EUR;GOV_IT;Italia;BBB+;Baa2;;1000;Senior;96,47;4,44;3,89;3,94;6,39;6,54;6,54;0,876;0,885;0,0005;02/10/2026;0,0385;
IT0005584864;INTESA SANPAOLO 28/03/2029 3,4%;28/03/2029;EUR;INTESASP;Intesa Sanpaolo;;;;100000;Senior;101,69;2,68;1,81;1,81;2,32;2,36;2,36;-0,772;-0,768;0,03;02/10/2026;0,034;
IT0005585341;UNICREDIT 10/04/2028 3%;10/04/2028;EUR;UNICREDIT;UniCredit S.p.A;;;;10000;Senior;99,2;3,54;2,62;2,76;1,43;1,45;1,45;0,166;0,169;0,0024;02/10/2026;0,03;
IT0005585853;UNICREDIT 11/03/2037 4,6% CUMULATIVE CALLABLE;11/03/2037;EUR;UNICREDIT;UniCredit S.p.A;;;;10000;Senior;95;3,94;3,12;3,21;10,04;10,12;10,11;0,309;0,309;0,0841;02/10/2026;0,046;
IT0005588881;BTPi 15/05/2036 1,8%(senza indicizzazione);15/05/2036;EUR;GOV_IT;Italia;BBB+;Baa2;;1000;Senior;94,42;2,47;2,17;2,23;8,56;8,68;8,68;-1,138;-1,131;0,0033;02/10/2026;0,018;
IT0005594483;BTP VALORE 4 14/05/2030 STEP UP 3,35% - 3,90%;14/05/2030;EUR;GOV_IT;Italia;BBB+;Baa2;;1000;Senior;99,5;4,01;3,51;3,52;3,24;3,28;3,28;0,526;0,531;0,0007;02/10/2026;0,0335;
IT0005595373;ALPERIA GREEN BOND 05/06/2029 4,75% CALLABLE;05/06/2029;EUR;ALPERIA;Alperia S.p.A.;;;;1000;Senior;101,3;4,27;3,03;3,03;2,39;2,46;2,46;0,811;0,817;0,0028;02/10/2026;0,0475;
IT0005595803;BTP 15/07/2031 3,45%;15/07/2031;EUR;GOV_IT;Italia;BBB+;Baa2;;1000;Senior;97,49;4,07;3,57;3,62;4,23;4,29;4,29;0,568;0,573;0,0004;02/10/2026;0,0345;
IT0005596470;BTP 30/10/2037 4,05% GREEN BOND;30/10/2037;EUR;GOV_IT;Italia;BBB+;Baa2;;1000;Senior;94,85;4,7;4,12;4,17;8,4;8,68;8,68;1,061;1,081;0,0004;02/10/2026;0,0405;
IT0005596645;UNICREDIT 22/05/2034 5,35% USD;22/05/2034;USD;UNICREDIT;UniCredit S.p.A;;;;2000;Senior;99,4;5,45;4,03;4,05;6,01;6,37;6,37;1,881;1,893;0,0537;02/10/2026;0,0535;
IT0005597874;KME GROUP 02/08/2029 5,75% CALLABLE;02/08/2029;EUR;KMEGROUP;KME Group S.p.A.;;;;1;Senior;100,64;5,49;4,01;4,01;2,52;2,6;2,6;2,021;2,027;0,0019;02/10/2026;0,0575;
IT0005599904;BTP 15/07/2027 3,45% ;15/07/2027;EUR;GOV_IT;Italia;BBB+;Baa2;;1000;Senior;100,26;3,13;2,7;2,7;0,74;0,75;0,75;-0,085;-0,081;0,0002;02/10/2026;0,0345;
IT0005603284;CASSA DEPOSITI E PRESTITI 12/07/2031 3,875%;12/07/2031;EUR;CDP;Cassa depositi e prestiti;;;;100000;Senior;100;3,87;2,84;2,84;4,24;4,37;4,37;0,366;0,371;0,0225;02/10/2026;0,03875;
IT0005606782;MEDIOBANCA 11/09/2029 4,5% USD;11/09/2029;USD;MEDIOBANCA;Mediobanca;;;;2000;Senior;96,44;5,85;4,34;4,66;2,65;2,72;2,71;2,381;2,385;0,0033;02/10/2026;0,045;
IT0005607970;BTP 01/02/2035 3,85% ;01/02/2035;EUR;GOV_IT;Italia;BBB+;Baa2;;1000;Senior;95,79;4,51;3,95;4,01;6,81;6,98;6,98;0,93;0,94;0,0002;02/10/2026;0,0385;
IT0005611055;BTP 01/10/2029 3% ;01/10/2029;EUR;GOV_IT;Italia;BBB+;Baa2;;1000;Senior;97,84;3,81;3,33;3,41;2,77;2,8;2,79;0,334;0,338;0,0003;02/10/2026;0,03;
IT0005611741;BTP 01/10/2054 4,3% ;01/10/2054;EUR;GOV_IT;Italia;BBB+;Baa2;;1000;Senior;87,81;5,19;4,56;4,59;14,94;16,01;16,03;1,662;1,619;0,0006;02/10/2026;0,043;
IT0005615114;MEDIOBANCA 13/11/2030 4,25% USD;13/11/2030;USD;MEDIOBANCA;Mediobanca;;;;2000;Senior;94,99;5,65;4,2;4,51;3,5;3,64;3,63;2,151;2,157;0,0132;02/10/2026;0,0425;
IT0005619546;BTP 15/11/2031 3,15% ;15/11/2031;EUR;GOV_IT;Italia;BBB+;Baa2;;1000;Senior;95,75;4,12;3,61;3,71;4,5;4,57;4,57;0,609;0,613;0,0002;02/10/2026;0,0315;
IT0005620346;MEDIOBANCA 16/12/2030 4,35% USD;16/12/2030;USD;MEDIOBANCA;Mediobanca;;;;2000;Senior;95,99;5,44;4,04;4,28;3,59;3,73;3,72;1,941;1,948;0,0158;02/10/2026;0,0435;
IT0005622128;BTP 15/10/2027 2,7% ;15/10/2027;EUR;GOV_IT;Italia;BBB+;Baa2;;1000;Senior;99,49;3,24;2,83;2,89;0,97;0,98;0,98;-0,054;-0,052;0,0006;02/10/2026;0,027;
IT0005631590;BTP 01/08/2035 3,65% ;01/08/2035;EUR;GOV_IT;Italia;BBB+;Baa2;;1000;Senior;93,83;4,56;3,99;4,07;7,19;7,37;7,37;0,965;0,977;0,0004;02/10/2026;0,0365;
IT0005631608;BTP GREEN BOND 30/04/2046 4,1% ;30/04/2046;EUR;GOV_IT;Italia;BBB+;Baa2;;1000;Senior;88,73;5,07;4,46;4,5;12,34;13,01;13,01;1,408;1,423;0,0006;02/10/2026;0,041;
IT0005633794;BTP 25/02/2027 2,55% ;25/02/2027;EUR;GOV_IT;Italia;BBB+;Baa2;;1000;Senior;99,873;2,88;2,51;2,55;0,38;0,38;0,38;-0,011;-0,011;0,0001;02/10/2026;0,0255;
IT0005634800;BTP PIU' 25/02/2033 STEP UP 2,85% - 3,7%;25/02/2033;EUR;GOV_IT;Italia;BBB+;Baa2;;1000;Senior;94,16;4,48;3,93;4,04;5,52;5,62;5,62;0,942;0,948;0,0009;02/10/2026;0,0285;
IT0005635583;BTP 01/10/2040 3,85%;01/10/2040;EUR;GOV_IT;Italia;BBB+;Baa2;;1000;Senior;89,91;4,91;4,31;4,38;10,24;10,61;10,62;1,226;1,25;0,0003;02/10/2026;0,0385;
IT0005637399;BTP 01/07/2030 2,95%;01/07/2030;EUR;GOV_IT;Italia;BBB+;Baa2;;1000;Senior;96,73;3,94;3,45;3,56;3,4;3,44;3,43;0,448;0,452;0,0001;02/10/2026;0,0295;
IT0005638371;UNICREDIT 10/03/2038 4,5% Cumulative Callable;10/03/2038;EUR;UNICREDIT;UniCredit S.p.A;;;;1000;Senior;87,59;4,61;3,67;3,87;10,93;11,03;11,01;0,964;0,964;0,0018;02/10/2026;0,045;
IT0005641029;BTP 15/06/2028 2,65%;15/06/2028;EUR;GOV_IT;Italia;BBB+;Baa2;;1000;Senior;98,63;3,52;3,08;3,17;1,6;1,61;1,61;0,123;0,126;0,0003;02/10/2026;0,0265;
IT0005647265;BTP 15/07/2032 3,25%;15/07/2032;EUR;GOV_IT;Italia;BBB+;Baa2;;1000;Senior;95,34;4,21;3,69;3,78;5,05;5,13;5,12;0,685;0,69;0,0004;02/10/2026;0,0325;
IT0005647273;BTPi 15/05/2056  2,55%(senza indicizzazione);15/05/2056;EUR;GOV_IT;Italia;BBB+;Baa2;;3000;Senior;91,33;3,02;2,65;2,67;19,68;20,63;20,64;-0,482;-0,519;0,0036;02/10/2026;0,0255;
IT0005648149;BTP 01/10/2035 3,6%;01/10/2035;EUR;GOV_IT;Italia;BBB+;Baa2;;1000;Senior;93,24;4,57;4,01;4,1;7,36;7,54;7,54;0,98;0,992;0,0005;02/10/2026;0,036;
IT0005648255;BTP Italia 04/06/2032 1,85%(senza indicizzazione);04/06/2032;EUR;GOV_IT;Italia;BBB+;Baa2;;1000;Senior;100,58;1,75;1,52;1,52;5,28;5,32;5,32;-1,771;-1,768;0,0008;02/10/2026;0,0185;
IT0005654642;BTP 01/10/2030 2,7%;01/10/2030;EUR;GOV_IT;Italia;BBB+;Baa2;;1000;Senior;95,45;3,98;3,49;3,62;3,65;3,69;3,69;0,489;0,493;0,0004;02/10/2026;0,027;
IT0005657330;BTP 26/08/2027 2,1%;26/08/2027;EUR;GOV_IT;Italia;BBB+;Baa2;;1000;Senior;99,089;3,17;2,78;2,91;0,86;0,86;0,86;-0,082;-0,081;0,0001;02/10/2026;0,021;
IT0005657348;BTPi 15/08/2031 1,1%(senza indicizzazione);15/08/2031;EUR;GOV_IT;Italia;BBB+;Baa2;;1000;Senior;97,25;1,7;1,49;1,55;4,66;4,68;4,68;-1,807;-1,805;0,002;02/10/2026;0,011;
IT0005660052;BTP 15/01/2029 2,35%;15/01/2029;EUR;GOV_IT;Italia;BBB+;Baa2;;1000;Senior;97,19;3,68;3,22;3,36;2,14;2,16;2,15;0,234;0,237;0,0002;02/10/2026;0,0235;
IT0005668220;BTP 15/11/2032 3,25%;15/11/2032;EUR;GOV_IT;Italia;BBB+;Baa2;;1000;Senior;94,87;4,25;3,73;3,82;5,28;5,37;5,37;0,723;0,728;0,0005;02/10/2026;0,0325;
IT0005668238;BTP 01/10/2055 4,65%;01/10/2055;EUR;GOV_IT;Italia;BBB+;Baa2;;1000;Senior;92,47;5,22;4,57;4,59;14,89;16,02;16,03;1,709;1,655;0,0005;02/10/2026;0,0465;
IT0005671273;BTP 01/02/2031 2,85%;01/02/2031;EUR;GOV_IT;Italia;BBB+;Baa2;;1000;Senior;95,47;4,04;3,54;3,66;3,91;3,96;3,96;0,539;0,543;0,0004;02/10/2026;0,0285;
IT0005672024;BTP VALORE 6 28/10/2032 STEP UP 2,6% - 4%;28/10/2032;EUR;GOV_IT;Italia;BBB+;Baa2;;1000;Senior;93,96;4,39;3,86;3,97;5,3;5,39;5,39;0,865;0,87;0,0014;02/10/2026;0,026;
IT0005674335;BOT 14/10/2026 ZC;14/10/2026;EUR;GOV_IT;Italia;BBB+;Baa2;;1000;Senior;99,95;2,31;2,01;2,05;0,02;0,02;0,02;-0,309;-0,309;0,0001;02/10/2026;0;
IT0005675597;CASSA DEPOSITI E PRESTITI 27/10/2035 3,5%;27/10/2035;EUR;CDP;Cassa depositi e prestiti;;;;100000;Senior;92,43;4,54;3,39;3,57;7,26;7,67;7,66;0,94;0,952;1;02/10/2026;0,035;
IT0005676504;BTP 01/02/2036 3,45%;01/02/2036;EUR;GOV_IT;Italia;BBB+;Baa2;;1000;Senior;91,69;4,6;4,04;4,14;7,58;7,77;7,77;1,001;1,013;0,0004;02/10/2026;0,0345;
IT0005678492;BOT 13/11/2026 ZC;13/11/2026;EUR;GOV_IT;Italia;BBB+;Baa2;;1000;Senior;99,738;2,55;2,23;2,29;0,1;0,1;0,1;-0,066;-0,066;0,0001;02/10/2026;0;
IT0005684888;BOT 14/12/2026 ZC;14/12/2026;EUR;GOV_IT;Italia;BBB+;Baa2;;1000;Senior;99,522;2,57;2,24;2,29;0,18;0,18;0,18;-0,05;-0,05;0,0002;02/10/2026;0;
IT0005689861;UNICREDIT 14/01/2051 7,25% Cumulative Callable;14/01/2051;EUR;UNICREDIT;UniCredit S.p.A;;;;1000;Senior;96,39;4,28;3,54;3,55;23,29;23,46;23,46;0,686;0,686;0,0298;02/10/2026;0,0725;
IT0005689887;BOT 14/01/2027 ZC;14/01/2027;EUR;GOV_IT;Italia;BBB+;Baa2;;1000;Senior;99,266;2,73;2,38;2,45;0,27;0,27;0,27;0,078;0,078;0;02/10/2026;0;
IT0005689960;BTP 15/03/2029 2,4%;15/03/2029;EUR;GOV_IT;Italia;BBB+;Baa2;;1000;Senior;97,03;3,72;3,26;3,4;2,29;2,31;2,31;0,27;0,273;0,0003;02/10/2026;0,024;
IT0005689994;BTP 15/03/2033 3,15%;15/03/2033;EUR;GOV_IT;Italia;BBB+;Baa2;;1000;Senior;93,83;4,3;3,77;3,88;5,6;5,7;5,69;0,764;0,77;0,0006;02/10/2026;0,0315;
IT0005692410;BTP 28/02/2028 2,2%;28/02/2028;EUR;GOV_IT;Italia;BBB+;Baa2;;1000;Senior;98,41;3,4;2,97;3,11;1,34;1,34;1,34;0,041;0,043;0,0014;02/10/2026;0,022;
IT0005694630;BTP 01/10/2041 3,95%;01/10/2041;EUR;GOV_IT;Italia;BBB+;Baa2;;1000;Senior;89,9;4,97;4,36;4,43;10,68;11,11;11,11;1,279;1,305;0,0009;02/10/2026;0,0395;
IT0005695256;BOT 12/02/2027 ZC;12/02/2027;EUR;GOV_IT;Italia;BBB+;Baa2;;1000;Senior;99,063;2,7;2,36;2,43;0,34;0,35;0,35;-0,105;-0,105;0,0002;02/10/2026;0;
IT0005696338;BTP VALORE 7 10/03/2032 STEP UP 2,60% - 3,80%;10/03/2032;EUR;GOV_IT;Italia;BBB+;Baa2;;1000;Senior;95,11;4,32;3,78;3,89;4,8;4,87;4,87;0,799;0,803;0,0009;02/10/2026;0,026;
IT0005698458;UNICREDIT 09/03/2046 6% Cumulative Callable;09/03/2046;EUR;UNICREDIT;UniCredit S.p.A;;;;1000;Senior;99,45;3,99;3,22;3,22;18,69;18,83;18,83;0,325;0,325;0,0364;02/10/2026;0,06;
IT0005699340;BOT 12/03/2027 ZC;12/03/2027;EUR;GOV_IT;Italia;BBB+;Baa2;;1000;Senior;98,854;2,72;2,37;2,41;0,42;0,42;0,42;-0,259;-0,259;0,0001;02/10/2026;0;
IT0005704447;BOT 14/04/2027 ZC;14/04/2027;EUR;GOV_IT;Italia;BBB+;Baa2;;1000;Senior;98,542;2,86;2,5;2,53;0,51;0,51;0,51;-0,227;-0,227;0,0002;02/10/2026;0;
IT0005704868;BTP 15/06/2033 3,3%;15/06/2033;EUR;GOV_IT;Italia;BBB+;Baa2;;1000;Senior;94,27;4,34;3,81;3,89;5,72;5,83;5,83;0,797;0,803;0,0004;02/10/2026;0,033;
IT0005706285;BTP 01/07/2036 3,8%;01/07/2036;EUR;GOV_IT;Italia;BBB+;Baa2;;1000;Senior;93,85;4,64;4,07;4,14;7,73;7,94;7,94;1,029;1,044;0,0004;02/10/2026;0,038;
IT0005706293;BTPi 15/02/2046 2,25%(senza indicizzazione);15/02/2046;EUR;GOV_IT;Italia;BBB+;Baa2;;1000;Senior;90,1;2,94;2,59;2,64;15,07;15,52;15,52;-0,721;-0,713;0,0059;02/10/2026;0,0225;
IT0005707614;BTP 01/06/2031 3,15%;01/06/2031;EUR;GOV_IT;Italia;BBB+;Baa2;;1000;Senior;96,26;4,08;3,57;3,65;4,14;4,2;4,2;0,576;0,58;0,0004;02/10/2026;0,0315;
IT0005709289;BOT 14/05/2027 ZC;14/05/2027;EUR;GOV_IT;Italia;BBB+;Baa2;;1000;Senior;98,283;2,92;2,54;2,57;0,59;0,59;0,59;-0,226;-0,226;0;02/10/2026;0;
IT0005711749;BOT 30/11/2026 ZC;30/11/2026;EUR;GOV_IT;Italia;BBB+;Baa2;;1000;Senior;99,617;2,58;2,25;2,27;0,15;0,15;0,15;-0,038;-0,038;0,0002;02/10/2026;0;
IT0005713042;CASSA DEPOSITI E PRESTITI 03/06/2031 3,25%;03/06/2031;EUR;CDP;Cassa depositi e prestiti;;;;100000;Senior;97,4;3,87;2,87;2,99;4,19;4,3;4,3;0,363;0,367;1;02/10/2026;0,0325;
IT0005713547;BTP Italia Si 23/06/2031 1,6%(senza indicizzazione);23/06/2031;EUR;GOV_IT;Italia;BBB+;Baa2;;1000;Senior;100,05;1,6;1,39;1,39;4,47;4,5;4,5;-1,909;-1,906;0,0005;02/10/2026;0,016;
IT0005716714;BOT 14/06/2027 ZC;14/06/2027;EUR;GOV_IT;Italia;BBB+;Baa2;;1000;Senior;97,987;3;2,62;2,65;0,67;0,67;0,67;-0,183;-0,183;0,0002;02/10/2026;0;
IT0005716839;BTP 15/09/2029 3%;15/09/2029;EUR;GOV_IT;Italia;BBB+;Baa2;;1000;Senior;97,87;3,81;3,33;3,42;2,73;2,75;2,75;0,335;0,339;0,0004;02/10/2026;0,03;
IT0005719536;BOT 31/12/2026 ZC;31/12/2026;EUR;GOV_IT;Italia;BBB+;Baa2;;1000;Senior;99,386;2,65;2,31;2,33;0,23;0,23;0,23;0,031;0,031;0;02/10/2026;0;
IT0005722514;BOT 14/07/2027 ZC;14/07/2027;EUR;GOV_IT;Italia;BBB+;Baa2;;1000;Senior;97,71;3,05;2,66;2,71;0,75;0,75;0,75;-0,164;-0,164;0,0002;02/10/2026;0;
IT0005722845;BTP 15/09/2033 3,35%;15/09/2033;EUR;GOV_IT;Italia;BBB+;Baa2;;1000;Senior;94,24;4,37;3,83;3,91;5,95;6,06;6,06;0,817;0,823;0,0006;02/10/2026;0,0335;
IT0005725160;BTPi 15/02/2037 2%(senza indicizzazione);15/02/2037;EUR;GOV_IT;Italia;BBB+;Baa2;;1000;Senior;94,78;2,59;2,27;2,33;9,11;9,26;9,25;-1,034;-1,025;0,0031;02/10/2026;0,02;
IT0005725236;BOT 29/01/2027 ZC;29/01/2027;EUR;GOV_IT;Italia;BBB+;Baa2;;1000;Senior;99,154;2,73;2,39;2,4;0,31;0,31;0,31;0,012;0,012;0,0002;02/10/2026;0;
IT0005729220;BOT 13/08/2027 ZC;13/08/2027;EUR;GOV_IT;Italia;BBB+;Baa2;;1000;Senior;97,449;3,08;2,69;2,72;0,83;0,83;0,83;-0,167;-0,167;0,0004;02/10/2026;0;
IT0005729733;BTP 30/10/2028 3%;30/10/2028;EUR;GOV_IT;Italia;BBB+;Baa2;;1000;Senior;98,84;3,62;3,16;3,23;1,94;1,96;1,96;0,19;0,193;0,0004;02/10/2026;0,03;
IT0005729931;BTP 01/10/2036 4%;01/10/2036;EUR;GOV_IT;Italia;BBB+;Baa2;;1000;Senior;95,15;4,66;4,09;4,13;7,91;8,13;8,13;1,044;1,061;0,0006;02/10/2026;0,04;
IT0005730681;BOT 14/09/2027 ZC;14/09/2027;EUR;GOV_IT;Italia;BBB+;Baa2;;1000;Senior;97,15;3,12;2,72;2,74;0,91;0,91;0,91;-0,145;-0,145;0;02/10/2026;0;
IT0005733099;BTP GREEN BOND 30/10/2038 4,4%;30/10/2038;EUR;GOV_IT;Italia;BBB+;Baa2;;1000;Senior;96,82;4,81;4,21;4,23;9;9,32;9,32;1,144;1,168;0,0008;02/10/2026;0,044;
IT0005733115;BOT 31/03/2027 ZC;31/03/2027;EUR;GOV_IT;Italia;BBB+;Baa2;;1000;Senior;98,653;2,85;2,48;2,48;0,47;0,47;0,47;-0,205;-0,205;0,0002;02/10/2026;0;
IT0005733636;BTP 01/02/2032 3,95%;01/02/2032;EUR;GOV_IT;Italia;BBB+;Baa2;;1000;Senior;99,17;4,17;3,64;3,65;4,65;4,73;4,73;0,651;0,657;0,0016;02/10/2026;0,0395;
IT0006526609;BEI 22/01/2029 ZC;22/01/2029;EUR;SOV_BEI;European Investment Bank;AAA;;;1000;Senior;204,3;3,28;2,97;2,97;2,23;2,23;2,23;-0,166;-0,166;0,0302;02/10/2026;0;
IT0006527300;BEI 26/02/2029 ZC;26/02/2029;EUR;SOV_BEI;European Investment Bank;AAA;;;1000;Senior;186,99;2,85;2,66;2,72;2,33;2,33;2,33;-0,596;-0,596;0,0331;02/10/2026;0;
IT0006768151;CARRARO 17/04/2030 5,25% CALLABLE;17/04/2030;EUR;CARRARO;Carraro S.p.A.;;;;1000;Senior;100,3;5,22;3,83;3,83;3,03;3,15;3,15;1,737;1,743;0,002;02/10/2026;0,0525;
NL0000102234;OLANDA 15/01/2037 4%;15/01/2037;EUR;GOV_NL;Paesi Bassi;AAA;Aaa;;1000;Senior;103,51;3,58;3,09;3,09;8,14;8,37;8,37;-0,042;-0,025;0,0012;02/10/2026;0,04;
NL0000102317;OLANDA 15/01/2028 5,5%;15/01/2028;EUR;GOV_NL;Paesi Bassi;AAA;Aaa;;1000;Senior;103,1;2,98;2,31;2,31;1,19;1,2;1,2;-0,36;-0,353;0,0006;02/10/2026;0,055;
NL0009446418;OLANDA 15/01/2042 3,75%;15/01/2042;EUR;GOV_NL;Paesi Bassi;AAA;Aaa;;1000;Senior;99,97;3,75;3,28;3,28;11,17;11,59;11,59;0,062;0,085;0,0045;02/10/2026;0,0375;
NL0010071189;OLANDA 15/01/2033 2,5%;15/01/2033;EUR;GOV_NL;Paesi Bassi;AAA;Aaa;;1000;Senior;95,21;3,36;2,96;3,02;5,58;5,66;5,66;-0,177;-0,172;0,0007;02/10/2026;0,025;
NL0010721999;OLANDA 15/01/2047 2,75%;15/01/2047;EUR;GOV_NL;Paesi Bassi;AAA;Aaa;;1000;Senior;84,98;3,83;3,38;3,45;14,46;15,03;15,04;0,168;0,177;0,0027;02/10/2026;0,0275;
NL0012171458;OLANDA 15/07/2027 0,75%;15/07/2027;EUR;GOV_NL;Paesi Bassi;AAA;Aaa;;1000;Senior;98,506;2,73;2,39;2,63;0,75;0,75;0,75;-0,491;-0,491;0,0014;02/10/2026;0,0075;
NL0012818504;OLANDA 15/07/2028 0,75%;15/07/2028;EUR;GOV_NL;Paesi Bassi;AAA;Aaa;;1000;Senior;96,23;2,96;2,59;2,86;1,72;1,72;1,72;-0,443;-0,442;0,0016;02/10/2026;0,0075;
NL0013332430;OLANDA 15/07/2029 0,25%;15/07/2029;EUR;GOV_NL;Paesi Bassi;AAA;Aaa;;1000;Senior;92,56;3,09;2,72;3,05;2,68;2,69;2,68;-0,374;-0,374;0,0029;02/10/2026;0,0025;
NL0013552060;OLANDA GREEN BOND 15/01/2040 0,5%;15/01/2040;EUR;GOV_NL;Paesi Bassi;AAA;Aaa;;1000;Senior;66,68;3,73;3,33;3,64;12,24;12,35;12,31;0,051;0,054;0,0057;02/10/2026;0,005;
NL0014555419;OLANDA 15/07/2030 0%;15/07/2030;EUR;GOV_NL;Paesi Bassi;AAA;Aaa;;1000;Senior;88,85;3,18;2,8;3,18;3,66;3,67;3,66;-0,306;-0,306;0,0019;02/10/2026;0;
NL00150006U0;OLANDA 15/07/2031 0%;15/07/2031;EUR;GOV_NL;Paesi Bassi;AAA;Aaa;;1000;Senior;85,74;3,28;2,89;3,28;4,62;4,64;4,62;-0,23;-0,23;0,0015;02/10/2026;0;
NL0015000B11;OLANDA 15/01/2038 0%;15/01/2038;EUR;GOV_NL;Paesi Bassi;AAA;Aaa;;1000;Senior;66,82;3,64;3,26;3,62;10,89;10,93;10,89;-0,007;-0,007;0,006;02/10/2026;0;
NL0015000LS8;OLANDA 15/01/2029 0%;15/01/2029;EUR;GOV_NL;Paesi Bassi;AAA;Aaa;;1000;Senior;93,42;3,03;2,66;3,03;2,21;2,22;2,21;-0,408;-0,408;0,0028;02/10/2026;0;
NL0015000RP1;OLANDA 15/07/2032 0,5%;15/07/2032;EUR;GOV_NL;Paesi Bassi;AAA;Aaa;;1000;Senior;85,5;3,3;2,91;3,22;5,51;5,54;5,52;-0,225;-0,224;0,0026;02/10/2026;0,005;
NL00150012X2;OLANDA 15/01/2054 2%;15/01/2054;EUR;GOV_NL;Paesi Bassi;AAA;Aaa;;1000;Senior;69,73;3,8;3,38;3,47;18,74;19,53;19,56;0,262;0,24;0,0037;02/10/2026;0,02;
NL0015001AM2;OLANDA 15/07/2033 2,5%;15/07/2033;EUR;GOV_NL;Paesi Bassi;AAA;Aaa;;1000;Senior;94,74;3,38;2,97;3,04;6,06;6,14;6,14;-0,164;-0,159;0,0017;02/10/2026;0,025;
NL0015001DQ7;OLANDA 15/01/2030 2,5%;15/01/2030;EUR;GOV_NL;Paesi Bassi;AAA;Aaa;;1000;Senior;98,05;3,13;2,74;2,81;3,04;3,06;3,06;-0,347;-0,343;0,0022;02/10/2026;0,025;
NL0015001RG8;OLANDA GREEN BOND 15/01/2044 3,25% ;15/01/2044;EUR;GOV_NL;Paesi Bassi;AAA;Aaa;;1;Senior;93,28;3,79;3,32;3,36;12,53;13,01;13,01;0,11;0,125;0,0025;02/10/2026;0,0325;
NL0015001XZ6;OLANDA 15/07/2034 2,5% ;15/07/2034;EUR;GOV_NL;Paesi Bassi;AAA;Aaa;;1;Senior;93,9;3,41;2,99;3,06;6,86;6,97;6,96;-0,161;-0,155;0,0044;02/10/2026;0,025;
NL0015002F72;OLANDA 15/07/2035 2,5%;15/07/2035;EUR;GOV_NL;Paesi Bassi;AAA;Aaa;;1;Senior;92,83;3,46;3,04;3,11;7,64;7,77;7,76;-0,129;-0,121;0,0078;02/10/2026;0,025;
NL0015031501;OLANDA 15/01/2027 0%;15/01/2027;EUR;GOV_NL;Paesi Bassi;AAA;Aaa;;1000;Senior;99,395;2,22;1,94;2,22;0,27;0,27;0,27;-0,434;-0,434;0,0016;02/10/2026;0;
NL0015073TQ2;OLANDA 15/01/2031 2,5%;15/01/2031;EUR;GOV_NL;Paesi Bassi;AAA;Aaa;;1;Senior;97,18;3,21;2,82;2,89;3,91;3,95;3,95;-0,284;-0,28;0,0021;02/10/2026;0,025;
NL0015073VV8;OLANDA 15/07/2036 2,75%;15/07/2036;EUR;GOV_NL;Paesi Bassi;AAA;Aaa;;1;Senior;93,6;3,53;3,1;3,16;8,31;8,47;8,47;-0,079;-0,069;0,0032;02/10/2026;0,0275;
NL0015614579;OLANDA 15/01/2052 0%;15/01/2052;EUR;GOV_NL;Paesi Bassi;AAA;Aaa;;1000;Senior;38,98;3,8;3,47;3,8;24,37;24,44;24,37;0,222;0,222;0,0078;02/10/2026;0;
NO0010786288;NORVEGIA 17/02/2027 1,75% NOK;17/02/2027;NOK;GOV_NO;Norvegia;AAA;Aaa;;1000;Senior;99,05;4,39;3,84;4,17;0,35;0,35;0,35;1,554;1,554;0,0005;02/10/2026;0,0175;
NO0010821598;NORVEGIA 26/04/2028 2% NOK;26/04/2028;NOK;GOV_NO;Norvegia;AAA;Aaa;;1000;Senior;95,98;4,73;4,15;4,47;1,47;1,48;1,47;1,351;1,353;0,0016;02/10/2026;0,02;
NO0010844079;NORVEGIA 06/09/2029 1,75% NOK;06/09/2029;NOK;GOV_NO;Norvegia;AAA;Aaa;;1000;Senior;92;4,75;4,17;4,51;2,73;2,76;2,75;1,278;1,28;0,0022;02/10/2026;0,0175;
NO0010875230;NORVEGIA 19/08/2030 1,375% NOK;19/08/2030;NOK;GOV_NO;Norvegia;AAA;Aaa;;1000;Senior;88,66;4,64;4,09;4,45;3,61;3,64;3,63;1,151;1,153;0,0037;02/10/2026;0,01375;
NO0010930522;NORVEGIA 17/09/2031 1,25% NOK;17/09/2031;NOK;GOV_NO;Norvegia;AAA;Aaa;;1000;Senior;85,27;4,65;4,1;4,48;4,6;4,64;4,62;1,141;1,143;0,0013;02/10/2026;0,0125;
NO0012440397;NORVEGIA 18/05/2032 2,125% NOK;18/05/2032;NOK;GOV_NO;Norvegia;AAA;Aaa;;1000;Senior;88,06;4,58;4,03;4,29;5,05;5,12;5,11;1,06;1,064;0,0046;02/10/2026;0,02125;
NO0012712506;NORVEGIA 06/10/2042 3,5% NOK;06/10/2042;NOK;GOV_NO;Norvegia;AAA;Aaa;;1000;Senior;89,08;4,47;3,93;3,99;11,75;12,17;12,17;0,785;0,805;0,0068;02/10/2026;0,035;
NO0012837642;NORVEGIA 15/08/2033 3% NOK;15/08/2033;NOK;GOV_NO;Norvegia;AAA;Aaa;;1000;Senior;91,35;4,49;3,95;4,08;5,97;6,07;6,07;0,945;0,951;0,0144;02/10/2026;0,03;
NO0013238246;NORVEGIA 31/05/2039 3,625% NOK;31/05/2039;NOK;GOV_NO;Norvegia;AAA;Aaa;;1000;Senior;91,16;4,56;4,01;4,07;9,66;9,97;9,97;0,889;0,91;0,0025;02/10/2026;0,03625;
PTOTE3OE0025;PORTOGALLO 12/06/2054 3,625%;12/06/2054;EUR;GOV_PT;Portogallo;A+;A3;;1;Senior;87,36;4,42;3,89;3,93;16,25;17,24;17,25;0,892;0,856;0,0039;02/10/2026;0,03625;
PTOTE4OE0008;PORTOGALLO 15/06/2040 3,375%;15/06/2040;EUR;GOV_PT;Portogallo;A+;A3;;1;Senior;91,54;4,2;3,69;3,74;10,49;10,82;10,82;0,516;0,538;0,0075;02/10/2026;0,03375;
PTOTE5OE0007;PORTOGALLO 15/04/2037 4,1%;15/04/2037;EUR;GOV_PT;Portogallo;A+;A3;;1000;Senior;100,82;4;3,49;3,49;8,27;8,51;8,51;0,369;0,386;0,0025;02/10/2026;0,041;
PTOTEAOE0005;PORTOGALLO 15/06/2035 3% ;15/06/2035;EUR;GOV_PT;Portogallo;A+;A3;;1;Senior;93,76;3,86;3,39;3,46;7,39;7,53;7,53;0,269;0,278;0,0028;02/10/2026;0,03;
PTOTEBOE0020;PORTOGALLO 15/02/2045 4,10%;15/02/2045;EUR;GOV_PT;Portogallo;A+;A3;;1000;Senior;97;4,34;3,8;3,82;12,29;12,87;12,88;0,667;0,684;0,0022;02/10/2026;0,041;
PTOTECOE0037;PORTOGALLO 12/04/2052 1%;12/04/2052;EUR;GOV_PT;Portogallo;A+;A3;;1000;Senior;48,81;4,37;3,94;4,17;19,92;20,45;20,47;0,794;0,786;0,0081;02/10/2026;0,01;
PTOTEDOE0010;PORTOGALLO 13/06/2036 3,25%;13/06/2036;EUR;GOV_PT;Portogallo;A+;A3;;1;Senior;94,46;3,95;3,46;3,53;8,02;8,2;8,2;0,335;0,347;0,0025;02/10/2026;0,0325;
PTOTEEOE0019;PORTOGALLO 15/06/2046 3,875%;15/06/2046;EUR;GOV_PT;Portogallo;A+;A3;;1;Senior;93,6;4,36;3,83;3,86;13,16;13,78;13,78;0,7;0,713;0,0047;02/10/2026;0,03875;
PTOTELOE0028;PORTOGALLO 18/10/2030 0,475% ;18/10/2030;EUR;GOV_PT;Portogallo;A+;A3;;1000;Senior;89,28;3,36;2,96;3,3;3,85;3,87;3,86;-0,133;-0,132;0,004;02/10/2026;0,00475;
PTOTEMOE0035;PORTOGALLO 15/10/2027 0,7%;15/10/2027;EUR;GOV_PT;Portogallo;A+;A3;;1000;Senior;97,98;2,73;2,39;2,63;0,99;0,99;0,99;-0,563;-0,563;0,0041;02/10/2026;0,007;
PTOTENOE0034;PORTOGALLO 12/10/2035 0,9% ;12/10/2035;EUR;GOV_PT;Portogallo;A+;A3;;1000;Senior;77,7;3,88;3,44;3,75;8,23;8,32;8,3;0,282;0,286;0,0044;02/10/2026;0,009;
PTOTEOOE0033;PORTOGALLO 17/10/2031 0,3% ;17/10/2031;EUR;GOV_PT;Portogallo;A+;A3;;1000;Senior;85,46;3,5;3,09;3,46;4,81;4,84;4,82;-0,007;-0,007;0,0023;02/10/2026;0,003;
PTOTEPOE0032;PORTOGALLO 11/04/2042 1,15%;11/04/2042;EUR;GOV_PT;Portogallo;A+;A3;;1000;Senior;65,24;4,26;3,8;4,07;13,24;13,47;13,46;0,568;0,577;0,0049;02/10/2026;0,0115;
PTOTEQOE0023;PORTOGALLO 14/10/2033 2,875%;14/10/2033;EUR;GOV_PT;Portogallo;A+;A3;;1;Senior;95,06;3,69;3,23;3,31;6,03;6,14;6,14;0,136;0,142;0,0089;02/10/2026;0,02875;
PTOTEROE0014;PORTOGALLO 15/02/2030 3,875%;15/02/2030;EUR;GOV_PT;Portogallo;A+;A3;;1000;Senior;101,8;3,3;2,82;2,82;3,05;3,08;3,08;-0,186;-0,18;0,0026;02/10/2026;0,03875;
PTOTESOE0021;PORTOGALLO 20/10/2034 2,875%;20/10/2034;EUR;GOV_PT;Portogallo;A+;A3;;1;Senior;93,72;3,8;3,33;3,41;6,8;6,93;6,93;0,224;0,231;0,0027;02/10/2026;0,02875;
PTOTEUOE0019;PORTOGALLO 14/04/2027 4,125%;14/04/2027;EUR;GOV_PT;Portogallo;A+;A3;;1000;Senior;100,86;2,42;1,91;1,91;0,51;0,51;0,51;-0,671;-0,671;0,0034;02/10/2026;0,04125;
PTOTEVOE0018;PORTOGALLO 17/10/2028 2,125%;17/10/2028;EUR;GOV_PT;Portogallo;A+;A3;;1000;Senior;98,11;3,1;2,71;2,83;1,91;1,92;1,92;-0,328;-0,326;0,0031;02/10/2026;0,02125;
PTOTEWOE0017;PORTOGALLO 18/04/2034 2,25%;18/04/2034;EUR;GOV_PT;Portogallo;A+;A3;;1000;Senior;90,27;3,76;3,31;3,45;6,65;6,75;6,74;0,195;0,2;0,0026;02/10/2026;0,0225;
PTOTEXOE0024;PORTOGALLO 15/06/2029 1,95%;15/06/2029;EUR;GOV_PT;Portogallo;A+;A3;;1000;Senior;96,81;3,2;2,81;2,95;2,55;2,57;2,56;-0,258;-0,256;0,0032;02/10/2026;0,0195;
PTOTEYOE0031;PORTOGALLO 16/07/2032 1,65% ;16/07/2032;EUR;GOV_PT;Portogallo;A+;A3;;1000;Senior;90,08;3,58;3,15;3,36;5,33;5,38;5,37;0,056;0,059;0,0027;02/10/2026;0,0165;
PTOTEZOE0014;PORTOGALLO 18/06/2038 3,5%;18/06/2038;EUR;GOV_PT;Portogallo;A+;A3;;1000;Senior;94,5;4,1;3,6;3,63;9,25;9,51;9,51;0,444;0,463;0,0031;02/10/2026;0,035;
SE0007125927;SVEZIA 12/11/2026 1% SEK;12/11/2026;SEK;GOV_SE;Svezia;AAA;Aaa;;5000;Senior;100,122;-0,2;-0,33;-0,33;0,1;0,1;0,1;-2,818;-2,818;0,0043;02/10/2026;0,01;
SE0009496367;SVEZIA 12/05/2028 0,75% SEK;12/05/2028;SEK;GOV_SE;Svezia;AAA;Aaa;;5000;Senior;97,42;2,41;2,12;2,3;1,55;1,56;1,56;-0,972;-0,972;0,007;02/10/2026;0,0075;
SI0002103677;SLOVENIA 03/11/2040 1,75%;03/11/2040;EUR;GOV_SI;Slovenia;AA;A2;;1000;Senior;74,25;4,21;3,74;3,95;11,55;11,81;11,8;0,526;0,539;0,0229;02/10/2026;0,0175;
SI0002103842;SLOVENIA 14/03/2029 1,1875%;14/03/2029;EUR;GOV_SI;Slovenia;AA;A2;;1000;Senior;96;2,91;2,55;2,76;2,33;2,34;2,34;-0,54;-0,538;0,0207;02/10/2026;0,01188;
SI0002104105;SLOVENIA 12/02/2031 0%;12/02/2031;EUR;GOV_SI;Slovenia;AA;A2;;1000;Senior;87,61;3,09;2,72;3,09;4,23;4,24;4,23;-0,414;-0,414;0,033;02/10/2026;0;
SI0002104121;SLOVENIA 03/03/2081 0,6875%;03/03/2081;EUR;GOV_SI;Slovenia;AA;A2;;1000;Senior;25,4;4,19;3,83;3,96;31,74;33,59;33,85;1,063;0,963;0,0193;02/10/2026;0,00688;
SI0002104873;SLOVENIA 14/04/2055 3,5%;14/04/2055;EUR;GOV_SI;Slovenia;AA;A2;;1000;Senior;83,71;4,53;3,99;4,03;16,4;17,43;17,46;1,008;0,967;0,0266;02/10/2026;0,035;
SI0002105227;SLOVENIA 12/03/2036 3,275%;12/03/2036;EUR;GOV_SI;Slovenia;AA;A2;;1000;Senior;95,2;3,89;3,41;3,46;7,74;7,92;7,92;0,283;0,295;0,023;02/10/2026;0,03275;
US037833BH21;APPLE 13/05/2045 4,375% USD CALLABLE;13/05/2045;USD;APPLE;Apple Corporation;;;;2000;Senior;80,03;6,29;4,74;4,94;11,19;12,62;12,65;2,623;2,644;0,0217;02/10/2026;0,04375;
US105756AE07;BRASILE 15/05/2027 10,125% USD;15/05/2027;USD;GOV_BR;Brasile;BB;Ba1;;1000;Senior;103,22;4,75;3,5;3,5;0,56;0,57;0,57;1,612;1,617;0,0078;02/10/2026;0,10125;
US105756AL40;BRASILE 06/03/2030 12,25% USD;06/03/2030;USD;GOV_BR;Brasile;BB;Ba1;;1000;Senior;120,7;5,6;4,21;4,21;2,77;2,85;2,85;2,112;2,125;0,0073;02/10/2026;0,1225;
US105756BK57;BRASILE 20/01/2037 7,125% USD;20/01/2037;USD;GOV_BR;Brasile;BB;Ba1;;1000;Senior;103,25;6,79;5,9;5,9;6,94;7,26;7,26;3,164;3,193;0,0066;02/10/2026;0,07125;
US105756BR01;BRASILE 07/01/2041 5,625% USD(No Call);07/01/2041;USD;GOV_BR;Brasile;BB;Ba1;;100000;Senior;87,43;7,16;6,3;6,37;8,87;9,36;9,36;3,468;3,506;0,0099;02/10/2026;0,05625;
US105756BW95;BRASILE 27/01/2045 5% USD(No call);27/01/2045;USD;GOV_BR;Brasile;BB;Ba1;;200000;Senior;75,31;7,64;6,75;6,86;10,25;10,92;10,94;3,967;3,994;0,0192;02/10/2026;0,05;
US168863BP27;CILE 30/10/2042 3,625% USD;30/10/2042;USD;GOV_CL;Cile;A;A2;;150000;Senior;76,02;6,06;5,36;5,5;10,77;11,26;11,27;2,37;2,394;0,0548;02/10/2026;0,03625;
US172967HA25;CITIGROUP 13/09/2043 6,675% - T2 - USD;13/09/2043;USD;CITIGROUP;Citigroup;;;;1000;T2;101,53;6,63;4,86;4,86;9,75;11,13;11,13;2,95;2,983;0,0171;02/10/2026;0,06675;
US172967KA87;CITIGROUP 29/09/2027 4,45% USD Tier 2;29/09/2027;USD;CITIGROUP;Citigroup;;;;1000;T2;99,45;5,09;3,76;3,9;0,92;0,94;0,94;1,814;1,816;0,0095;02/10/2026;0,0445;
US195325BM66;COLOMBIA 18/01/2041 6,125% USD(No call);18/01/2041;USD;GOV_CO;Colombia;BB-;Baa3;;100000;Senior;83,93;8,2;7,21;7,3;8,42;8,94;8,94;4,506;4,548;0,0196;02/10/2026;0,06125;
US298785DV50;BEI 15/02/2036 4,875% USD;15/02/2036;USD;SOV_BEI;European Investment Bank;AAA;;;1000;Senior;97,71;5,25;4,6;4,62;7,17;7,4;7,4;1,647;1,664;0,0047;02/10/2026;0,04875;
US298785HM16;BEI GREEN BOND 24/05/2027 2,375% USD;24/05/2027;USD;SOV_BEI;European Investment Bank;AAA;;;1000;Senior;98,819;4,35;3,81;4,03;0,6;0,6;0,6;1,193;1,194;0,0019;02/10/2026;0,02375;
US298785JR84;BEI 15/03/2029 1,75% USD;15/03/2029;USD;SOV_BEI;European Investment Bank;AAA;;;1000;Senior;93,19;4,8;4,21;4,56;2,28;2,3;2,29;1,346;1,348;0,0025;02/10/2026;0,0175;
US298785KE52;BEI GREEN BOND 10/10/2031 4,375% USD;10/10/2031;USD;SOV_BEI;European Investment Bank;AAA;;;1000;Senior;97,19;5,08;4,45;4,5;4,23;4,32;4,32;1,569;1,574;0,002;02/10/2026;0,04375;
US345370CA64;FORD 16/07/2031 7,45% USD;16/07/2031;USD;FORD;Ford Motor Company;;;;1000;Senior;104,43;6,46;4,53;4,53;3,81;4,04;4,04;2,953;2,963;0,003;02/10/2026;0,0745;
US345370CQ17;FORD 15/01/2043 4,75% USD;15/01/2043;USD;FORD;Ford Motor Company;;;;2000;Senior;73,45;7,77;5,9;6,21;9,7;10,93;10,96;4,083;4,115;0,0071;02/10/2026;0,0475;
US38141GGM06;GOLDMAN SACHS 01/02/2041 6,25% USD;01/02/2041;USD;GOLDMAN;Goldman Sachs;;;;2000;Senior;98,58;6,5;4,8;4,82;8,94;10,03;10,03;2,813;2,852;0,012;02/10/2026;0,0625;
US404280AM17;HSBC 14/01/2042 6,1% USD;14/01/2042;USD;HSBC;HSBC Holdings PLC;;;;2000;Senior;98,35;6,37;4,7;4,72;9,37;10,55;10,55;2,675;2,712;0,0081;02/10/2026;0,061;
US445545AF36;UNGHERIA 29/03/2041 7,625% USD;29/03/2041;USD;GOV_HU;Ungheria;BBB-;Baa2;;2000;Senior;109,47;6,71;5,79;5,79;8,67;9,19;9,19;3,019;3,063;0,0057;02/10/2026;0,07625;
US459058KU68;WORLD BANK 25/07/2030 4% USD;25/07/2030;USD;SOV_WORLDBANK;World Bank;;;;1000;Senior;96,76;5,01;4,38;4,48;3,36;3,41;3,41;1,516;1,522;0,0013;02/10/2026;0,04;
US45905UAD63;WORLD BANK 14/07/2027 ZC ZAR;14/07/2027;ZAR;SOV_WORLDBANK;World Bank;;;;50000;Senior;94,809;7,17;6,45;6,45;0,72;0,72;0,72;3,951;3,951;0,0056;02/10/2026;0;
US465410BG26;REPUBLIC OF ITALY 15/06/2033 5,375% USD;15/06/2033;USD;GOV_IT;Italia;BBB+;Baa2;;1000;Senior;99,35;5,57;4,87;4,88;5,32;5,46;5,46;2,023;2,033;0,0013;02/10/2026;0,05375;
US465410BY32;REPUBLIC OF ITALY 17/10/2029 2,875% USD;17/10/2029;USD;GOV_IT;Italia;BBB+;Baa2;;200000;Senior;93,64;5,24;4,59;4,85;2,73;2,77;2,76;1,761;1,765;0,0053;02/10/2026;0,02875;
US465410BZ07;REPUBLIC OF ITALY 17/10/2049 4% USD;17/10/2049;USD;GOV_IT;Italia;BBB+;Baa2;;200000;Senior;71,14;6,52;5,77;5,87;12,49;13,35;13,39;2,897;2,896;0,0273;02/10/2026;0,04;
US465410CC03;REPUBLIC OF ITALY 06/05/2051 3,875% USD;06/05/2051;USD;GOV_IT;Italia;BBB+;Baa2;;200000;Senior;68,39;6,56;5,81;5,91;12,93;13,86;13,9;2,971;2,956;0,0417;02/10/2026;0,03875;
US500769JT24;KFW 20/05/2027 3% USD;20/05/2027;USD;KFW;Kreditanstalt für Wiederaufbau;;;;1000;Senior;99,737;3,47;2,57;2,67;0,59;0,6;0,6;0,323;0,325;0,0176;02/10/2026;0,03;
US68389XBE40;ORACLE 15/05/2035 3,9% USD CALLABLE;15/05/2035;USD;ORACLE;Oracle Corporation;;;;2000;Senior;79,54;7,25;5,48;6,05;6,6;7,03;7,01;3,66;3,673;0,0973;02/10/2026;0,039;
US68389XBF15;ORACLE 15/05/2045 4,125% USD CALLABLE;15/05/2045;USD;ORACLE;Oracle Corporation;;;;2000;Senior;67,45;7,5;5,72;6,06;10,72;12,18;12,23;3,83;3,852;0,1554;02/10/2026;0,04125;
US68389XBG97;ORACLE 15/05/2055 4,375% USD CALLABLE;15/05/2055;USD;ORACLE;Oracle Corporation;;;;2000;Senior;62,26;7,79;5,91;6,11;12,04;14,61;14,74;4,267;4,213;0,0777;02/10/2026;0,04375;
US715638BM30;PERU 18/11/2050 5,625% USD;18/11/2050;USD;GOV_PE;Peru;BBB-;Baa1;;1000;Senior;88,3;6,71;5,01;5,07;11,7;13,81;13,83;3,11;3,097;0,0097;02/10/2026;0,05625;
US715638BU55;PERU 25/08/2027 4,125% USD;25/08/2027;USD;GOV_PE;Peru;BBB-;Baa1;;1000;Senior;100,13;4,01;2,92;2,92;0,84;0,85;0,85;0,759;0,763;0,0109;02/10/2026;0,04125;
US77586TAE64;ROMANIA 22/01/2044 6,125% USD;22/01/2044;USD;GOV_RO;Romania;BBB-;Baa3;;2000;Senior;86,59;7,66;6,74;6,79;9,51;10,16;10,17;3,984;4,018;0,0038;02/10/2026;0,06125;
US836205AP92;SUDAFRICA 08/03/2041 6,25% USD;08/03/2041;USD;GOV_ZA;Sud Africa;BB;Ba2;;100000;Senior;89,08;7,64;6,71;6,77;8,68;9,19;9,2;3,952;3,994;0,02;02/10/2026;0,0625;
US836205AS32;SUDAFRICA 24/07/2044 5,375% USD;24/07/2044;USD;GOV_ZA;Sud Africa;BB;Ba2;;200000;Senior;77,28;7,9;6,97;7,07;9,83;10,49;10,51;4,221;4,251;0,0304;02/10/2026;0,05375;
US836205AZ74;SUDAFRICA 22/06/2048 6,3% USD;22/06/2048;USD;GOV_ZA;Sud Africa;BB;Ba2;;200000;Senior;85,23;7,86;6,9;6,94;10,27;11,14;11,16;4,215;4,229;0,0648;02/10/2026;0,063;
US857524AD47;POLONIA 16/11/2027 5,5% USD Call;16/11/2027;USD;GOV_PL;Polonia;A-;A3;;1000;Senior;100,65;4,94;4,23;4,23;1,02;1,03;1,03;1,634;1,638;0,0037;02/10/2026;0,055;
US857524AE20;POLONIA 16/11/2032 5,75% USD Call;16/11/2032;USD;GOV_PL;Polonia;A-;A3;;1000;Senior;99,54;5,92;5,17;5,17;4,84;4,98;4,98;2,39;2,4;0,005;02/10/2026;0,0575;
US89236TDR32;TOYOTA 11/01/2027 3,2% USD(No call);11/01/2027;USD;TOYOTA;Toyota Motor Corporation;;;;2000;Senior;99,78;4,04;2,99;3,2;0,26;0,26;0,26;1,407;1,407;0,0023;02/10/2026;0,032;
US900123AL40;TURCHIA 15/01/2030 11,875% USD;15/01/2030;USD;GOV_TR;Turchia;BB-;Ba3;;1000;Senior;114,64;6,92;5,52;5,52;2,6;2,69;2,69;3,434;3,449;0,003;02/10/2026;0,11875;
US900123AT75;TURCHIA 14/02/2034 8% USD;14/02/2034;USD;GOV_TR;Turchia;BB-;Ba3;;2000;Senior;103;7,6;6,59;6,59;5,27;5,48;5,48;4,035;4,053;0,005;02/10/2026;0,08;
US900123BB58;TURCHIA 05/03/2038 7,25% USD;05/03/2038;USD;GOV_TR;Turchia;BB-;Ba3;;2000;Senior;96,88;7,81;6,83;6,85;7,27;7,66;7,66;4,159;4,196;0,005;02/10/2026;0,0725;
US91086QAG38;MEXICAN STATES 15/08/2031 8,3%;15/08/2031;USD;GOV_MX;Messico;BBB;Baa3;;1000;Senior;112,04;5,52;4,53;4,53;3,89;4;4;2,009;2,02;0,0088;02/10/2026;0,083;
US91086QAZ19;MESSICO 12/10/2110 5,75% USD CALLABLE;12/10/2110;USD;GOV_MX;Messico;BBB;Baa3;;2000;Senior;73,45;7,99;6,98;6,98;11,85;13,65;13,66;4,861;4,497;0,0102;02/10/2026;0,0575;
US912810FE39;USA 15/08/2028 5,5% USD;15/08/2028;USD;GOV_US;Stati uniti d'america;AA+;Aa1;;1000;Senior;101,5;4,7;4;4;1,7;1,72;1,72;1,285;1,291;0,0045;02/10/2026;0,055;
US912810FF04;USA 15/11/2028 5,25% USD;15/11/2028;USD;GOV_US;Stati uniti d'america;AA+;Aa1;;1000;Senior;101,08;4,76;4,09;4,09;1,9;1,92;1,92;1,323;1,328;0,0013;02/10/2026;0,0525;
US912810FG86;USA 15/02/2029 5,25% USD;15/02/2029;USD;GOV_US;Stati uniti d'america;AA+;Aa1;;1000;Senior;101,19;4,76;4,09;4,09;2,14;2,16;2,16;1,309;1,315;0,0025;02/10/2026;0,0525;
US912810FJ26;USA 15/08/2029 6,125% USD;15/08/2029;USD;GOV_US;Stati uniti d'america;AA+;Aa1;;1000;Senior;103,39;4,9;4,13;4,13;2,52;2,57;2,57;1,429;1,436;0,0021;02/10/2026;0,06125;
US912810FM54;USA 15/05/2030 6,25% USD;15/05/2030;USD;GOV_US;Stati uniti d'america;AA+;Aa1;;1000;Senior;104,31;4,99;4,22;4,22;3,06;3,13;3,13;1,507;1,514;0,0012;02/10/2026;0,0625;
US912810FP85;USA 15/02/2031 5,375% USD;15/02/2031;USD;GOV_US;Stati uniti d'america;AA+;Aa1;;1000;Senior;101,74;4,98;4,3;4,3;3,74;3,81;3,81;1,481;1,488;0,0025;02/10/2026;0,05375;
US912810FT08;USA 15/02/2036 4,5% USD;15/02/2036;USD;GOV_US;Stati uniti d'america;AA+;Aa1;;1000;Senior;95,62;5,16;4,52;4,57;7,27;7,49;7,49;1,552;1,568;0,0014;02/10/2026;0,045;
US912810PT97;USA 15/02/2037 4,75% USD;15/02/2037;USD;GOV_US;Stati uniti d'america;AA+;Aa1;;1000;Senior;96,74;5,22;4,58;4,6;7,8;8,06;8,06;1,595;1,616;0,0009;02/10/2026;0,0475;
US912810PU60;USA 15/05/2037 5% USD;15/05/2037;USD;GOV_US;Stati uniti d'america;AA+;Aa1;;1000;Senior;98,69;5,23;4,57;4,58;7,77;8,06;8,06;1,595;1,617;0,0011;02/10/2026;0,05;
US912810QB70;USA 15/05/2039 4,25% USD;15/05/2039;USD;GOV_US;Stati uniti d'america;AA+;Aa1;;1000;Senior;90,22;5,4;4,74;4,82;9,05;9,41;9,41;1,727;1,752;0,0007;02/10/2026;0,0425;
US912810QD37;USA 15/11/2039 4,375% USD;15/11/2039;USD;GOV_US;Stati uniti d'america;AA+;Aa1;;1000;Senior;90,72;5,44;4,78;4,85;9,25;9,63;9,63;1,766;1,793;0,0008;02/10/2026;0,04375;
US912810QE10;USA 15/02/2040 4,625% USD;15/02/2040;USD;GOV_US;Stati uniti d'america;AA+;Aa1;;1000;Senior;92,82;5,46;4,79;4,84;9,39;9,78;9,78;1,778;1,806;0,0005;02/10/2026;0,04625;
US912810QH41;USA 15/05/2040 4,375% USD;15/05/2040;USD;GOV_US;Stati uniti d'america;AA+;Aa1;;100;Senior;90,2;5,47;4,81;4,88;9,49;9,89;9,89;1,793;1,82;0,0008;02/10/2026;0,04375;
US912810QK79;USA 15/08/2040 3,875% USD;15/08/2040;USD;GOV_US;Stati uniti d'america;AA+;Aa1;;1000;Senior;85,09;5,49;4,84;4,94;9,94;10,32;10,32;1,807;1,833;0,0007;02/10/2026;0,03875;
US912810QL52;USA 15/11/2040 4,25% USD;15/11/2040;USD;GOV_US;Stati uniti d'america;AA+;Aa1;;1000;Senior;88,44;5,51;4,84;4,92;9,77;10,19;10,2;1,82;1,848;0,0008;02/10/2026;0,0425;
US912810QN19;USA 15/02/2041 4,75% USD;15/02/2041;USD;GOV_US;Stati uniti d'america;AA+;Aa1;;1000;Senior;93,07;5,52;4,84;4,89;9,8;10,24;10,24;1,836;1,867;0,0006;02/10/2026;0,0475;
US912810QU51;USA 15/02/2042 3,125% USD;15/02/2042;USD;GOV_US;Stati uniti d'america;AA+;Aa1;;1000;Senior;75,18;5,62;4,99;5,15;11,06;11,47;11,47;1,932;1,954;0,0009;02/10/2026;0,03125;
US912810QZ49;USA 15/02/2043 3,125% USD;15/02/2043;USD;GOV_US;Stati uniti d'america;AA+;Aa1;;1000;Senior;73,69;5,68;5,03;5,2;11,52;11,98;11,99;1,996;2,016;0,001;02/10/2026;0,03125;
US912810RB61;USA 15/05/2043 2,875% USD;15/05/2043;USD;GOV_US;Stati uniti d'america;AA+;Aa1;;1000;Senior;70,68;5,69;5,06;5,23;11,69;12,15;12,16;2,01;2,028;0,0011;02/10/2026;0,02875;
US912810RC45;USA 15/08/2043 3,625% USD;15/08/2043;USD;GOV_US;Stati uniti d'america;AA+;Aa1;;1000;Senior;78,51;5,69;5,03;5,15;11,41;11,92;11,93;2,011;2,032;0,001;02/10/2026;0,03625;
US912810RE01;USA 15/02/2044 3,625% USD;15/02/2044;USD;GOV_US;Stati uniti d'america;AA+;Aa1;;1000;Senior;77,96;5,71;5,04;5,16;11,61;12,15;12,16;2,032;2,052;0,001;02/10/2026;0,03625;
US912810RG58;USA 15/05/2044 3,375% USD;15/05/2044;USD;GOV_US;Stati uniti d'america;AA+;Aa1;;1000;Senior;74,95;5,72;5,06;5,2;11,75;12,29;12,3;2,04;2,059;0,0012;02/10/2026;0,03375;
US912810RH32;USA 15/08/2044 3,125% USD;15/08/2044;USD;GOV_US;Stati uniti d'america;AA+;Aa1;;1000;Senior;71,82;5,73;5,09;5,24;12,17;12,69;12,71;2,055;2,072;0,001;02/10/2026;0,03125;
US912810RJ97;USA 15/11/2044 3% USD;15/11/2044;USD;GOV_US;Stati uniti d'america;AA+;Aa1;;1000;Senior;70,11;5,74;5,1;5,26;12,24;12,78;12,79;2,065;2,082;0,001;02/10/2026;0,03;
US912810RK60;USA 15/02/2045 2,5% USD;15/02/2045;USD;GOV_US;Stati uniti d'america;AA+;Aa1;;1000;Senior;64,1;5,75;5,13;5,33;12,92;13,43;13,44;2,079;2,093;0,0009;02/10/2026;0,025;
US912810RM27;USA 15/05/2045 3% USD;15/05/2045;USD;GOV_US;Stati uniti d'america;AA+;Aa1;;1000;Senior;69,59;5,75;5,1;5,26;12,44;13,01;13,02;2,075;2,09;0,001;02/10/2026;0,03;
US912810RN00;USA 15/08/2045 2,875% USD;15/08/2045;USD;GOV_US;Stati uniti d'america;AA+;Aa1;;1000;Senior;67,86;5,75;5,12;5,28;12,78;13,34;13,36;2,083;2,097;0,0012;02/10/2026;0,02875;
US912810RS96;USA 15/05/2046 2,5% USD;15/05/2046;USD;GOV_US;Stati uniti d'america;AA+;Aa1;;1000;Senior;62,69;5,76;5,14;5,33;13,33;13,9;13,92;2,095;2,106;0,001;02/10/2026;0,025;
US912810RU43;USA 15/11/2046 2,875% USD;15/11/2046;USD;GOV_US;Stati uniti d'america;AA+;Aa1;;1000;Senior;66,65;5,76;5,12;5,28;13,14;13,77;13,79;2,095;2,107;0,0008;02/10/2026;0,02875;
US912810RX81;USA 15/05/2047 3% USD;15/05/2047;USD;GOV_US;Stati uniti d'america;AA+;Aa1;;1000;Senior;67,69;5,76;5,12;5,27;13,2;13,86;13,89;2,104;2,114;0,0009;02/10/2026;0,03;
US912810SE91;USA 15/11/2048 3,375%USD;15/11/2048;USD;GOV_US;Stati uniti d'america;AA+;Aa1;;1000;Senior;71,14;5,76;5,11;5,22;13,35;14,12;14,15;2,128;2,132;0,0007;02/10/2026;0,03375;
US912810SJ88;USA 15/08/2049 2,25% USD;15/08/2049;USD;GOV_US;Stati uniti d'america;AA+;Aa1;;1000;Senior;56,19;5,78;5,18;5,36;15,01;15,71;15,75;2,161;2,16;0,0009;02/10/2026;0,0225;
US912810SK51;USA 15/11/2049 2,375% USD;15/11/2049;USD;GOV_US;Stati uniti d'america;AA+;Aa1;;1000;Senior;57,57;5,78;5,17;5,35;14,78;15,51;15,55;2,163;2,161;0,0007;02/10/2026;0,02375;
US912810SL35;USA 15/02/2050 2% USD;15/02/2050;USD;GOV_US;Stati uniti d'america;AA+;Aa1;;1000;Senior;52,51;5,79;5,19;5,4;15,58;16,27;16,31;2,171;2,168;0,0008;02/10/2026;0,02;
US912810SN90;USA 15/05/2050 1,25% USD;15/05/2050;USD;GOV_US;Stati uniti d'america;AA+;Aa1;;1000;Senior;42,82;5,76;5,22;5,48;17,11;17,69;17,72;2,148;2,145;0,0009;02/10/2026;0,0125;
US912810SP49;USA 15/08/2050 1,375% USD;15/08/2050;USD;GOV_US;Stati uniti d'america;AA+;Aa1;;1000;Senior;43,99;5,78;5,23;5,48;17,02;17,63;17,67;2,175;2,17;0,0011;02/10/2026;0,01375;
US912810SS87;USA 15/11/2050 1,625% USD;15/11/2050;USD;GOV_US;Stati uniti d'america;AA+;Aa1;;1000;Senior;46,91;5,79;5,22;5,45;16,41;17,09;17,14;2,187;2,181;0,0011;02/10/2026;0,01625;
US912810SX72;USA 15/05/2051 2,375% USD;15/05/2051;USD;GOV_US;Stati uniti d'america;AA+;Aa1;;1000;Senior;56,32;5,78;5,17;5,33;15,25;16,06;16,11;2,189;2,178;0,0009;02/10/2026;0,02375;
US912810SY55;USA 15/05/2041 2,25% USD;15/05/2041;USD;GOV_US;Stati uniti d'america;AA+;Aa1;;1000;Senior;67,54;5,59;4,98;5,23;11,18;11,51;11,51;1,901;1,919;0,0007;02/10/2026;0,0225;
US912810SZ21;USA 15/08/2051 2% USD;15/08/2051;USD;GOV_US;Stati uniti d'america;AA+;Aa1;;1000;Senior;51,12;5,78;5,19;5,39;16,1;16,86;16,91;2,199;2,187;0,001;02/10/2026;0,02;
US912810TA60;USA 15/08/2041 1,75% USD;15/08/2041;USD;GOV_US;Stati uniti d'america;AA+;Aa1;;1000;Senior;62,01;5,61;5,02;5,31;11,83;12,13;12,12;1,919;1,933;0,001;02/10/2026;0,0175;
US912810TB44;USA 15/11/2051 1,875% USD;15/11/2051;USD;GOV_US;Stati uniti d'america;AA+;Aa1;;1000;Senior;49,24;5,78;5,2;5,4;16,26;17,03;17,08;2,203;2,191;0,0006;02/10/2026;0,01875;
US912810TC27;USA 15/11/2041 2% USD;15/11/2041;USD;GOV_US;Stati uniti d'america;AA+;Aa1;;1000;Senior;64,01;5,63;5,02;5,29;11,66;12;12;1,935;1,951;0,0011;02/10/2026;0,02;
US912810TD00;USA 15/02/2052 2,25% USD;15/02/2052;USD;GOV_US;Stati uniti d'america;AA+;Aa1;;1000;Senior;54,09;5,77;5,17;5,34;15,84;16,66;16,72;2,198;2,182;0,0009;02/10/2026;0,0225;
US912810TF57;USA 15/02/2042 2,375% USD;15/02/2042;USD;GOV_US;Stati uniti d'america;AA+;Aa1;;1000;Senior;67,42;5,63;5,01;5,25;11,59;11,95;11,95;1,942;1,96;0,0019;02/10/2026;0,02375;
US912810TG31;USA 15/05/2052 2,875% USD;15/05/2052;USD;GOV_US;Stati uniti d'america;AA+;Aa1;;1000;Senior;62,35;5,76;5,13;5,25;14,88;15,78;15,83;2,194;2,174;0,0006;02/10/2026;0,02875;
US912810TH14;USA 15/05/2042 3,25% USD;15/05/2042;USD;GOV_US;Stati uniti d'america;AA+;Aa1;;1000;Senior;76,13;5,63;4,99;5,14;10,97;11,42;11,43;1,947;1,969;0,0009;02/10/2026;0,0325;
US912810TM09;USA 15/11/2042 4% USD;15/11/2042;USD;GOV_US;Stati uniti d'america;AA+;Aa1;;1000;Senior;83,4;5,65;4,98;5,07;10,75;11,26;11,27;1,967;1,992;0,0007;02/10/2026;0,04;
US912810TN81;USA 15/02/2053 3,625% USD;15/02/2053;USD;GOV_US;Stati uniti d'america;AA+;Aa1;;1000;Senior;72,23;5,75;5,08;5,16;14,47;15,45;15,49;2,189;2,161;0,0007;02/10/2026;0,03625;
US912810TQ13;USA 15/02/2043 3,875% USD;15/02/2043;USD;GOV_US;Stati uniti d'america;AA+;Aa1;;1000;Senior;81,83;5,66;4,99;5,09;11,06;11,56;11,57;1,977;2;0,0021;02/10/2026;0,03875;
US912810TT51;USA 15/08/2053 4,125% USD;15/08/2053;USD;GOV_US;Stati uniti d'america;AA+;Aa1;;100;Senior;79,04;5,73;5,05;5,1;14,18;15,2;15,23;2,182;2,148;0,0024;02/10/2026;0,04125;
US912810TU25;USA 15/08/2043 4,375% USD;15/08/2043;USD;GOV_US;Stati uniti d'america;AA+;Aa1;;100;Senior;86,79;5,67;4,99;5,05;10,99;11,54;11,54;1,993;2,017;0,0022;02/10/2026;0,04375;
US912810TV08;USA 15/11/2053 4,75% USD;15/11/2053;USD;GOV_US;Stati uniti d'america;AA+;Aa1;;1000;Senior;87,58;5,73;5,03;5,06;13,61;14,68;14,7;2,187;2,147;0,0006;02/10/2026;0,0475;
US912810UA42;USA 15/05/2054 4,625% USD;15/05/2054;USD;GOV_US;Stati uniti d'america;AA+;Aa1;;100;Senior;85,96;5,71;5,02;5,05;13,82;14,9;14,93;2,178;2,135;0,0022;02/10/2026;0,04625;
US912810UB25;USA 15/05/2044 4,625% USD;15/05/2044;USD;GOV_US;Stati uniti d'america;AA+;Aa1;;100;Senior;89,04;5,69;5;5,05;11,01;11,61;11,62;2,015;2,038;0,0021;02/10/2026;0,04625;
US912810UG12;USA 15/02/2055 4,625% USD;15/02/2055;USD;GOV_US;Stati uniti d'america;AA+;Aa1;;100;Senior;85,85;5,71;5,01;5,04;14,16;15,27;15,29;2,186;2,136;0,0013;02/10/2026;0,04625;
US912810UJ50;USA 15/02/2045 4,75% USD;15/02/2045;USD;GOV_US;Stati uniti d'america;AA+;Aa1;;100;Senior;89,95;5,71;5,01;5,06;11,36;11,99;12;2,041;2,062;0,0019;02/10/2026;0,0475;
US912810UU06;USA 15/05/2056 5% USD;15/05/2056;USD;GOV_US;Stati uniti d'america;AA+;Aa1;;100;Senior;91,41;5,68;4,97;4,99;14,01;15,2;15,21;2,175;2,113;0,0055;02/10/2026;0,05;
US912828YB05;USA 15/08/2029 1,625% USD;15/08/2029;USD;GOV_US;Stati uniti d'america;AA+;Aa1;;1000;Senior;91,44;4,93;4,33;4,71;2,66;2,69;2,68;1,459;1,462;0,0003;02/10/2026;0,01625;
US912828YS30;USA 15/11/2029 1,75% USD;15/11/2029;USD;GOV_US;Stati uniti d'america;AA+;Aa1;;1000;Senior;91,02;4,96;4,35;4,72;2,87;2,9;2,89;1,48;1,482;0,0003;02/10/2026;0,0175;
US912828Z781;USA 31/01/2027 1,5% USD;31/01/2027;USD;GOV_US;Stati uniti d'america;AA+;Aa1;;1000;Senior;99,16;4,19;3,66;4;0,31;0,31;0,31;1,458;1,458;0,0004;02/10/2026;0,015;
US912828Z948;USA 15/02/2030 1,5% USD;15/02/2030;USD;GOV_US;Stati uniti d'america;AA+;Aa1;;1000;Senior;89,48;4,99;4,39;4,78;3,12;3,15;3,14;1,51;1,512;0,0002;02/10/2026;0,015;
US91282CAV37;USA 15/11/2030 0,875% USD;15/11/2030;USD;GOV_US;Stati uniti d'america;AA+;Aa1;;1000;Senior;84,93;5,04;4,44;4,91;3,83;3,86;3,84;1,539;1,541;0,0008;02/10/2026;0,00875;
US91282CCV19;USA 31/08/2028 1,125% USD;31/08/2028;USD;GOV_US;Stati uniti d'america;AA+;Aa1;;1000;Senior;93,44;4,82;4,23;4,67;1,8;1,81;1,8;1,407;1,408;0,0002;02/10/2026;0,01125;
US91282CDJ71;USA 15/11/2031 1,375% USD;15/11/2031;USD;GOV_US;Stati uniti d'america;AA+;Aa1;;1000;Senior;83,7;5,1;4,5;4,89;4,66;4,71;4,7;1,583;1,585;0,0004;02/10/2026;0,01375;
US91282CDY49;USA 15/02/2032 1,875% USD;15/02/2032;USD;GOV_US;Stati uniti d'america;AA+;Aa1;;1000;Senior;85,25;5,11;4,5;4,85;4,84;4,9;4,88;1,595;1,598;0,0002;02/10/2026;0,01875;
US91282CEC10;USA 28/02/2027 1,875% USD;28/02/2027;USD;GOV_US;Stati uniti d'america;AA+;Aa1;;1000;Senior;99,1;4,21;3,68;3,97;0,38;0,38;0,38;1,301;1,301;0,0004;02/10/2026;0,01875;
US91282CEM91;USA 30/04/2029 2,875% USD;30/04/2029;USD;GOV_US;Stati uniti d'america;AA+;Aa1;;1000;Senior;95,25;4,93;4,32;4,55;2,34;2,37;2,36;1,469;1,472;0,0004;02/10/2026;0,02875;
US91282CEN74;USA 30/04/2027 2,75% USD;30/04/2027;USD;GOV_US;Stati uniti d'america;AA+;Aa1;;1000;Senior;99,16;4,32;3,78;3,96;0,53;0,54;0,54;1,203;1,203;0,0003;02/10/2026;0,0275;
US91282CEP23;USA 15/05/2032 2,875% USD;15/05/2032;USD;GOV_US;Stati uniti d'america;AA+;Aa1;;1000;Senior;89,46;5,12;4,5;4,72;4,88;4,96;4,95;1,6;1,604;0,0009;02/10/2026;0,02875;
US91282CES61;USA 31/05/2029 2,75% USD;31/05/2029;USD;GOV_US;Stati uniti d'america;AA+;Aa1;;1000;Senior;94,79;4,93;4,32;4,56;2,43;2,45;2,45;1,466;1,469;0,0006;02/10/2026;0,0275;
US91282CET45;USA 31/05/2027 2,625% USD;31/05/2027;USD;GOV_US;Stati uniti d'america;AA+;Aa1;;1000;Senior;98,94;4,34;3,8;3,99;0,62;0,62;0,62;1,174;1,175;0,0002;02/10/2026;0,02625;
USF2893TAE67;EDF 27/01/2040 5,6% USD;27/01/2040;USD;EDF;Electricite de France S.A;;;;2000;Senior;92,14;6,59;4,91;5,02;8,7;9,64;9,64;2,916;2,951;0,0172;02/10/2026;0,056;
USF2893TAK28;EDF 22/01/2044 4,875% USD;22/01/2044;USD;EDF;Electricite de France S.A;;;;2000;Senior;84,08;6,51;4,9;5,05;10,51;11,81;11,83;2,835;2,861;0,0317;02/10/2026;0,04875;
USF2893TAP15;EDF 13/10/2035 4,75% USD Call;13/10/2035;USD;EDF;Electricite de France S.A;;;;2000;Senior;90,62;6,21;4,64;4,86;6,74;7,24;7,23;2,615;2,631;0,0188;02/10/2026;0,0475;
USF2893TAQ97;EDF 13/10/2045 4,95% USD Call;13/10/2045;USD;EDF;Electricite de France S.A;;;;2000;Senior;80,92;6,86;5,15;5,33;10,67;12,22;12,25;3,19;3,212;0,0234;02/10/2026;0,0495;
USF2893TAR70;EDF 13/10/2055 5,25% USD Call;13/10/2055;USD;EDF;Electricite de France S.A;;;;2000;Senior;82,2;6,75;5,05;5,13;12,57;15,18;15,24;3,24;3,179;0,0579;02/10/2026;0,0525;
XS0070553820;BEI 06/11/2026 USD ZC;06/11/2026;USD;SOV_BEI;European Investment Bank;AAA;;;1000;Senior;99,742;3,09;2,52;2,52;0,08;0,08;0,08;0,471;0,471;0,0016;02/10/2026;0;
XS0074789503;EBRD 07/04/2027 ZC ZAR;07/04/2027;ZAR;SOV_EBRD;European Bank for Reconstruction and Development;AAA;;;5000;Senior;96,751;6,81;5,9;5,9;0,47;0,47;0,47;3,734;3,734;0,0047;02/10/2026;0;
XS0076085603;DEUTSCHE BANK 27/05/2027 ZC ZAR;27/05/2027;ZAR;DEUTSCHEBANK;Deutsche Bank AG;;;;5000;Senior;95,49;7,5;5,75;5,75;0,59;0,6;0,6;4,336;4,336;0,0093;02/10/2026;0;
XS0076593267;EUROPEAN BANK FOR RECONSTRUCTION AND DEVELOPMENT 17/06/2027 ZAR ZC;17/06/2027;ZAR;SOV_EBRD;European Bank for Reconstruction and Development;AAA;;;5000;Senior;95,44;6,94;6,21;6,21;0,65;0,66;0,66;3,748;3,748;0,0049;02/10/2026;0;
XS0080713497;EUROPEAN BANK FOR RECONSTRUCTION AND DEVELOPMENT 30/12/2027 ZAR ZC;30/12/2027;ZAR;SOV_EBRD;European Bank for Reconstruction and Development;AAA;;;50000;Senior;91,51;7,46;6,82;6,82;1,15;1,15;1,15;4,132;4,132;0,0065;02/10/2026;0;
XS0082720698;WORLD BANK 29/12/2028 ZC ZAR;29/12/2028;ZAR;SOV_WORLDBANK;World Bank;;;;5000;Senior;84,81;7,67;7,05;7,05;2,07;2,09;2,09;4,222;4,222;0,0047;02/10/2026;0;
XS0082826255;EBRD 29/12/2028 ZC ZAR;29/12/2028;ZAR;SOV_EBRD;European Bank for Reconstruction and Development;AAA;;;50000;Senior;84,52;7,83;7,23;7,23;2,07;2,08;2,08;4,387;4,387;0,0045;02/10/2026;0;
XS0083662923;BERS 04/02/2048 ZC;04/02/2048;ITL;SOV_EBRD;European Bank for Reconstruction and Development;AAA;;;516;Senior;30,73;5,69;5,58;5,58;20,2;20,22;20,22;2,039;2,039;0,0066;02/10/2026;0;
XS0084291201;EBRD 31/12/2029 ZC ZAR;31/12/2029;ZAR;SOV_EBRD;European Bank for Reconstruction and Development;AAA;;;50000;Senior;78,37;7,82;7,29;7,29;3;3,02;3,02;4,341;4,341;0,0093;02/10/2026;0;
XS0085727559;BEI 07/12/2028 6% GBP;07/12/2028;GBP;SOV_BEI;European Investment Bank;AAA;;;1000;Senior;102,83;4,59;3,86;3,86;1,92;1,95;1,95;1,152;1,159;0,0042;02/10/2026;0,06;
XS0096499057;BEI 15/04/2039 5% GBP;15/04/2039;GBP;SOV_BEI;European Investment Bank;AAA;;;1000;Senior;95,01;5,56;4,88;4,92;8,8;9,17;9,17;1,891;1,919;0,0026;02/10/2026;0,05;
XS0114126294;BEI 07/06/2032 5,625% GBP;07/06/2032;GBP;SOV_BEI;European Investment Bank;AAA;;;1000;Senior;103,26;4,94;4,26;4,26;4,71;4,82;4,82;1,421;1,429;0,003;02/10/2026;0,05625;
XS0161100515;TELECOM ITALIA FINANCE 24/01/2033 7,75%;24/01/2033;EUR;TELECOMITALIA;Telecom Italia;;;;1000;Senior;114,69;4,97;3,12;3,12;4,83;5,18;5,18;1,434;1,447;0,0024;02/10/2026;0,0775;
XS0162990229;EDF 21/02/2033 5,625%;21/02/2033;EUR;EDF;Electricite de France S.A;;;;1000;Senior;107,88;4,19;2,79;2,79;5,18;5,48;5,48;0,65;0,66;0,0038;02/10/2026;0,05625;
XS0202407093;BEI 12/10/2054 4,625% GBP;12/10/2054;GBP;SOV_BEI;European Investment Bank;AAA;;;1000;Senior;82,1;5,95;5,24;5,29;13,43;14,54;14,57;2,425;2,378;0,0031;02/10/2026;0,04625;
XS0214965963;TELECOM ITALIA 17/03/2055 5,25%;17/03/2055;EUR;TELECOMITALIA;Telecom Italia;;;;100000;Senior;95,14;5,59;4,16;4,18;13,84;16,33;16,35;2,072;2,02;0,0101;02/10/2026;0,0525;
XS0219724878;BEI 15/10/2037 4%;15/10/2037;EUR;SOV_BEI;European Investment Bank;AAA;;;1000;Senior;101,87;3,79;3,29;3,29;8,49;8,76;8,76;0,147;0,165;0,0031;02/10/2026;0,04;
XS0229567440;GENERAL ELETRIC 19/09/2035 4,125%;19/09/2035;EUR;GENERALELECTRIC;General Electric Company;;;;1000;T2;99,51;4,19;3,11;3,11;7,34;7,71;7,71;0,597;0,609;0,0033;02/10/2026;0,04125;
XS0295479983;BEI 07/03/2044 4,5% GBP;07/03/2044;GBP;SOV_BEI;European Investment Bank;AAA;;;1000;Senior;85,4;5,86;5,16;5,23;10,99;11,57;11,58;2,179;2,202;0,0009;02/10/2026;0,045;
XS0306646042;ENEL 21/06/2027 5,625%;21/06/2027;EUR;ENEL;ENEL;;;;50000;Senior;101,84;2,93;1,51;1,51;0,69;0,7;0,7;-0,261;-0,261;0,0024;02/10/2026;0,05625;
XS0415532273;BEI 07/06/2029 4,5% GBP;07/06/2029;GBP;SOV_BEI;European Investment Bank;AAA;;;1000;Senior;99,28;4,78;4,19;4,22;2,42;2,45;2,45;1,321;1,326;0,0007;02/10/2026;0,045;
XS0452187320;ENEL 14/09/2040 5,75% GBP;14/09/2040;GBP;ENEL;ENEL;;;;50000;Senior;92,11;6,63;4,95;5,06;9,13;10,1;10,1;2,947;2,983;0,01;02/10/2026;0,0575;
XS0461641309;DEUTSCHE BANK 12/07/2030 2,32%;12/07/2030;EUR;DEUTSCHEBANK;Deutsche Bank AG;;;;1000;Senior;97,37;4;2,96;3,14;3,44;3,52;3,51;0,505;0,509;0,0059;02/10/2026;0,0323;
XS0468535637;QATAR 20/01/2040 6,4% USD Call;20/01/2040;USD;GOV_QA;Qatar;AA;Aa2;;100000;Senior;102,69;6,19;5,38;5,38;8,56;9,01;9,01;2,515;2,552;0,0136;02/10/2026;0,064;
XS0505157965;BEI 15/04/2030 4%;15/04/2030;EUR;SOV_BEI;European Investment Bank;AAA;;;1000;Senior;102,05;3,37;2,87;2,87;3,19;3,23;3,23;-0,117;-0,112;0,001;02/10/2026;0,04;
XS0553728709;DEUTSCHE TELEKOM INTERNATIONAL FINANCE 28/10/2030 4,5%;28/10/2030;EUR;DEUTSCHETELEKOM;Deutsche Telekom AG;;;;1000;Senior;104,26;3,36;2,21;2,21;3,54;3,68;3,68;-0,136;-0,131;0,0181;02/10/2026;0,045;
XS0740808802;BEI 08/06/2037 3,875% GBP;08/06/2037;GBP;SOV_BEI;European Investment Bank;AAA;;;1000;Senior;87,5;5,45;4,8;4,92;8,23;8,48;8,48;1,811;1,83;0,0033;02/10/2026;0,03875;
XS0752034206;BEI 14/03/2042 3,625%;14/03/2042;EUR;SOV_BEI;European Investment Bank;AAA;;;1000;Senior;98,4;3,76;3,3;3,3;11,39;11,8;11,8;0,074;0,095;0,0248;02/10/2026;0,03625;
XS0755873253;BEI 15/04/2027 3,5%;15/04/2027;EUR;SOV_BEI;European Investment Bank;AAA;;;1000;Senior;100,41;2,68;2,25;2,25;0,51;0,51;0,51;-0,413;-0,413;0,0011;02/10/2026;0,035;
XS0819573394;DEUTSCHE BANK 21/08/2032 ZC ZAR;21/08/2032;ZAR;DEUTSCHEBANK;Deutsche Bank AG;;;;10000;Senior;58,3;9,62;7,91;7,91;5,36;5,45;5,45;6,088;6,088;0,0057;02/10/2026;0;
XS0875797515;DEUTSCHE TELEKOM INTERNATIONAL FINANCE 17/01/2028 3,25%;17/01/2028;EUR;DEUTSCHETELEKOM;Deutsche Telekom AG;;;;1000;Senior;100,35;2,96;2,11;2,11;1,21;1,23;1,23;-0,378;-0,373;0,0034;02/10/2026;0,0325;
XS0876771840;DEUTSCHE BANK 16/01/2028 ZC ZAR;16/01/2028;ZAR;DEUTSCHEBANK;Deutsche Bank AG;;;;10000;Senior;90,74;7,89;6,97;7,08;1,19;1,2;1,19;4,553;4,553;0,0191;02/10/2026;0;
XS0878008225;BEI 15/03/2035 2,625%;15/03/2035;EUR;SOV_BEI;European Investment Bank;AAA;;;1000;Senior;92,36;3,69;3,25;3,35;7,26;7,39;7,38;0,112;0,12;0,0018;02/10/2026;0,02625;
XS0884635524;BEI 15/03/2040 2,75%;15/03/2040;EUR;SOV_BEI;European Investment Bank;AAA;;;1000;Senior;91,99;3,51;3,08;3,14;10,75;11,04;11,04;-0,172;-0,155;0,021;02/10/2026;0,0275;
XS0908570459;VOLKSWAGEN INTERNATIONAL FINANCE 22/03/2033 3,3% ;22/03/2033;EUR;VOLKSWAGEN;Volkswagen AG;;;;100000;Senior;91,84;4,8;3,58;3,89;5,52;5,74;5,73;1,257;1,263;0,0059;02/10/2026;0,033;
XS0960306578;BEI 13/09/2030 2,75%;13/09/2030;EUR;SOV_BEI;European Investment Bank;AAA;;;1000;Senior;98,22;3,24;2,84;2,89;3,66;3,69;3,69;-0,255;-0,252;0,0071;02/10/2026;0,0275;
XS0975634204;BEI 14/10/2033 3%;14/10/2033;EUR;SOV_BEI;European Investment Bank;AAA;;;1000;Senior;96,46;3,58;3,14;3,19;6,02;6,13;6,13;0,029;0,035;0,0021;02/10/2026;0,03;
XS1023703090;ENI 29/01/2029 3,625%;29/01/2029;EUR;ENI;Eni;;;;100000;Senior;100,53;3,38;2,43;2,43;2,14;2,18;2,18;-0,068;-0,062;0,0056;02/10/2026;0,03625;
XS1069928783;RABOBANK NEDERLAND 23/05/2034 ZC ZAR;23/05/2034;ZAR;RABOBANK;Rabobank;;;;100000;Senior;50,4;9,4;8,65;8,7;6,98;7,03;7,02;5,832;5,832;0,0435;02/10/2026;0;
XS1107247725;BEI 15/09/2045 1,75%;15/09/2045;EUR;SOV_BEI;European Investment Bank;AAA;;;1000;Senior;70,89;3,96;3,53;3,69;15,04;15,43;15,43;0,296;0,304;0,005;02/10/2026;0,0175;
XS1107718279;BEI GREEN BOND 13/11/2026 1,25%;13/11/2026;EUR;SOV_BEI;European Investment Bank;AAA;;;1000;Senior;99,87;2,5;2,19;2,34;0,1;0,1;0,1;-0,116;-0,116;0,0004;02/10/2026;0,0125;
XS1110833123;BAHRAIN 19/09/2044 6% USD;19/09/2044;USD;GOV_BH;Bahrain;B;B2;;200000;Senior;75,42;8,93;7,87;7,97;9,27;9,96;9,99;5,25;5,284;0,0178;02/10/2026;0,06;
XS1120892507;TELEFONICA EMISIONES 17/10/2029 2,932%;17/10/2029;EUR;TELEFONICA;Telefonica;;;;100000;Senior;98,08;3,61;2,68;2,84;2,76;2,83;2,82;0,138;0,141;0,0062;02/10/2026;0,02932;
XS1135277140;SHELL INTERNATIONAL FINANCE 20/01/2027 1,625%;20/01/2027;EUR;SHELL;Shell plc;;;;100000;Senior;100;1,62;1,18;1,18;0,29;0,29;0,29;-1,059;-1,059;0,0078;02/10/2026;0,01625;
XS1167524922;BEI 21/12/2026 8,125% ZAR;21/12/2026;ZAR;SOV_BEI;European Investment Bank;AAA;;;5000;Senior;100,195;6,92;5,97;5,97;0,19;0,2;0,2;4,307;4,307;0,0015;02/10/2026;0,08125;
XS1167667283;VOLKSWAGEN INTERNATIONAL FINANCE 16/01/2030 1,625%;16/01/2030;EUR;VOLKSWAGEN;Volkswagen AG;;;;1000;Senior;92,34;4,17;3,11;3,72;3,05;3,11;3,09;0,69;0,692;0,0028;02/10/2026;0,01625;
XS1180130939;RABOBANK 03/02/2027 1,375%;03/02/2027;EUR;RABOBANK;Rabobank;;;;1000;Senior;99,69;2,32;1,72;1,95;0,32;0,32;0,32;-0,428;-0,428;0,0045;02/10/2026;0,01375;
XS1183208328;BEI 14/03/2031 1%;14/03/2031;EUR;SOV_BEI;European Investment Bank;AAA;;;1000;Senior;90,16;3,43;3,01;3,29;4,19;4,22;4,2;-0,073;-0,071;0,0023;02/10/2026;0,01;
XS1204154410;CREDITE AGRICOLE 17/03/2027 2,625% Tier 2;17/03/2027;EUR;CREDITEAGRICOLE;Credit Agricole Group;;;;100000;T2;99,91;2,81;2,08;2,14;0,43;0,43;0,43;-0,19;-0,19;0,0036;02/10/2026;0,02625;
XS1208855889;BULGARIA 26/03/2027 2,625%;26/03/2027;EUR;GOV_BG;Bulgaria;BBB+;Baa1;;100000;Senior;100,4;1,75;1,42;1,42;0,46;0,46;0,46;-1,292;-1,292;0,0119;02/10/2026;0,02625;
XS1208856341;BULGARIA 26/03/2035 3,125%;26/03/2035;EUR;GOV_BG;Bulgaria;BBB+;Baa1;;100000;Senior;91;4,42;3,89;4;7,08;7,23;7,22;0,837;0,846;0,0122;02/10/2026;0,03125;
XS1209947271;POLONIA 10/05/2027 0,875%;10/05/2027;EUR;GOV_PL;Polonia;A-;A3;;1000;Senior;99,2;2,25;1,97;2,12;0,58;0,58;0,58;-0,888;-0,888;0,0032;02/10/2026;0,00875;
XS1218809389;WORLD BANK 16/04/2030 0,5%;16/04/2030;EUR;SOV_WORLDBANK;World Bank;;;;1000;Senior;90,9;3,27;2,88;3,21;3,38;3,4;3,39;-0,211;-0,21;0,0062;02/10/2026;0,005;
XS1238805102;WORLD BANK 29/05/2035 ZC ZAR;29/05/2035;ZAR;SOV_WORLDBANK;World Bank;;;;10000;Senior;48,93;8,62;8,24;8,24;7,96;7,99;7,99;5,031;5,031;0,0043;02/10/2026;0;
XS1313004928;ROMANIA 29/10/2035 3,875%;29/10/2035;EUR;GOV_RO;Romania;BBB-;Baa3;;1000;Senior;83,16;6,38;5,63;5,83;6,91;7,13;7,12;2,779;2,793;0,0039;02/10/2026;0,03875;
XS1346201889;POLONIA 18/01/2036 2,375%;18/01/2036;EUR;GOV_PL;Polonia;A-;A3;;1000;Senior;84,92;4,39;3,87;4,05;7,85;8;7,99;0,783;0,793;0,0068;02/10/2026;0,02375;
XS1347679448;BEI 12/11/2026 1,75% SEK;12/11/2026;SEK;SOV_BEI;European Investment Bank;AAA;;;10000;Senior;100,04;1,32;1,1;1,1;0,1;0,1;0,1;-1,299;-1,299;0,0014;02/10/2026;0,0175;
XS1361554584;BEI 15/09/2036 1,125%;15/09/2036;EUR;SOV_BEI;European Investment Bank;AAA;;;1000;Senior;78,46;3,76;3,34;3,59;9,04;9,14;9,12;0,143;0,148;0,0036;02/10/2026;0,01125;
XS1362373224;GOLDMAN SACHS 12/02/2031 3%;12/02/2031;EUR;GOLDMAN;Goldman Sachs;;;;1000;Senior;98,05;3,49;2,59;2,7;3,93;4,03;4,03;-0,012;-0,008;0,0035;02/10/2026;0,03;
XS1382696398;BULGARIA 21/03/2028 3%;21/03/2028;EUR;GOV_BG;Bulgaria;BBB+;Baa1;;100000;Senior;99,99;2,99;2,61;2,61;1,39;1,39;1,39;-0,371;-0,368;0,0111;02/10/2026;0,03;
XS1382791975;DEUTSCHE TELECOM 03/04/2028 1,5%;03/04/2028;EUR;DEUTSCHETELEKOM;Deutsche Telekom AG;;;;1000;Senior;97,22;3,44;2,55;3,03;1,43;1,44;1,44;0,065;0,067;0,0016;02/10/2026;0,015;
XS1412711217;ENI 17/05/2028 1,625%;17/05/2028;EUR;ENI;Eni;;;;100000;Senior;97,3;3,37;2,5;2,92;1,54;1,56;1,56;-0,019;-0,018;0,0021;02/10/2026;0,01625;
XS1420357318;ROMANIA 26/05/2028 2,875%;26/05/2028;EUR;GOV_RO;Romania;BBB-;Baa3;;1000;Senior;98,12;4,07;3,57;3,7;1,55;1,56;1,55;0,684;0,686;0,0014;02/10/2026;0,02875;
XS1422953932;BEI 14/04/2032 1%;14/04/2032;EUR;SOV_BEI;European Investment Bank;AAA;;;1000;Senior;87,78;3,47;3,05;3,33;5,18;5,22;5,21;-0,051;-0,049;0,0032;02/10/2026;0,01;
XS1463101680;VODAFONE GROUP 29/07/2031 1,6%;29/07/2031;EUR;VODAFONE;Vodafone Group;;;;100000;Senior;89,81;3,97;2,97;3,52;4,47;4,55;4,53;0,46;0,462;0,0062;02/10/2026;0,016;
XS1493328477;ENI 19/09/2028 1,125%;19/09/2028;EUR;ENI;Eni;;;;100000;Senior;95,97;3,29;2,45;2,97;1,88;1,9;1,89;-0,134;-0,133;0,0048;02/10/2026;0,01125;
XS1500338618;BEI GREEN BOND 13/11/2037 0,5%;13/11/2037;EUR;SOV_BEI;European Investment Bank;AAA;;;1000;Senior;70,67;3,78;3,38;3,7;10,3;10,39;10,36;0,14;0,143;0,0045;02/10/2026;0,005;
XS1503043694;BEI 14/09/2029 0,25%;14/09/2029;EUR;SOV_BEI;European Investment Bank;AAA;;;1000;Senior;91,57;3,31;2,91;3,27;2,84;2,85;2,84;-0,165;-0,164;0,0019;02/10/2026;0,0025;
XS1503131713;TERNA 11/10/2028 1%;11/10/2028;EUR;TERNA;Terna S.p.A;;;;100000;Senior;95,19;3,51;2,62;3,23;1,92;1,94;1,93;0,089;0,09;0,0041;02/10/2026;0,01;
XS1505567088;BEI 13/09/2047 0,875%;13/09/2047;EUR;SOV_BEI;European Investment Bank;AAA;;;1000;Senior;56,78;3,95;3,55;3,79;17,76;18,06;18,06;0,294;0,296;0,0107;02/10/2026;0,00875;
XS1505573482;SNAM 25/10/2026 0,875%;25/10/2026;EUR;SNAM;Snam S.p.A;;;;100000;Senior;100,16;-2,16;-2,39;-2,39;0,05;0,05;0,05;-4,773;-4,773;0,0029;02/10/2026;0,00875;
XS1508450688;UNICREDIT 24/10/2026 2,125%;24/10/2026;EUR;UNICREDIT;UniCredit S.p.A;;;;100000;Senior;100,05;1,09;0,55;0,55;0,05;0,05;0,05;-1,523;-1,523;0,0012;02/10/2026;0,02125;
XS1508566392;POLONIA 25/10/2028 1%;25/10/2028;EUR;GOV_PL;Polonia;A-;A3;;1000;Senior;95,75;3,17;2,78;3,04;1,96;1,97;1,97;-0,257;-0,256;0,0054;02/10/2026;0,01;
XS1508566558;POLONIA 25/10/2046 2%;25/10/2046;EUR;GOV_PL;Polonia;A-;A3;;1000;Senior;64;4,85;4,33;4,51;14,52;15,04;15,05;1,184;1,192;0,0061;02/10/2026;0,02;
XS1508585772;WORLD BANK 12/01/2033 0,625%;12/01/2033;EUR;SOV_WORLDBANK;World Bank;;;;1000;Senior;83,97;3,52;3,11;3,43;5,91;5,95;5,94;-0,015;-0,014;0,0037;02/10/2026;0,00625;
XS1508675508;ARABIA SAUDITA 26/10/2046 4,5% USD;26/10/2046;USD;GOV_SA;Arabia Saudita;A+;Aa3;;200000;Senior;73,93;7,04;6,23;6,33;11,1;11,84;11,87;3,38;3,399;0,0079;02/10/2026;0,045;
XS1508912646;ACEA 24/10/2026 1% CALLABLE;24/10/2026;EUR;ACEA;Acea Energia;;;;100000;Senior;100,2;-2,98;-3,29;-3,29;0,05;0,05;0,05;-5,596;-5,596;0,0032;02/10/2026;0,01;
XS1528093799;AUTOSTRADE 01/02/2027 1,75%;01/02/2027;EUR;AUTOSTRADE;Autostrade per l'Italia S.p.A;;;;100000;Senior;99,68;2,74;2,04;2,27;0,31;0,32;0,32;0,003;0,003;0,0024;02/10/2026;0,0175;
XS1538284230;CREDITE AGRICOLE 20/12/2026 1,875%;20/12/2026;EUR;CREDITEAGRICOLE;Credit Agricole Group;;;;100000;Senior;99,94;2,15;1,6;1,66;0,2;0,2;0,2;-0,463;-0,463;0,0043;02/10/2026;0,01875;
XS1547492410;BEI 11/01/2027 8% MXN;11/01/2027;MXN;SOV_BEI;European Investment Bank;AAA;;;1000;Senior;100,209;6,97;6,03;6,03;0,25;0,25;0,25;4,335;4,335;0,0008;02/10/2026;0,08;
XS1551068676;ENI 17/01/2027 1,5%;17/01/2027;EUR;ENI;Eni;;;;100000;Senior;99,61;2,89;2,14;2,49;0,27;0,28;0,28;0,232;0,232;0,0014;02/10/2026;0,015;
XS1551917591;ITALGAS 19/01/2027 1,625%;19/01/2027;EUR;ITALGAS;Italgas S.p.A.;;;;100000;Senior;99,76;2,46;1,82;2,02;0,28;0,28;0,28;-0,211;-0,211;0,0024;02/10/2026;0,01625;
XS1555331617;BEI 15/01/2027 0,5%;15/01/2027;EUR;SOV_BEI;European Investment Bank;AAA;;;1000;Senior;99,597;1,97;1,73;1,9;0,27;0,27;0,27;-0,68;-0,68;0,0022;02/10/2026;0,005;
XS1558078496;EGITTO 31/01/2047 8,5% USD;31/01/2047;USD;GOV_EG;Egitto;B;Caa1;;200000;Senior;87,97;10,12;8,86;8,9;8,37;9,19;9,2;6,458;6,493;0,0146;02/10/2026;0,085;
XS1566126345;BEI 16/02/2027 ZC TRY;16/02/2027;TRY;SOV_BEI;European Investment Bank;AAA;;;1000;Senior;90,9;29,93;28,29;31,11;0,28;0,28;0,28;27,102;27,102;1;02/10/2026;0;
XS1578046937;WORLD BANK 13/03/2027 ZC MXN;13/03/2027;MXN;SOV_WORLDBANK;World Bank;;;;50000;Senior;96,99;7,32;6,81;6,82;0,4;0,41;0,41;4,335;4,335;0,0013;02/10/2026;0;
XS1584894650;POLONIA 22/10/2027 1,375%;22/10/2027;EUR;GOV_PL;Polonia;A-;A3;;1000;Senior;98,69;2,66;2,33;2,48;1;1,01;1,01;-0,629;-0,629;0,0052;02/10/2026;0,01375;
XS1586555945;VOLKSWAGEN 30/03/2027 1,875%;30/03/2027;EUR;VOLKSWAGEN;Volkswagen AG;;;;100000;Senior;99,43;3,08;2,28;2,57;0,47;0,47;0,47;0,021;0,021;0,0015;02/10/2026;0,01875;
XS1588672144;BEI 07/07/2027 6,5% MXN;07/07/2027;MXN;SOV_BEI;European Investment Bank;AAA;;;1000;Senior;99,39;7,3;6,43;6,48;0,7;0,71;0,7;4,093;4,093;0,0015;02/10/2026;0,065;
XS1596778008;UNICREDIT 12/04/2027 4,625% USD;12/04/2027;USD;UNICREDIT;UniCredit S.p.A;;;;200000;Senior;100,57;3,46;2,27;2,27;0,5;0,5;0,5;0,38;0,38;0,009;02/10/2026;0,04625;
XS1599193403;ROMANIA 19/04/2027 2,375%;19/04/2027;EUR;GOV_RO;Romania;BBB-;Baa3;;1000;Senior;99,625;3,08;2,69;2,78;0,52;0,52;0,52;-0,022;-0,022;0,0017;02/10/2026;0,02375;
XS1603892149;MORGAN STANLEY 27/04/2027 1,875%;27/04/2027;EUR;MORGANSTANLEY;Morgan Stanley;;;;100000;Senior;99,6;2,6;1,92;2,11;0,54;0,55;0,54;-0,515;-0,515;0,0058;02/10/2026;0,01875;
XS1605368536;BEI 05/05/2027 8% ZAR;05/05/2027;ZAR;SOV_BEI;European Investment Bank;AAA;;;5000;Senior;100,5;6,97;5,99;5,99;0,54;0,55;0,55;3,842;3,842;0,0023;02/10/2026;0,08;
XS1610697366;GOLDMAN SACHS 26/04/2028 STEP UP 3,2% - 4,10% USD CALLABLE;26/04/2028;USD;GOLDMAN;Goldman Sachs;;;;2000;Senior;98,12;5,34;3,96;4,27;1,44;1,47;1,46;1,958;1,962;0,0095;02/10/2026;0,04;
XS1612977717;BEI 13/04/2033 1,125%;13/04/2033;EUR;SOV_BEI;European Investment Bank;AAA;;;1000;Senior;86,1;3,55;3,13;3,39;6,05;6,1;6,09;0,011;0,013;0,0029;02/10/2026;0,01125;
XS1619568139;LITUANIA 26/05/2047 2,1%;26/05/2047;EUR;GOV_LT;Lituania;A;A2;;1000;Senior;64,76;4,84;4,32;4,49;14,95;15,48;15,5;1,179;1,186;0,0353;02/10/2026;0,021;
XS1641457277;BEI GREEN BOND 15/11/2047 1,5%;15/11/2047;EUR;SOV_BEI;European Investment Bank;AAA;;;1000;Senior;64,65;4,01;3,59;3,77;16,35;16,82;16,83;0,364;0,368;0,0043;02/10/2026;0,015;
XS1652855815;VODAFONE GROUP 24/07/2027 1,5%;24/07/2027;EUR;VODAFONE;Vodafone Group;;;;100000;Senior;98,86;2,96;2,19;2,56;0,77;0,78;0,78;-0,265;-0,265;0,0021;02/10/2026;0,015;
XS1652866002;TERNA 26/07/2027 1,375%;26/07/2027;EUR;TERNA;Terna S.p.A;;;;100000;Senior;98,58;3,19;2,36;2,82;0,78;0,78;0,78;-0,04;-0,04;0,0026;02/10/2026;0,01375;
XS1675862103;BAHRAIN 20/09/2047 7,5% USD;20/09/2047;USD;GOV_BH;Bahrain;B;B2;;200000;Senior;87,65;8,99;7,88;7,92;9,34;10,18;10,19;5,338;5,363;0,0129;02/10/2026;0,075;
XS1685542497;ITALGAS 18/01/2029 1,625%;18/01/2029;EUR;ITALGAS;Italgas S.p.A.;;;;100000;Senior;95,43;3,75;2,78;3,31;2,15;2,19;2,18;0,303;0,305;0,0059;02/10/2026;0,01625;
XS1694218469;ARABIA SAUDITA 04/10/2047 4,625% USD;04/10/2047;USD;GOV_SA;Arabia Saudita;A+;Aa3;;200000;Senior;74,61;7,06;6,23;6,33;11,56;12,34;12,36;3,406;3,421;0,0055;02/10/2026;0,04625;
XS1696445516;UNGHERIA 10/10/2027 1,75%;10/10/2027;EUR;GOV_HU;Ungheria;BBB-;Baa2;;1000;Senior;98,66;3,12;2,73;2,88;0,96;0,97;0,97;-0,169;-0,169;0,0022;02/10/2026;0,0175;
XS1713462668;CROAZIA 15/06/2028 2,7%;15/06/2028;EUR;GOV_HR;Croazia;A;A3;;100000;Senior;99,28;3,14;2,75;2,78;1,61;1,62;1,62;-0,26;-0,258;0,0074;02/10/2026;0,027;
XS1713475306;CROAZIA 27/01/2030 2,75%;27/01/2030;EUR;GOV_HR;Croazia;A;A3;;100000;Senior;97,57;3,54;3,1;3,17;3,04;3,07;3,07;0,057;0,061;0,0075;02/10/2026;0,0275;
XS1717013335;IFC 15/11/2027 ZC TRY;15/11/2027;TRY;IFC;International Finance Corporation;;;;10000;Senior;76,97;26,61;25,53;27,41;0,88;0,88;0,87;23,299;23,299;0,069;02/10/2026;0;
XS1721422902;VODAFONE GROUP 20/11/2037 2,875%;20/11/2037;EUR;VODAFONE;Vodafone Group;;;;100000;Senior;85,44;4,57;3,45;3,74;8,86;9,36;9,35;0,929;0,944;0,0141;02/10/2026;0,02875;
XS1747444831;BMW FINANCE 10/01/2028 1,125%;10/01/2028;EUR;BMW;Bayerische Motoren Werke AG;;;;1000;Senior;97,36;3,29;2,44;2,99;1,21;1,22;1,22;-0,044;-0,043;0,0024;02/10/2026;0,01125;
XS1753042743;BEI 16/10/2048 1,5%;16/10/2048;EUR;SOV_BEI;European Investment Bank;AAA;;;1000;Senior;63,3;4,05;3,62;3,8;16,82;17,32;17,33;0,413;0,414;0,0033;02/10/2026;0,015;
XS1768067297;ROMANIA 08/02/2030 2,5%;08/02/2030;EUR;GOV_RO;Romania;BBB-;Baa3;;1000;Senior;92,16;5,11;4,49;4,77;3,04;3,07;3,06;1,623;1,627;0,0023;02/10/2026;0,025;
XS1768074319;ROMANIA 08/02/2038 3,375%;08/02/2038;EUR;GOV_RO;Romania;BBB-;Baa3;;1000;Senior;73,61;6,78;6,02;6,27;8,43;8,71;8,71;3,131;3,151;0,0041;02/10/2026;0,03375;
XS1775617464;EGITTO 21/02/2048 7,903% USD;21/02/2048;USD;GOV_EG;Egitto;B;Caa1;;200000;Senior;82,5;10,13;7,54;7,64;8,66;10,59;10,63;6,474;6,499;0,0236;02/10/2026;0,07903;
XS1784311703;UNIPOL 01/03/2028 3,875% T2;01/03/2028;EUR;UNIPOL;Unipol Sai;;;;100000;T2;100,3;3,63;2,64;2,64;1,32;1,34;1,34;0,275;0,28;0,0047;02/10/2026;0,03875;
XS1785340172;INTESA SANPAOLO 20/03/2028 1,75%;20/03/2028;EUR;INTESASP;Intesa Sanpaolo;;;;100000;Senior;97,51;3,53;2,62;3,05;1,39;1,4;1,4;0,163;0,165;0,0034;02/10/2026;0,0175;
XS1791485011;BEI 14/01/2028 0,875%;14/01/2028;EUR;SOV_BEI;European Investment Bank;AAA;;;1000;Senior;97,53;2,88;2,52;2,76;1,23;1,24;1,23;-0,461;-0,46;0,0033;02/10/2026;0,00875;
XS1791939736;ARABIA SAUDITA 17/04/2049 5% USD;17/04/2049;USD;GOV_SA;Arabia Saudita;A+;Aa3;;200000;Senior;77,96;7,07;6,23;6,3;11,36;12,24;12,26;3,441;3,444;0,0078;02/10/2026;0,05;
XS1796209010;GOLDMAN SACHS 22/03/2028 2%;22/03/2028;EUR;GOLDMAN;Goldman Sachs;;;;1000;Senior;97,95;3,46;2,56;2,92;1,39;1,41;1,4;0,089;0,091;0,0023;02/10/2026;0,02;
XS1826356773;GOLDMAN SACHS 15/08/2028 4,15% USD;15/08/2028;USD;GOLDMAN;Goldman Sachs;;;;2000;Senior;99,73;4,3;3,18;3,22;1,74;1,77;1,77;0,884;0,887;0,0216;02/10/2026;0,0415;
XS1828033834;DEUTSCHE TELEKOM 01/12/2029 2%;01/12/2029;EUR;DEUTSCHETELEKOM;Deutsche Telekom AG;;;;1000;Senior;95,72;3,45;2,57;2,91;2,93;2,99;2,98;-0,023;-0,02;0,0036;02/10/2026;0,02;
XS1837994794;ROMANIA 15/06/2048 5,125% USD;15/06/2048;USD;GOV_RO;Romania;BBB-;Baa3;;2000;Senior;72,58;7,91;6,98;7,07;10,7;11,55;11,58;4,261;4,274;0,0018;02/10/2026;0,05125;
XS1843434876;CROAZIA 19/06/2029 1,125%;19/06/2029;EUR;GOV_HR;Croazia;A;A3;;100000;Senior;94,3;3,37;2,96;3,2;2,58;2,59;2,59;-0,096;-0,095;0,0077;02/10/2026;0,01125;
XS1861206636;GOLDMAN SACHS 01/11/2028 2%;01/11/2028;EUR;GOLDMAN;Goldman Sachs;;;;1000;Senior;97,32;3,36;2,49;2,82;1,95;1,98;1,97;-0,07;-0,068;0,0052;02/10/2026;0,02;
XS1892127470;ROMANIA 11/03/2039 4,125%;11/03/2039;EUR;GOV_RO;Romania;BBB-;Baa3;;1000;Senior;77,55;6,86;6,08;6,26;8,71;9,06;9,06;3,195;3,222;0,0086;02/10/2026;0,04125;
XS1892141620;ROMANIA 11/03/2029 2,875%;11/03/2029;EUR;GOV_RO;Romania;BBB-;Baa3;;1000;Senior;96,15;4,58;4,02;4,2;2,24;2,26;2,26;1,128;1,132;0,0038;02/10/2026;0,02875;
XS1893631769;VOLKSWAGEN 16/10/2026 2,25%;16/10/2026;EUR;VOLKSWAGEN;Volkswagen AG;;;;1000;Senior;100,05;0,41;-0,16;-0,16;0,03;0,03;0,03;-2,203;-2,203;0,0017;02/10/2026;0,0225;
XS1910948162;VOLKSWAGEN 16/11/2027 2,625%;16/11/2027;EUR;VOLKSWAGEN;Volkswagen AG;;;;100000;Senior;99,06;3,5;2,59;2,8;1,05;1,07;1,06;0,19;0,192;0,0017;02/10/2026;0,02625;
XS1910948329;VOLKSWAGEN 18/11/2030 3,25%;18/11/2030;EUR;VOLKSWAGEN;Volkswagen AG;;;;100000;Senior;96,09;4,3;3,2;3,43;3,65;3,76;3,75;0,808;0,812;0,0053;02/10/2026;0,0325;
XS1910948675;VOLKSWAGEN 16/11/2038 4,125%;16/11/2038;EUR;VOLKSWAGEN;Volkswagen AG;;;;100000;Senior;90,85;5,16;3,86;4,02;8,81;9,52;9,52;1,495;1,519;0,0098;02/10/2026;0,04125;
XS1934867547;ROMANIA 08/12/2026 2%;08/12/2026;EUR;GOV_RO;Romania;BBB-;Baa3;;1000;Senior;99,9;2,57;2,25;2,31;0,17;0,17;0,17;-0,051;-0,051;0,001;02/10/2026;0,02;
XS1936100483;ISRAELE 16/01/2029 1,5%;16/01/2029;EUR;GOV_IL;Israele;A;Baa1;;1000;Senior;94,7;3,98;3,49;3,77;2,15;2,16;2,16;0,532;0,534;0,0076;02/10/2026;0,015;
XS1936302949;ARABIA SAUDITA 16/01/2050 5,25% USD;16/01/2050;USD;GOV_SA;Arabia Saudita;A+;Aa3;;200000;Senior;81,04;7,02;6,17;6,23;11,61;12,52;12,54;3,398;3,395;0,0087;02/10/2026;0,0525;
XS1938387237;BEI 22/01/2029 0,625%;22/01/2029;EUR;SOV_BEI;European Investment Bank;AAA;;;1000;Senior;94,51;3,14;2,75;3,06;2,21;2,22;2,21;-0,304;-0,303;0,0032;02/10/2026;0,00625;
XS1941841311;GENERALI 29/01/2029 3,875% T2;29/01/2029;EUR;GENERALI;Generali;;;;100000;T2;100;3,87;2,86;2,86;2,12;2,17;2,17;0,422;0,428;0,005;02/10/2026;0,03875;
XS1948611840;BMW FINANCE 06/02/2029 1,5%;06/02/2029;EUR;BMW;Bayerische Motoren Werke AG;;;;1000;Senior;95,5;3,54;2,63;3,12;2,21;2,24;2,23;0,091;0,094;0,0041;02/10/2026;0,015;
XS1958534528;POLONIA GREEN BOND 07/03/2029 1%;07/03/2029;EUR;GOV_PL;Polonia;A-;A3;;1000;Senior;94,74;3,3;2,89;3,16;2,31;2,32;2,32;-0,151;-0,15;0,005;02/10/2026;0,01;
XS1958656982;BANCA IMI 11/03/2029 STEP UP 1,3% - 3,3%;11/03/2029;EUR;BANCAIMI;Banca IMI;;;;1000;Senior;101,32;2,64;1,81;1,81;2,28;2,32;2,32;-0,813;-0,809;0,0371;02/10/2026;0,028;
XS1960361720;POLONIA GREEN BOND 08/03/2049 2%;08/03/2049;EUR;GOV_PL;Polonia;A-;A3;;1000;Senior;61,4;4,86;4,35;4,52;15,79;16,4;16,43;1,234;1,235;0,0124;02/10/2026;0,02;
XS1968706876;ROMANIA 03/04/2049 4,625%;03/04/2049;EUR;GOV_RO;Romania;BBB-;Baa3;;1000;Senior;72,47;7,11;6,29;6,38;11,72;12,57;12,6;3,478;3,482;0,0019;02/10/2026;0,04625;
XS1970549561;ROMANIA 03/04/2034 3,5%;03/04/2034;EUR;GOV_RO;Romania;BBB-;Baa3;;1000;Senior;83,66;6,3;5,56;5,81;6,11;6,26;6,25;2,736;2,745;0,004;02/10/2026;0,035;
XS1972547696;VOLKSWAGEN FINANCIAL SERVICES 01/10/2027 2,25%;01/10/2027;EUR;VOLKSWAGEN;Volkswagen AG;;;;1000;Senior;98,78;3,53;2,61;2,94;0,95;0,96;0,96;0,249;0,249;0,0018;02/10/2026;0,0225;
XS1978552237;BEI 15/10/2026 0,1%;15/10/2026;EUR;SOV_BEI;European Investment Bank;AAA;;;1000;Senior;100,039;-1,47;-1,48;-1,48;0,03;0,03;0,03;-4,085;-4,085;0,0012;02/10/2026;0,001;
XS1998930926;WORLD BANK 21/05/2029 0,25%;21/05/2029;EUR;SOV_WORLDBANK;World Bank;;;;1000;Senior;93,05;3,05;2,68;3,01;2,54;2,55;2,54;-0,411;-0,411;0,0081;02/10/2026;0,0025;
XS2010026214;UNGHERIA 16/06/2031 4,25%;16/06/2031;EUR;GOV_HU;Ungheria;BBB-;Baa2;;100000;Senior;99,94;4,26;3,71;3,71;4,13;4,19;4,19;0,755;0,76;0,0065;02/10/2026;0,0425;
XS2011151755;DEUTSCHE BANK 07/08/2027 1,02%;07/08/2027;EUR;DEUTSCHEBANK;Deutsche Bank AG;;;;1000;Senior;98,23;3,2;2,37;2,93;0,81;0,82;0,81;-0,043;-0,043;0,0096;02/10/2026;0,0102;
XS2011151839;DEUTSCHE BANK 31/07/2027 ZC;31/07/2027;EUR;DEUTSCHEBANK;Deutsche Bank AG;;;;1000;Senior;97,88;2,66;2;2,44;0,8;0,8;0,8;-0,575;-0,575;0,0119;02/10/2026;0;
XS2013678086;LITUANIA 19/06/2049 1,625%;19/06/2049;EUR;GOV_LT;Lituania;A;A2;;1000;Senior;54,72;5,01;4,5;4,71;16,59;17,15;17,18;1,381;1,381;0,0358;02/10/2026;0,01625;
XS2015227494;BEI 20/06/2029 0,125%;20/06/2029;EUR;SOV_BEI;European Investment Bank;AAA;;;1000;Senior;92,64;3;2,63;2,98;2,62;2,63;2,62;-0,463;-0,463;0,0086;02/10/2026;0,00125;
XS2020595117;WORLD BANK 30/06/2027 ZC MXN;30/06/2027;MXN;SOV_WORLDBANK;World Bank;;;;10000;Senior;94,969;7,31;6,72;6,77;0,68;0,69;0,69;4,108;4,108;0,0028;02/10/2026;0;
XS2022424993;INTESA SANPAOLO 04/07/2029 1,75%;04/07/2029;EUR;INTESASP;Intesa Sanpaolo;;;;100000;Senior;94,98;3,71;2,76;3,22;2,59;2,63;2,62;0,242;0,244;0,0029;02/10/2026;0,0175;
XS2024715794;DEUTSCHE TELEKOM 05/07/2027 0,5%;05/07/2027;EUR;DEUTSCHETELEKOM;Deutsche Telekom AG;;;;1000;Senior;98,15;3,05;2,26;2,9;0,72;0,73;0,72;-0,163;-0,163;0,0015;02/10/2026;0,005;
XS2027596530;ROMANIA 16/07/2031 2,124%;16/07/2031;EUR;GOV_RO;Romania;BBB-;Baa3;;1000;Senior;85,84;5,58;4,92;5,29;4,31;4,36;4,35;2,074;2,077;0,0025;02/10/2026;0,02124;
XS2031926731;MPS 23/07/2029 10,5% TIER 2;23/07/2029;EUR;MPS;Monte dei Paschi di Siena;;;;100000;T2;115,45;4,48;2,02;2,02;2,43;2,55;2,55;1,013;1,023;0,006;02/10/2026;0,105;
XS2032727310;ITALGAS 24/04/2030 0,875%;24/04/2030;EUR;ITALGAS;Italgas S.p.A.;;;;100000;Senior;90,7;3,72;2,78;3,46;3,37;3,41;3,39;0,234;0,235;0,0107;02/10/2026;0,00875;
XS2055728054;BMW FINANCE 24/09/2027 0,375%;24/09/2027;EUR;BMW;Bayerische Motoren Werke AG;;;;1000;Senior;97,32;3,23;2,4;3,11;0,94;0,94;0,94;-0,042;-0,042;0,0017;02/10/2026;0,00375;
XS2055781962;BEI 13/10/2034 0,05%;13/10/2034;EUR;SOV_BEI;European Investment Bank;AAA;;;1000;Senior;75,61;3,61;3,2;3,6;7,72;7,75;7,72;0,035;0,035;0,0023;02/10/2026;0,0005;
XS2056491587;GENERALI GREEN BOND 01/10/2030 2,124%;01/10/2030;EUR;GENERALI;Generali;;;;100000;T2;93,08;4,04;3,01;3,46;3,71;3,78;3,76;0,544;0,546;0,0044;02/10/2026;0,02124;
XS2065946837;ENI 11/10/2034 1%;11/10/2034;EUR;ENI;Eni;;;;100000;Senior;78,35;4,24;3,22;3,94;7,29;7,46;7,41;0,671;0,674;0,0118;02/10/2026;0,01;
XS2081018629;INTESA SANPAOLO 19/11/2026 1%;19/11/2026;EUR;INTESASP;Intesa Sanpaolo;;;;100000;Senior;99,91;1,75;1,29;1,48;0,12;0,12;0,12;-0,872;-0,872;0,0017;02/10/2026;0,01;
XS2102388597;INTESA SANPAOLO 15/01/2030 2,5% GBP;15/01/2030;GBP;INTESASP;Intesa Sanpaolo;;;;100000;Senior;92,24;5,16;3,85;4,45;2,99;3,06;3,04;1,682;1,686;0,0173;02/10/2026;0,025;
XS2102495673;BEI 16/01/2030 0,05% ;16/01/2030;EUR;SOV_BEI;European Investment Bank;AAA;;;1000;Senior;90;3,32;2,92;3,31;3,17;3,18;3,17;-0,161;-0,161;0,0028;02/10/2026;0,0005;
XS2103014291;E.ON GREEN BOND 29/09/2027 0,375% CALLABLE;29/09/2027;EUR;EON;E.ON SE;;;;1000;Senior;97,28;3,24;2,4;3,11;0,95;0,96;0,95;-0,042;-0,042;0,0018;02/10/2026;0,00375;
XS2104968404;UNICREDIT 20/01/2030 1,8%;20/01/2030;EUR;UNICREDIT;UniCredit S.p.A;;;;250000;Senior;93,65;3,89;2,9;3,4;3,06;3,12;3,1;0,41;0,413;0,0044;02/10/2026;0,018;
XS2107315470;ENI 23/01/2030 0,625%;23/01/2030;EUR;ENI;Eni;;;;100000;Senior;90,54;3,72;2,78;3,55;3,14;3,18;3,16;0,244;0,245;0,0049;02/10/2026;0,00625;
XS2107332640;GOLDMAN SACHS 21/01/2030 0,875%;21/01/2030;EUR;GOLDMAN;Goldman Sachs;;;;1000;Senior;90,75;3,92;2,93;3,66;3,12;3,16;3,14;0,442;0,443;0,0027;02/10/2026;0,00875;
XS2109812508;ROMANIA 28/01/2032 2%;28/01/2032;EUR;GOV_RO;Romania;BBB-;Baa3;;1000;Senior;82,91;5,83;5,15;5,55;4,71;4,78;4,76;2,314;2,318;0,0056;02/10/2026;0,02;
XS2109813142;ROMANIA 28/01/2050 3,375%;28/01/2050;EUR;GOV_RO;Romania;BBB-;Baa3;;1000;Senior;59,16;6,96;6,21;6,36;12,77;13,62;13,67;3,349;3,346;0,002;02/10/2026;0,03375;
XS2121237908;MEDIOBANCA 15/07/2027 0,75%;15/07/2027;EUR;MEDIOBANCA;Mediobanca;;;;100000;Senior;98,11;3,26;2,41;3,07;0,75;0,75;0,75;0,045;0,045;0,003;02/10/2026;0,0075;
XS2152061904;VOLKSWAGEN FINANCIAL SERVICES 06/04/2028 3,375%;06/04/2028;EUR;VOLKSWAGEN;Volkswagen AG;;;;1000;Senior;99,46;3,74;2,77;2,86;1,41;1,44;1,44;0,364;0,367;0,0027;02/10/2026;0,03375;
XS2154339860;BEI 15/05/2028 0%;15/05/2028;EUR;SOV_BEI;European Investment Bank;AAA;;;1000;Senior;95,59;2,85;2,49;2,85;1,56;1,57;1,56;-0,54;-0,54;0,0048;02/10/2026;0;
XS2161992511;UNGHERIA 28/04/2032 1,625%;28/04/2032;EUR;GOV_HU;Ungheria;BBB-;Baa2;;1000;Senior;86,52;4,41;3,89;4,17;5,08;5,13;5,12;0,889;0,891;0,0059;02/10/2026;0,01625;
XS2168048564;BEI 17/06/2027 0%;17/06/2027;EUR;SOV_BEI;European Investment Bank;AAA;;;1000;Senior;98,099;2,8;2,45;2,8;0,68;0,68;0,68;-0,392;-0,392;0,0009;02/10/2026;0;
XS2176785447;ENI 18/05/2031 2%;18/05/2031;EUR;ENI;Eni;;;;100000;Senior;92,35;3,84;2,86;3,29;4,25;4,34;4,32;0,335;0,338;0,0072;02/10/2026;0,02;
XS2178857954;ROMANIA 26/05/2030 3,624%;26/05/2030;EUR;GOV_RO;Romania;BBB-;Baa3;;1000;Senior;95,15;5,11;4,48;4,65;3,26;3,3;3,3;1,624;1,629;0,0015;02/10/2026;0,03624;
XS2181347183;ESTONIA 10/06/2030 0,125%;10/06/2030;EUR;GOV_EE;Estonia;NR;A1;;1000;Senior;89,27;3,27;2,88;3,24;3,55;3,57;3,55;-0,218;-0,218;1;02/10/2026;0,00125;
XS2181689659;UNGHERIA GREEN BOND 05/06/2035 1,75%;05/06/2035;EUR;GOV_HU;Ungheria;BBB-;Baa2;;1000;Senior;79,48;4,68;4,15;4,42;7,62;7,73;7,71;1,097;1,103;0,0076;02/10/2026;0,0175;
XS2189259018;BEI 15/06/2040 0,25%;15/06/2040;EUR;SOV_BEI;European Investment Bank;AAA;;;1000;Senior;61,29;3,97;3,56;3,93;12,87;12,95;12,91;0,287;0,289;0,0056;02/10/2026;0,0025;
XS2194790262;BEI GREEN BOND 15/11/2035 0,01%;15/11/2035;EUR;SOV_BEI;European Investment Bank;AAA;;;1000;Senior;72,02;3,68;3,28;3,68;8,78;8,82;8,78;0,083;0,083;0,0039;02/10/2026;0,0001;
XS2201851172;ROMANIA 14/02/2031 3% USD;14/02/2031;USD;GOV_RO;Romania;BBB-;Baa3;;2000;Senior;86,51;6,66;5,87;6,25;3,79;3,86;3,84;3,156;3,161;0,0062;02/10/2026;0,03;
XS2201851685;ROMANIA 14/02/2051 4% USD;14/02/2051;USD;GOV_RO;Romania;BBB-;Baa3;;2000;Senior;60;7,67;6,82;6,95;11,93;12,87;12,92;4,076;4,064;0,0057;02/10/2026;0,04;
XS2209794408;KFW GREEN BOND 15/09/2028 0%;15/09/2028;EUR;KFW;Kreditanstalt für Wiederaufbau;;;;1000;Senior;94,28;3,08;2,29;3,08;1,89;1,9;1,89;-0,342;-0,342;0,0019;02/10/2026;0;
XS2210006339;LITUANIA 28/07/2050 0,5%;28/07/2050;EUR;GOV_LT;Lituania;A;A2;;1000;Senior;39,28;4,86;4,44;4,74;20,36;20,67;20,65;1,254;1,253;0,034;02/10/2026;0,005;
XS2225428809;BEI 09/09/2030 0%;09/09/2030;EUR;SOV_BEI;European Investment Bank;AAA;;;1000;Senior;87,78;3,38;2,97;3,38;3,8;3,82;3,8;-0,117;-0,117;0,0025;02/10/2026;0;
XS2227196404;MEDIOBANCA 08/09/2027 1% GREEN BOND;08/09/2027;EUR;MEDIOBANCA;Mediobanca;;;;100000;Senior;97,86;3,39;2,51;3,11;0,89;0,9;0,9;0,127;0,127;0,0018;02/10/2026;0,01;
XS2234571425;BULGARIA 23/09/2030 0,375%;23/09/2030;EUR;GOV_BG;Bulgaria;BBB+;Baa1;;1000;Senior;87,66;3,79;3,33;3,73;3,8;3,82;3,8;0,292;0,292;0,0087;02/10/2026;0,00375;
XS2234571771;BULGARIA 23/09/2050 1,375%;23/09/2050;EUR;GOV_BG;Bulgaria;BBB+;Baa1;;1000;Senior;50,35;4,96;4,48;4,7;17,87;18,42;18,45;1,362;1,356;0,0196;02/10/2026;0,01375;
XS2241390710;INTESA SANPAOLO 13/11/2027 STEP UP 1,2% - 2,25% USD;13/11/2027;USD;INTESASP;Intesa Sanpaolo;;;;2000;Senior;97,06;5,02;3,71;4,42;1,03;1,05;1,04;1,71;1,711;0,0037;02/10/2026;0,019;
XS2241390983;INTESA SANPAOLO 13/11/2030 2,10% USD;13/11/2030;USD;INTESASP;Intesa Sanpaolo;;;;2000;Senior;86,4;5,93;4,45;5,33;3,66;3,77;3,74;2,431;2,434;0,0059;02/10/2026;0,021;
XS2251371022;BEI 28/03/2028 0% ;28/03/2028;EUR;SOV_BEI;European Investment Bank;AAA;;;1000;Senior;95,87;2,9;2,54;2,9;1,44;1,44;1,44;-0,47;-0,47;0,004;02/10/2026;0;
XS2258400162;ROMANIA 02/12/2040 2,625%;02/12/2040;EUR;GOV_RO;Romania;BBB-;Baa3;;1000;Senior;61,7;6,96;6,22;6,52;10,18;10,55;10,55;3,277;3,298;0,005;02/10/2026;0,02625;
XS2259191273;UNGHERIA 18/11/2030 0,5%;18/11/2030;EUR;GOV_HU;Ungheria;BBB-;Baa2;;1000;Senior;86,21;4,22;3,72;4,14;3,9;3,92;3,91;0,721;0,722;0,0027;02/10/2026;0,005;
XS2259191430;UNGHERIA 17/11/2050 1,5%;17/11/2050;EUR;GOV_HU;Ungheria;BBB-;Baa2;;1000;Senior;49,01;5,29;4,78;4,99;16,98;17,62;17,65;1,693;1,686;0,0109;02/10/2026;0,015;
XS2262211076;ROMANIA 02/12/2029 1,375%;02/12/2029;EUR;GOV_RO;Romania;BBB-;Baa3;;1000;Senior;90,01;4,86;4,28;4,67;2,93;2,95;2,94;1,386;1,388;0,0033;02/10/2026;0,01375;
XS2280845145;BMW FINANCE 11/01/2033 0,2%;11/01/2033;EUR;BMW;Bayerische Motoren Werke AG;;;;1000;Senior;80,69;3,71;2,81;3,64;5,99;6,06;6,01;0,176;0,177;0,0099;02/10/2026;0,002;
XS2282095970;VOLKSWAGEN LEASING 12/01/2029 0,5%;12/01/2029;EUR;VOLKSWAGEN;Volkswagen AG;;;;1000;Senior;92,75;3,9;2,91;3,75;2,17;2,19;2,18;0,458;0,458;0,003;02/10/2026;0,005;
XS2283340060;BEI 14/01/2031 0%;14/01/2031;EUR;SOV_BEI;European Investment Bank;AAA;;;1000;Senior;86,56;3,43;3,03;3,43;4,13;4,15;4,13;-0,064;-0,064;0,0013;02/10/2026;0;
XS2289133758;UNICREDIT 19/01/2031 0,85%;19/01/2031;EUR;UNICREDIT;UniCredit S.p.A;;;;100000;Senior;87,93;3,97;2,97;3,72;4,04;4,1;4,07;0,467;0,468;0,0037;02/10/2026;0,0085;
XS2289795465;NEW LAT FOOD 19/02/2027 2,635% CALLABLE;19/02/2027;EUR;NEWLATFOOD;New Lat Food S.p.A.;;;;1000;Senior;99,1;5,08;3,76;4,4;0,35;0,36;0,36;2,233;2,233;0,0003;02/10/2026;0,02625;
XS2290963466;BEI 27/01/2051 0,05%;27/01/2051;EUR;SOV_BEI;European Investment Bank;AAA;;;1000;Senior;40,99;3,82;3,49;3,81;23,15;23,25;23,18;0,225;0,225;0,0672;02/10/2026;0,0005;
XS2294835017;INTESA SANPAOLO 08/02/2029 1,9% USD;08/02/2029;USD;INTESASP;Intesa Sanpaolo;;;;2000;Senior;91,92;5,68;4,23;5,15;2,16;2,21;2,19;2,226;2,229;0,0024;02/10/2026;0,019;
XS2294840363;INTESA SANPAOLO 08/02/2031 1,4% GBP;08/02/2031;GBP;INTESASP;Intesa Sanpaolo;;;;1000;Senior;84;5,66;4,26;5,25;3,96;4,05;4,02;2,155;2,157;0,0024;02/10/2026;0,014;
XS2304664597;INTESA SANPAOLO 24/02/2031 1,35%;24/02/2031;EUR;INTESASP;Intesa Sanpaolo;;;;250000;Senior;89,25;4,07;3,05;3,7;4,08;4,15;4,13;0,574;0,576;0,0057;02/10/2026;0,0135;
XS2308323661;BEI 17/03/2036 0,2%;17/03/2036;EUR;SOV_BEI;European Investment Bank;AAA;;;1000;Senior;72,28;3,74;3,32;3,71;9;9,05;9,01;0,131;0,132;0,0018;02/10/2026;0,002;
XS2312756062;INTESA SANPAOLO 11/03/2036 2,625% GBP;11/03/2036;GBP;INTESASP;Intesa Sanpaolo;;;;100000;Senior;75,76;6,07;4,62;5,27;7,68;8,06;8,03;2,467;2,477;0,032;02/10/2026;0,02625;
XS2314675997;BEI GREEN BOND 15/11/2030 0,01%;15/11/2030;EUR;SOV_BEI;European Investment Bank;AAA;;;1000;Senior;87,89;3,2;2,82;3,2;3,98;4;3,98;-0,294;-0,294;0,0121;02/10/2026;0,0001;
XS2317069685;INTESA SANPAOLO GREEN BOND 16/03/2028 0,75%;16/03/2028;EUR;INTESASP;Intesa Sanpaolo;;;;100000;Senior;96,33;3,4;2,52;3,19;1,39;1,4;1,39;0,031;0,032;0,0033;02/10/2026;0,0075;
XS2322452553;INTESA SANPAOLO 29/03/2031 2,70% USD;29/03/2031;USD;INTESASP;Intesa Sanpaolo;;;;2000;Senior;88,99;5,54;4,15;4,79;3,98;4,1;4,07;2,036;2,04;0,0221;02/10/2026;0,027;
XS2322452637;INTESA SANPAOLO 29/03/2028 2,25% AUD;29/03/2028;AUD;INTESASP;Intesa Sanpaolo;;;;2000;Senior;95,99;5,12;3,8;4,52;1,39;1,41;1,4;1,751;1,754;0,0165;02/10/2026;0,0225;
XS2330503694;ROMANIA 14/04/2033 2%;14/04/2033;EUR;GOV_RO;Romania;BBB-;Baa3;;1000;Senior;77,85;6,23;5,52;5,94;5,7;5,78;5,76;2,693;2,697;0,003;02/10/2026;0,02;
XS2330514899;ROMANIA 14/04/2041 2,75%;14/04/2041;EUR;GOV_RO;Romania;BBB-;Baa3;;1000;Senior;62,04;6,99;6,25;6,53;10,43;10,8;10,81;3,302;3,324;0,0096;02/10/2026;0,0275;
XS2332590475;NEXI 30/04/2029 2,125% CALLABLE;30/04/2029;EUR;NEXI;Nexi SpA;;;;100000;Senior;95,22;4,15;3,08;3,57;2,38;2,43;2,42;0,694;0,696;0,007;02/10/2026;0,02125;
XS2338004497;BEI GREEN BOND 17/02/2027 1,25% NOK;17/02/2027;NOK;SOV_BEI;European Investment Bank;AAA;;;10000;Senior;99,348;3,05;2,67;2,89;0,36;0,36;0,36;0,214;0,214;0,0097;02/10/2026;0,0125;
XS2343538372;BEI 28/09/2028 0%;28/09/2028;EUR;SOV_BEI;European Investment Bank;AAA;;;1000;Senior;94,47;2,92;2,56;2,92;1,92;1,93;1,92;-0,506;-0,506;0,006;02/10/2026;0;
XS2343822503;VOLKSWAGEN LEASING 19/07/2029 0,625%;19/07/2029;EUR;VOLKSWAGEN;Volkswagen AG;;;;1000;Senior;91,49;3,91;2,92;3,72;2,66;2,69;2,67;0,444;0,445;0,0031;02/10/2026;0,00625;
XS2364199757;ROMANIA 13/07/2030 1,75%;13/07/2030;EUR;GOV_RO;Romania;BBB-;Baa3;;1000;Senior;88,16;5,3;4,66;5,06;3,47;3,51;3,49;1,806;1,808;0,0023;02/10/2026;0,0175;
XS2364200514;ROMANIA 13/04/2042 2,875%;13/04/2042;EUR;GOV_RO;Romania;BBB-;Baa3;;1000;Senior;61,53;7,02;6,28;6,53;10,79;11,22;11,23;3,33;3,353;0,0028;02/10/2026;0,02875;
XS2374594823;VOLKSWAGEN 12/02/2030 0,375%;12/02/2030;EUR;VOLKSWAGEN;Volkswagen AG;;;;1000;Senior;88,35;4,17;3,12;4,04;3,2;3,23;3,21;0,686;0,687;0,0033;02/10/2026;0,00375;
XS2386583145;UNGHERIA 21/09/2028 0,125%;21/09/2028;EUR;GOV_HU;Ungheria;BBB-;Baa2;;100000;Senior;93,8;3,45;3,03;3,41;1,89;1,9;1,89;0,03;0,03;0,015;02/10/2026;0,00125;
XS2388495942;BEI 22/12/2026 0%;22/12/2026;EUR;SOV_BEI;European Investment Bank;AAA;;;1000;Senior;99,569;2,07;1,81;2,07;0,21;0,21;0,21;-0,549;-0,549;0,0007;02/10/2026;0;
XS2395954998;INTESA SANPAOLO 14/10/2031 2,50% USD;14/10/2031;USD;INTESASP;Intesa Sanpaolo;;;;2000;Senior;84,99;6,05;4,55;5,34;4,36;4,51;4,48;2,543;2,547;0,0057;02/10/2026;0,025;
XS2398707914;GOLDMAN SACHS 05/04/2032 3% CALLABLE;05/04/2032;EUR;GOLDMAN;Goldman Sachs;;;;1000;Senior;93,39;4,38;3,26;3,56;4,85;5;4,99;0,856;0,861;0,0157;02/10/2026;0,03;
XS2407748016;INTESA SANPAOLO 18/11/2028 2,30% USD;18/11/2028;USD;INTESASP;Intesa Sanpaolo;;;;2000;Senior;94,98;4,85;3,6;4,23;1,95;1,99;1,98;1,413;1,416;0,0154;02/10/2026;0,023;
XS2408944242;EBRD 23/11/2026 14,2% TRY;23/11/2026;TRY;SOV_EBRD;European Bank for Reconstruction and Development;AAA;;;1000;Senior;97,48;37,31;32,7;35,47;0,1;0,1;0,1;34,692;34,692;0,0041;02/10/2026;0,142;
XS2419364653;BEI 15/11/2027 0%;15/11/2027;EUR;SOV_BEI;European Investment Bank;AAA;;;1000;Senior;97,29;2,51;2,19;2,51;1,08;1,09;1,08;-0,799;-0,799;0,0011;02/10/2026;0;
XS2433136194;ISRAELE 18/01/2032 0,625%;18/01/2032;EUR;GOV_IL;Israele;A;Baa1;;1000;Senior;82,72;4,36;3,85;4,26;4,96;5;4,98;0,84;0,842;0,0134;02/10/2026;0,00625;
XS2433141947;UNICREDIT 18/01/2032 1,625%;18/01/2032;EUR;UNICREDIT;UniCredit S.p.A;;;;100000;Senior;88,61;4,06;3,04;3,61;4,83;4,94;4,92;0,547;0,55;0,0049;02/10/2026;0,01625;
XS2433363509;BEI 20/01/2032 0,25%;20/01/2032;EUR;SOV_BEI;European Investment Bank;AAA;;;1000;Senior;84,6;3,49;3,08;3,45;5,07;5,1;5,08;-0,026;-0,026;0,0028;02/10/2026;0,0025;
XS2434895558;ROMANIA 07/03/2028 2,125%;07/03/2028;EUR;GOV_RO;Romania;BBB-;Baa3;;1000;Senior;97,54;3,93;3,44;3,66;1,34;1,35;1,35;0,57;0,573;0,0021;02/10/2026;0,02125;
XS2434895806;ROMANIA 07/02/2034 3,75%;07/02/2034;EUR;GOV_RO;Romania;BBB-;Baa3;;1000;Senior;84,89;6,39;5,63;5,87;5,92;6,07;6,06;2,829;2,839;0,0041;02/10/2026;0,0375;
XS2434895988;ROMANIA 27/02/2027 3% USD;27/02/2027;USD;GOV_RO;Romania;BBB-;Baa3;;2000;Senior;99,07;5,46;4,77;5,06;0,37;0,38;0,38;2,556;2,556;0,0022;02/10/2026;0,03;
XS2434896010;ROMANIA 27/03/2032 2,625% USD;27/03/2032;USD;GOV_RO;Romania;BBB-;Baa3;;2000;Senior;86,1;6,81;6;6,3;4,65;4,74;4,73;3,294;3,299;0,0065;02/10/2026;0,03625;
XS2438616240;VOLKSWAGEN FINANCIAL SERVICES 31/01/2028 0,875%;31/01/2028;EUR;VOLKSWAGEN;Volkswagen AG;;;;1000;Senior;96,32;3,78;2,8;3,53;1,26;1,28;1,27;0,437;0,439;0,0023;02/10/2026;0,00875;
XS2439543047;BEI GREEN BOND 15/11/2029 0,05%;15/11/2029;EUR;SOV_BEI;European Investment Bank;AAA;;;1000;Senior;90,48;3,32;2,92;3,31;3,01;3,02;3,01;-0,153;-0,153;0,0012;02/10/2026;0,0005;
XS2444707850;INTESA SANPAOLO 21/02/2030 STEP UP 2% - 4,4% USD;21/02/2030;USD;INTESASP;Intesa Sanpaolo;;;;2000;Senior;95,9;5,41;4,02;4,33;3;3,09;3,08;1,925;1,931;0,013;02/10/2026;0,036;
XS2446841657;BEI 15/09/2027 0,375%;15/09/2027;EUR;SOV_BEI;European Investment Bank;AAA;;;1000;Senior;97,595;3;2,63;2,94;0,92;0,92;0,92;-0,269;-0,269;0,0005;02/10/2026;0,00375;
XS2447564332;BMW FINANCE 22/05/2028 1%;22/05/2028;EUR;BMW;Bayerische Motoren Werke AG;;;;1000;Senior;96,04;3,55;2,63;3,27;1,56;1,58;1,57;0,157;0,158;0,0033;02/10/2026;0,01;
XS2447602793;POLONIA 25/05/2032 2,75%;25/05/2032;EUR;GOV_PL;Polonia;A-;A3;;1000;Senior;93,18;4,13;3,63;3,76;5,02;5,09;5,09;0,606;0,611;0,003;02/10/2026;0,0275;
XS2455938212;ALERION GREEN BOND 17/05/2028 3,5% CALLABLE;17/05/2028;EUR;ALERION;Alerion Clean Power S.p.A.;;;;1000;Senior;99,9;3,55;2,63;2,65;1,52;1,55;1,55;0,165;0,168;0,0073;02/10/2026;0,035;
XS2482615957;INTESA SANPAOLO 25/05/2029 4,5% USD;25/05/2029;USD;INTESASP;Intesa Sanpaolo;;;;2000;Senior;100,2;4,41;3,24;3,24;2,4;2,46;2,46;0,948;0,953;0,0256;02/10/2026;0,045;
XS2484093393;BEI GREEN BOND 15/06/2032 1,5%;15/06/2032;EUR;SOV_BEI;European Investment Bank;AAA;;;1000;Senior;89,97;3,47;3,05;3,27;5,28;5,32;5,31;-0,051;-0,049;0,0053;02/10/2026;0,015;
XS2485248806;ROMANIA 25/11/2027 5,25% USD;25/11/2027;USD;GOV_RO;Romania;BBB-;Baa3;;2000;Senior;99,6;5,69;4,97;5,01;1,04;1,05;1,05;2,375;2,379;0,0032;02/10/2026;0,0525;
XS2485249523;ROMANIA 25/05/2034 6% USD;25/05/2034;USD;GOV_RO;Romania;BBB-;Baa3;;2000;Senior;93,15;7,31;6,41;6,5;5,62;5,83;5,83;3,745;3,76;0,0016;02/10/2026;0,06;
XS2487342649;LITUANIA 01/06/2032 2,125%;01/06/2032;EUR;GOV_LT;Lituania;A;A2;;1000;Senior;90,95;3,94;3,47;3,65;5,13;5,19;5,18;0,418;0,421;0,0197;02/10/2026;0,02125;
XS2499011059;UNICREDITO 27/07/2027 3,25%;27/07/2027;EUR;UNICREDIT;UniCredit S.p.A;;;;10000;Senior;99,87;3,41;2,52;2,56;0,78;0,79;0,79;0,174;0,174;0,0009;02/10/2026;0,0325;
XS2502390250;UNICREDITO 27/07/2027 3,05%;27/07/2027;EUR;UNICREDIT;UniCredit S.p.A;;;;10000;Senior;99,91;3,16;2,34;2,37;0,78;0,79;0,79;-0,076;-0,076;0,0029;02/10/2026;0,0305;
XS2508243941;UNICREDIT 24/08/2027 3,05%;24/08/2027;EUR;UNICREDIT;UniCredit S.p.A;;;;10000;Senior;99,89;3,17;2,35;2,38;0,86;0,86;0,86;-0,082;-0,082;0,0033;02/10/2026;0,0305;
XS2526828996;E.ON 26/08/2028 2,875% CALLABLE;26/08/2028;EUR;EON;E.ON SE;;;;1000;Senior;99,37;3,22;2,38;2,47;1,8;1,82;1,82;-0,195;-0,193;0,0026;02/10/2026;0,02875;
XS2529233814;INTESA SANPAOLO GREEN 06/09/2027 4,75%;06/09/2027;EUR;INTESASP;Intesa Sanpaolo;;;;150000;Senior;101,36;3,22;2;2;0,89;0,9;0,9;-0,048;-0,048;0,0032;02/10/2026;0,0475;
XS2532370231;ESTONIA 12/10/2032 4%;12/10/2032;EUR;GOV_EE;Estonia;NR;A1;;1000;Senior;100,96;3,82;3,32;3,32;5,07;5,18;5,18;0,289;0,294;0,0096;02/10/2026;0,04;
XS2532681074;FERROVIE DELLO STATO GREEN BOND 14/04/2027 3,75%;14/04/2027;EUR;FS;Ferrovie dello stato S.p.A.;;;;100000;Senior;100,47;2,8;1,83;1,83;0,51;0,51;0,51;-0,287;-0,287;0,0033;02/10/2026;0,0375;
XS2533094400;MEDIOBANCA 21/10/2026 3,4%;21/10/2026;EUR;MEDIOBANCA;Mediobanca;;;;1000;Senior;100;3,34;2,49;2,49;0,04;0,04;0,04;0,727;0,727;0,0001;02/10/2026;0,034;
XS2535352962;BEI 15/03/2030 2,25%;15/03/2030;EUR;SOV_BEI;European Investment Bank;AAA;;;1000;Senior;96,73;3,27;2,87;2,97;3,2;3,23;3,23;-0,215;-0,212;0,0034;02/10/2026;0,0225;
XS2536817211;BULGARIA 23/09/2029 4,125%;23/09/2029;EUR;GOV_BG;Bulgaria;BBB+;Baa1;;1000;Senior;101,16;3,7;3,17;3,17;2,75;2,77;2,77;0,232;0,236;0,005;02/10/2026;0,04125;
XS2536817484;BULGARIA 23/09/2034 4,625%;23/09/2034;EUR;GOV_BG;Bulgaria;BBB+;Baa1;;1000;Senior;101,02;4,47;3,88;3,88;6,54;6,7;6,7;0,898;0,909;0,0052;02/10/2026;0,04625;
XS2538441598;ROMANIA 27/09/2029 6,625%;27/09/2029;EUR;GOV_RO;Romania;BBB-;Baa3;;1000;Senior;104,83;4,84;4,03;4,03;2,67;2,71;2,71;1,368;1,374;0,0016;02/10/2026;0,06625;
XS2541433590;UNICREDIT 26/04/2027 4,15%;26/04/2027;EUR;UNICREDIT;UniCredit S.p.A;;;;10000;Senior;100,47;3,27;2,2;2,2;0,54;0,54;0,54;0,154;0,154;0,0005;02/10/2026;0,0415;
XS2545759099;INTESASANPAOLO SOCIAL BOND 13/01/2030 5,25%;13/01/2030;EUR;INTESASP;Intesa Sanpaolo;;;;100000;Senior;104,11;3,88;2,53;2,53;2,88;2,98;2,98;0,401;0,409;0,0029;02/10/2026;0,0525;
XS2552850096;GOLDMAN SACHS 22/01/2034 STEP DOWN 8% - 1% Callable;22/01/2034;EUR;GOLDMAN;Goldman Sachs;;;;1000;Senior;88,98;4,48;3,33;3,72;6,04;6,34;6,32;0,92;0,928;0,0205;02/10/2026;0,045;
XS2558594391;UNGHERIA GREEN BOND 22/02/2027 5%;22/02/2027;EUR;GOV_HU;Ungheria;BBB-;Baa2;;1000;Senior;100,749;2,95;2,31;2,31;0,37;0,37;0,37;0,079;0,079;0,0023;02/10/2026;0,05;
XS2567573899;GOLDMAN SACHS 20/07/2036 6,2% Cumulative callable;20/07/2036;EUR;GOLDMAN;Goldman Sachs;;;;1000;Senior;93,45;4,87;3,94;4,06;9,34;9,42;9,41;1,258;1,258;0,021;02/10/2026;0,062;
XS2571922884;ROMANIA 17/02/2028 6,625% USD;17/02/2028;USD;GOV_RO;Romania;BBB-;Baa3;;2000;Senior;100,93;5,97;5,12;5,12;1,24;1,26;1,26;2,619;2,626;0,0033;02/10/2026;0,06625;
XS2571923007;ROMANIA 17/01/2033 7,125% USD;17/01/2033;USD;GOV_RO;Romania;BBB-;Baa3;;2000;Senior;100,75;7,09;6,17;6,17;4,76;4,92;4,92;3,555;3,568;0,0049;02/10/2026;0,07125;
XS2571924070;ROMANIA 17/01/2053 7,625% USD;17/01/2053;USD;GOV_RO;Romania;BBB-;Baa3;;2000;Senior;97,99;7,96;6,95;6,95;10,55;11,61;11,61;4,397;4,358;0,0047;02/10/2026;0,07625;
XS2574388646;BEI 12/01/2033 2,88%;12/01/2033;EUR;SOV_BEI;European Investment Bank;AAA;;;1000;Senior;96,35;3,54;3,1;3,16;5,5;5,59;5,58;0,004;0,009;0,0029;02/10/2026;0,0288;
XS2574873183;E.ON GREEN BOND 12/01/2035 3,875% CALLABLE;12/01/2035;EUR;EON;E.ON SE;;;;1000;Senior;96,89;4,33;3,22;3,29;6,72;7,08;7,07;0,75;0,761;0,0041;02/10/2026;0,03875;
XS2574873266;E.ON 12/01/2028 3,5% CALLABLE;12/01/2028;EUR;EON;E.ON SE;;;;1000;Senior;100,27;3,27;2,33;2,33;1,2;1,21;1,21;-0,065;-0,06;0,002;02/10/2026;0,035;
XS2577518488;BANCA IFIS 19/01/2027 6,125%;19/01/2027;EUR;BANCAIFIS;Banca IFIS S.p.A.;;;;100000;Senior;100,59;3,94;2,39;2,39;0,28;0,28;0,28;1,266;1,266;0,0109;02/10/2026;0,06125;
XS2577572188;BANCO BPM GREEN BOND 18/01/2027 4,875%;18/01/2027;EUR;BANCOBPM;Banco BPM;;;;100000;Senior;100,49;3,07;1,82;1,82;0,28;0,28;0,28;0,403;0,403;0,002;02/10/2026;0,04875;
XS2579191532;UNICREDIT 23/02/2027 4,1%;23/02/2027;EUR;UNICREDIT;UniCredit S.p.A;;;;150000;Senior;100,3;3,26;2,22;2,22;0,37;0,38;0,38;0,384;0,384;0,0004;02/10/2026;0,041;
XS2579483319;BULGARIA 27/01/2033 4,5%;27/01/2033;EUR;GOV_BG;Bulgaria;BBB+;Baa1;;1000;Senior;101,17;4,28;3,7;3,7;5,25;5,37;5,37;0,745;0,753;0,0045;02/10/2026;0,045;
XS2582098187;MEDIOBANCA 15/02/2028 TV - TF 3,7%;15/02/2028;EUR;MEDIOBANCA;Mediobanca;;;;1000;Senior;99,57;4,02;2,98;3,06;1,27;1,3;1,29;0,667;0,673;0,0055;02/10/2026;0,037;
XS2586944147;POLONIA 14/02/2043 4,25%;14/02/2043;EUR;GOV_PL;Polonia;A-;A3;;1000;Senior;92,98;4,88;4,29;4,32;11,06;11,57;11,58;1,198;1,222;0,0078;02/10/2026;0,0425;
XS2586944659;POLONIA 14/02/2033 3,875%;14/02/2033;EUR;GOV_PL;Polonia;A-;A3;;1000;Senior;98,9;4,07;3,57;3,58;5,4;5,51;5,5;0,535;0,542;0,0057;02/10/2026;0,03875;
XS2587298204;BEI 28/07/2028 2,75%;28/07/2028;EUR;SOV_BEI;European Investment Bank;AAA;;;1000;Senior;99,47;3,05;2,67;2,7;1,73;1,74;1,74;-0,358;-0,356;0,0017;02/10/2026;0,0275;
XS2593770485;BARCLAYS BANK 20/09/2038 6,5% Cumulative callable;20/09/2038;EUR;BARCLAYS;Barclays;;;;1000;Senior;96,66;4,52;3,67;3,71;11,45;11,54;11,54;0,857;0,857;0,0099;02/10/2026;0,065;
XS2623496085;FORD 15/05/2028 6,125%;15/05/2028;EUR;FORD;Ford Motor Company;;;;100000;Senior;103,35;3,91;2,37;2,37;1,49;1,53;1,53;0,523;0,528;0,0039;02/10/2026;0,06125;
XS2625196352;INTESA SANPAOLO GREEN 19/05/2030 4,875%;19/05/2030;EUR;INTESASP;Intesa Sanpaolo;;;;100000;Senior;103,01;3,96;2,72;2,72;3,22;3,33;3,33;0,471;0,477;0,0027;02/10/2026;0,04875;
XS2625968347;BMW FINANCE 22/07/2030 3,25%;22/07/2030;EUR;BMW;Bayerische Motoren Werke AG;;;;1000;Senior;98,53;3,67;2,72;2,8;3,48;3,55;3,55;0,179;0,183;0,0028;02/10/2026;0,0325;
XS2625968693;BMW FINANCE 22/11/2026 3,25%;22/11/2026;EUR;BMW;Bayerische Motoren Werke AG;;;;1000;Senior;100,14;2,12;1,3;1,3;0,13;0,13;0,13;-0,498;-0,498;0,0014;02/10/2026;0,0325;
XS2625968776;BMW FINANCE 22/05/2035 3,625%;22/05/2035;EUR;BMW;Bayerische Motoren Werke AG;;;;1000;Senior;94,71;4,37;3,25;3,4;7,11;7,46;7,46;0,785;0,796;0,0037;02/10/2026;0,03625;
XS2626024868;BEI 30/07/2030 2,75%;30/07/2030;EUR;SOV_BEI;European Investment Bank;AAA;;;1000;Senior;97,72;3,4;2,98;3,04;3,53;3,57;3,56;-0,095;-0,092;0,0008;02/10/2026;0,0275;
XS2627121259;FERROVIE DELLO STATO GREEN 23/05/2029 4,125%;23/05/2029;EUR;FS;Ferrovie dello stato S.p.A.;;;;100000;Senior;101;3,71;2,63;2,63;2,42;2,47;2,47;0,251;0,256;0,01;02/10/2026;0,04125;
XS2641794081;ALPERIA GREEN BOND 05/07/2028 5,701% CALLABLE;05/07/2028;EUR;ALPERIA;Alperia S.p.A.;;;;100000;Senior;103,69;3,47;2,04;2,04;1,64;1,67;1,67;0,07;0,074;0,0136;02/10/2026;0,05701;
XS2647979181;BEI 15/07/2033 3%;15/07/2033;EUR;SOV_BEI;European Investment Bank;AAA;;;1000;Senior;97,08;3,49;3,06;3,1;5,97;6,06;6,06;-0,055;-0,049;0,0065;02/10/2026;0,03;
XS2665176298;MEDIOBANCA 25/09/2028 4%;25/09/2028;EUR;MEDIOBANCA;Mediobanca;;;;1000;Senior;100,7;3,62;2,59;2,59;1,86;1,89;1,89;0,201;0,204;0,0079;02/10/2026;0,04;
XS2666415836;MEDIOBANCA 29/09/2028 3,65%;29/09/2028;EUR;MEDIOBANCA;Mediobanca;;;;1000;Senior;99,84;3,73;2,76;2,78;1,88;1,9;1,9;0,31;0,312;0,0013;02/10/2026;0,0365;
XS2673536541;E.ON GREEN BOND 01/03/2029 3,75% CALLABLE;01/03/2029;EUR;EON;E.ON SE;;;;1000;Senior;100,67;3,45;2,47;2,47;2,22;2,26;2,26;-0,002;0,003;0,0027;02/10/2026;0,0375;
XS2680932907;UNGHERIA 12/09/2033 5,375%;12/09/2033;EUR;GOV_HU;Ungheria;BBB-;Baa2;;1000;Senior;104,09;4,67;4;4;5,71;5,84;5,84;1,121;1,13;0,0048;02/10/2026;0,05375;
XS2689948078;ROMANIA 18/09/2033 6,375%;18/09/2033;EUR;GOV_RO;Romania;BBB-;Baa3;;1000;Senior;100,82;6,22;5,43;5,43;5,48;5,63;5,63;2,674;2,685;0,0021;02/10/2026;0,06375;
XS2689949399;ROMANIA 18/09/2028 5,5%;18/09/2028;EUR;GOV_RO;Romania;BBB-;Baa3;;1000;Senior;102,13;4,33;3,66;3,66;1,82;1,84;1,84;0,912;0,915;0,0036;02/10/2026;0,055;
XS2694872594;VOLKSWAGEN LEASING GREEN BOND 25/03/2029 4,625%;25/03/2029;EUR;VOLKSWAGEN;Volkswagen AG;;;;1000;Senior;101,49;3,97;2,77;2,77;2,25;2,3;2,3;0,516;0,522;0,0026;02/10/2026;0,04625;
XS2694874533;VOLKSWAGEN GREEN BOND 25/09/2031 4,75%;25/09/2031;EUR;VOLKSWAGEN;Volkswagen AG;;;;1000;Senior;101,46;4,42;3,17;3,17;4,35;4,5;4,5;0,906;0,912;0,004;02/10/2026;0,0475;
XS2698773830;BMW 04/10/2028 3,875%;04/10/2028;EUR;BMW;Bayerische Motoren Werke AG;;;;1000;Senior;100,57;3,57;2,57;2,57;1,89;1,92;1,92;0,148;0,151;0,0024;02/10/2026;0,03875;
XS2700673440;BARCLAYS 07/02/2039 5,7% CUMULATIVE CALLABLE;07/02/2039;EUR;BARCLAYS;Barclays;;;;1000;Senior;86,7;4,98;4,05;4,23;11,76;11,87;11,85;1,31;1,31;0,0035;02/10/2026;0,057;
XS2701724663;MEDIOBANCA 17/11/2027 4%;17/11/2027;EUR;MEDIOBANCA;Mediobanca;;;;1000;Senior;100,98;3,09;2,06;2,06;1,04;1,06;1,06;-0,221;-0,218;0,0091;02/10/2026;0,04;
XS2708218800;GOLDMAN SACHS 01/03/2037 STEP DOWN 8% - 1,25% Callable;01/03/2037;EUR;GOLDMAN;Goldman Sachs;;;;1000;Senior;78,4;4,85;3,65;4,19;8,11;8,63;8,6;1,216;1,229;0,0015;02/10/2026;0,08;
XS2716887760;BULGARIA 13/05/2031 4,375%;13/05/2031;EUR;GOV_BG;Bulgaria;BBB+;Baa1;;1000;Senior;101,1;4,1;3,54;3,54;4,04;4,1;4,1;0,599;0,604;0,0069;02/10/2026;0,04375;
XS2716887844;BULGARIA 13/05/2036 4,875%;13/05/2036;EUR;GOV_BG;Bulgaria;BBB+;Baa1;;1000;Senior;102,01;4,61;3,99;3,99;7,43;7,66;7,66;0,997;1,014;0,0062;02/10/2026;0,04875;
XS2717294487;ALERION GREEN BOND 12/12/2029 6,75% CALLABLE;12/12/2029;EUR;ALERION;Alerion Clean Power S.p.A.;;;;1000;Senior;103,35;5,66;3,9;3,9;2,71;2,83;2,83;2,18;2,189;0,0016;02/10/2026;0,0675;
XS2722876609;LETTONIA 22/05/2029 3,875%;22/05/2029;EUR;GOV_LV;Lettonia;A;A3;;1000;Senior;101,35;3,33;2,85;2,85;2,43;2,46;2,46;-0,131;-0,127;0,0135;02/10/2026;0,03875;
XS2725942523;MEDIOBANCA 25/01/2029 4%;25/01/2029;EUR;MEDIOBANCA;Mediobanca;;;;1000;Senior;100,13;3,93;2,89;2,89;2,11;2,16;2,16;0,485;0,491;0,004;02/10/2026;0,04;
XS2726911931;POLONIA 29/11/2030 3,625%;29/11/2030;EUR;GOV_PL;Polonia;A-;A3;;1000;Senior;99,64;3,72;3,26;3,26;3,67;3,73;3,73;0,221;0,226;0,0056;02/10/2026;0,03625;
XS2740429076;ESTONIA 17/01/2034 3,25%;17/01/2034;EUR;GOV_EE;Estonia;NR;A1;;1000;Senior;95,04;4,05;3,55;3,62;6,18;6,3;6,3;0,492;0,5;0,0184;02/10/2026;0,0325;
XS2741344613;MEDIOBANCA 31/01/2029 3,3%;31/01/2029;EUR;MEDIOBANCA;Mediobanca;;;;1000;Senior;99,29;3,61;2,68;2,75;2,15;2,19;2,19;0,167;0,173;0,0059;02/10/2026;0,033;
XS2742975738;BARCLAYS 19/04/2044 6,2% Cumulative callable;19/04/2044;EUR;BARCLAYS;Barclays;;;;1000;Senior;81,79;4,88;4,06;4,2;16,73;16,86;16,84;1,204;1,204;0,0224;02/10/2026;0,062;
XS2745344601;VOLKSWAGEN GREEN BOND 11/10/2026 3,625%;11/10/2026;EUR;VOLKSWAGEN;Volkswagen AG;;;;1000;Senior;100,06;-0,72;-1,66;-1,66;0,01;0,01;0,01;-3,34;-3,34;0,0011;02/10/2026;0,03625;
XS2745705637;INTESA SANPAOLO 12/01/2032 STEP DOWN 7% - 4% USD;12/01/2032;USD;INTESASP;Intesa Sanpaolo;;;;2000;Senior;96,99;5,7;4,2;4,34;4,3;4,53;4,52;2,186;2,194;0,0226;02/10/2026;0,06;
XS2745725155;VOLKSWAGEN GREEN BOND 11/10/2028 3,875%;11/10/2028;EUR;VOLKSWAGEN;Volkswagen AG;;;;1000;Senior;100,09;3,83;2,81;2,81;1,83;1,88;1,88;0,4;0,403;0,0017;02/10/2026;0,03875;
XS2745726047;VOLKSWAGEN GREEN BOND 11/04/2031 4%;11/04/2031;EUR;VOLKSWAGEN;Volkswagen AG;;;;1000;Senior;98,56;4,35;3,23;3,28;3,97;4,1;4,1;0,85;0,856;0,0016;02/10/2026;0,04;
XS2746102479;POLONIA 11/01/2034 3,625%;11/01/2034;EUR;GOV_PL;Polonia;A-;A3;;1000;Senior;96,52;4,19;3,67;3,72;6,08;6,21;6,21;0,633;0,641;0,0049;02/10/2026;0,03625;
XS2746103014;POLONIA 11/01/2044 4,125%;11/01/2044;EUR;GOV_PL;Polonia;A-;A3;;1000;Senior;90,93;4,91;4,32;4,36;11,47;12,02;12,02;1,237;1,258;0,0054;02/10/2026;0,04125;
XS2747600018;E.ON GREEN BOND 15/01/2031 3,375% CALLABLE;15/01/2031;EUR;EON;E.ON SE;;;;1000;Senior;98,02;3,88;2,88;2,98;3,81;3,92;3,92;0,384;0,389;0,0031;02/10/2026;0,03375;
XS2747600109;E.ON GREEN BOND 15/01/2036 3,75% CALLABLE;15/01/2036;EUR;EON;E.ON SE;;;;1000;Senior;95,41;4,36;3,24;3,35;7,43;7,85;7,85;0,758;0,771;0,0045;02/10/2026;0,0375;
XS2749779067;MEDIOBANCA 21/02/2030 STEP UP 3% - 4%;21/02/2030;EUR;MEDIOBANCA;Mediobanca;;;;1000;Senior;98,83;4,12;3,05;3,14;3,05;3,13;3,13;0,638;0,643;0,0061;02/10/2026;0,034;
XS2750224201;MEDIOBANCA 16/02/2029 3,1%;16/02/2029;EUR;MEDIOBANCA;Mediobanca;;;;1000;Senior;98,5;3,76;2,79;2,95;2,19;2,23;2,23;0,317;0,321;0,0033;02/10/2026;0,031;
XS2753429047;UNGHERIA GREEN BOND 25/07/2029 4%;25/07/2029;EUR;GOV_HU;Ungheria;BBB-;Baa2;;1000;Senior;100,22;3,91;3,39;3,39;2,59;2,61;2,61;0,444;0,448;0,0021;02/10/2026;0,04;
XS2756521212;ROMANIA 30/01/2029 5,875% USD;30/01/2029;USD;GOV_RO;Romania;BBB-;Baa3;;2000;Senior;99,32;6,28;5,49;5,51;2,05;2,08;2,08;2,834;2,842;0,0064;02/10/2026;0,05875;
XS2756521303;ROMANIA 30/01/2034 6,375% USD;30/01/2034;USD;GOV_RO;Romania;BBB-;Baa3;;2000;Senior;95,36;7,33;6,41;6,47;5,45;5,65;5,64;3,768;3,782;0,0054;02/10/2026;0,06375;
XS2761989982;BARCLAYS 17/05/2044 10% Cumulative callable USD;17/05/2044;USD;BARCLAYS;Barclays;;;;1000;Senior;82,02;6,09;5,2;5,31;16,61;16,75;16,74;2,415;2,415;0,0515;02/10/2026;0;
XS2765024414;WORLD BANK 14/02/2034 2,9%;14/02/2034;EUR;SOV_WORLDBANK;World Bank;;;;1000;Senior;96,56;3,44;3,01;3,06;6,38;6,49;6,49;-0,122;-0,115;0,0132;02/10/2026;0,029;
XS2765498717;LITUANIA 13/02/2034 3,5%;13/02/2034;EUR;GOV_LT;Lituania;A;A2;;1000;Senior;95,37;4,24;3,72;3,78;6,18;6,31;6,31;0,686;0,694;0,0093;02/10/2026;0,035;
XS2770920937;ROMANIA 22/03/2031 5,375%;22/03/2031;EUR;GOV_RO;Romania;BBB-;Baa3;;1000;Senior;99,39;5,52;4,84;4,85;3,76;3,84;3,84;2,021;2,028;0,0026;02/10/2026;0,05375;
XS2770921315;ROMANIA GREEN BOND 22/02/2036 5,625%;22/02/2036;EUR;GOV_RO;Romania;BBB-;Baa3;;1000;Senior;94,52;6,41;5,63;5,68;6,79;7,05;7,05;2,809;2,829;0,0031;02/10/2026;0,05625;
XS2805621146;BARCLAYS BANK 15/07/2042  6,2% Cumulative callable;15/07/2042;EUR;BARCLAYS;Barclays;;;;1000;Senior;82,69;5,1;4,21;4,38;15,02;15,15;15,12;1,418;1,418;0,0041;02/10/2026;0,062;
XS2829209720;ROMANIA 30/05/2032 5,25%;30/05/2032;EUR;GOV_RO;Romania;BBB-;Baa3;;1000;Senior;97,23;5,83;5,11;5,16;4,66;4,77;4,77;2,308;2,316;0,0015;02/10/2026;0,0525;
XS2829724504;GOLDMAN SACHS 07/02/2042 5,3% Cumulative callable;07/02/2042;EUR;GOLDMAN;Goldman Sachs;;;;1000;Senior;75,72;5,42;4,45;4,71;14,56;14,7;14,66;1,734;1,734;0,0298;02/10/2026;0,053;
XS2829810923;ROMANIA 30/05/2037 5,625%;30/05/2037;EUR;GOV_RO;Romania;BBB-;Baa3;;1000;Senior;91,94;6,7;5,89;5,96;7,51;7,82;7,82;3,066;3,092;0,0045;02/10/2026;0,05625;
XS2837886287;VOLKSWAGEN GREEN BOND 10/09/2030 3,875%;10/09/2030;EUR;VOLKSWAGEN;Volkswagen AG;;;;1000;Senior;98,7;4,24;3,14;3,21;3,56;3,65;3,65;0,746;0,751;0,0028;02/10/2026;0,03875;
XS2849767202;CIPRO 27/06/2031 3,25% ;27/06/2031;EUR;GOV_CY;Cipro;A;A3;;1000;Senior;102,68;2,64;2,23;2,23;4,31;4,36;4,36;-0,868;-0,864;1;02/10/2026;0,0325;
XS2861438815;BARCLAYS BANK 16/10/2042 5,3% Cumulative Callable;16/10/2042;EUR;BARCLAYS;Barclays;;;;100;Senior;81,98;4,78;3,91;4,09;15,31;15,43;15,41;1,097;1,097;0,043;02/10/2026;0,053;
XS2887897200;WORLD BANK 28/08/2031 2,6%;28/08/2031;EUR;SOV_WORLDBANK;World Bank;;;;1000;Senior;96,33;3,43;3;3,09;4,49;4,53;4,53;-0,081;-0,078;0,005;02/10/2026;0,026;
XS2887901325;BMW 27/08/2027 3% ;27/08/2027;EUR;BMW;Bayerische Motoren Werke AG;;;;1000;Senior;99,79;3,24;2,4;2,45;0,86;0,87;0,87;-0,019;-0,019;0,0031;02/10/2026;0,03;
XS2887901598;BMW 27/08/2030 3,125% ;27/08/2030;EUR;BMW;Bayerische Motoren Werke AG;;;;1000;Senior;97,07;3,95;2,93;3,12;3,57;3,65;3,64;0,458;0,462;0,0042;02/10/2026;0,03125;
XS2887901911;BMW 27/08/2034 3,375% ;27/08/2034;EUR;BMW;Bayerische Motoren Werke AG;;;;1000;Senior;92,87;4,47;3,33;3,54;6,7;6,97;6,96;0,897;0,905;0,0043;02/10/2026;0,03375;
XS2890420834;BULGARIA 05/09/2032 3,625% ;05/09/2032;EUR;GOV_BG;Bulgaria;BBB+;Baa1;;1000;Senior;96,8;4,25;3,72;3,77;5,19;5,27;5,27;0,719;0,724;0,0062;02/10/2026;0,03625;
XS2890435600;BULGARIA 05/09/2044 4,25% ;05/09/2044;EUR;GOV_BG;Bulgaria;BBB+;Baa1;;1000;Senior;88,93;5,21;4,59;4,63;11,88;12,45;12,45;1,54;1,56;0,0072;02/10/2026;0,0425;
XS2890436087;BULGARIA 05/03/2037 5% USD;05/03/2037;USD;GOV_BG;Bulgaria;BBB+;Baa1;;2000;Senior;90,79;6,31;5,54;5,62;7,6;7,88;7,88;2,681;2,703;0,0077;02/10/2026;0,05;
XS2895631567;E.ON GREEN BOND 05/03/2030 3,125% CALLABLE;05/03/2030;EUR;EON;E.ON SE;;;;1000;Senior;98,14;3,71;2,75;2,87;3,12;3,19;3,18;0,228;0,232;0,0045;02/10/2026;0,03125;
XS2895631641;E.ON 05/09/2038 3,875% CALLABLE;05/09/2038;EUR;EON;E.ON SE;;;;1000;Senior;93,6;4,58;3,42;3,53;9,23;9,82;9,82;0,924;0,944;0,0084;02/10/2026;0,03875;
XS2908633683;ROMANIA 24/03/2035 5,75% USD;24/03/2035;USD;GOV_RO;Romania;BBB-;Baa3;;2000;Senior;90,28;7,45;6,53;6,65;6,24;6,46;6,46;3,861;3,878;0,0041;02/10/2026;0,0575;
XS2908644615;ROMANIA 24/09/2031 5,125% ;24/09/2031;EUR;GOV_RO;Romania;BBB-;Baa3;;1000;Senior;97,95;5,61;4,91;4,96;4,26;4,34;4,34;2,098;2,104;0,0012;02/10/2026;0,05125;
XS2908645265;ROMANIA 24/09/2044 6% ;24/09/2044;EUR;GOV_RO;Romania;BBB-;Baa3;;1000;Senior;89,43;7,06;6,2;6,24;10,32;10,97;10,98;3,379;3,408;0,002;02/10/2026;0,06;
XS2922763896;POLONIA 22/10/2031 3,125% ;22/10/2031;EUR;GOV_PL;Polonia;A-;A3;;1000;Senior;96,23;3,96;3,48;3,56;4,42;4,49;4,49;0,453;0,457;0,0043;02/10/2026;0,03125;
XS2922764191;POLONIA 22/10/2039 3,875% ;22/10/2039;EUR;GOV_PL;Polonia;A-;A3;;1000;Senior;91,24;4,79;4,21;4,28;9,48;9,84;9,84;1,119;1,142;0,0037;02/10/2026;0,03875;
XS2932806065;ALERION GREEN BOND 11/12/2030 4,75% CALLABLE;11/12/2030;EUR;ALERION;Alerion Clean Power S.p.A.;;;;1000;Senior;99,98;4,81;3,55;3,55;3,61;3,75;3,75;1,312;1,318;0,002;02/10/2026;0,0475;
XS2935655113;BARCLAYS BANK 30/01/2045 5,4% Cumulative Callable;30/01/2045;EUR;BARCLAYS;Barclays;;;;1000;Senior;89,99;4,13;3,36;3,45;17,6;17,73;17,72;0,46;0,46;0,1537;02/10/2026;0,054;
XS2958536976;NEW LAT FOOD 12/02/2031 4,75% CALLABLE;12/02/2031;EUR;NEWLATFOOD;New Lat Food S.p.A.;;;;1000;Senior;99,4;4,96;3,66;3,7;3,77;3,91;3,91;1,459;1,466;0,001;02/10/2026;0,0475;
XS2970972613;SOCIETE GENERALE 07/02/2040 4,75% Cumulative callable;07/02/2040;EUR;SOCGEN;Societe Generale;;;;1000;Senior;83,52;4,82;3,88;4,1;12,73;12,85;12,82;1,14;1,14;0,0121;02/10/2026;0,0475;
XS2971936948;UNGHERIA 16/06/2034 4,5% ;16/06/2034;EUR;GOV_HU;Ungheria;BBB-;Baa2;;1000;Senior;98,39;4,75;4,16;4,18;6,28;6,43;6,43;1,186;1,196;0,0038;02/10/2026;0,045;
XS2971937672;UNGHERIA GREEN BOND 22/03/2040 4,875% ;22/03/2040;EUR;GOV_HU;Ungheria;BBB-;Baa2;;1000;Senior;97,89;5,09;4,46;4,47;9,4;9,8;9,8;1,412;1,441;0,004;02/10/2026;0,04875;
XS2975276143;POLONIA 16/01/2035 3,625% ;16/01/2035;EUR;GOV_PL;Polonia;A-;A3;;1000;Senior;95,7;4,25;3,73;3,78;6,8;6,96;6,96;0,672;0,682;0,0047;02/10/2026;0,03625;
XS2975280509;POLONIA 16/01/2030 3% ;16/01/2030;EUR;GOV_PL;Polonia;A-;A3;;1000;Senior;98,27;3,56;3,12;3,18;3;3,03;3,03;0,085;0,089;0,0055;02/10/2026;0,03;
XS2978482169;E.ON GREEN BOND 16/01/2040 4% CALLABLE;16/01/2040;EUR;EON;E.ON SE;;;;1000;Senior;93,54;4,66;3,47;3,57;9,69;10,47;10,47;0,984;1,009;0,0057;02/10/2026;0,04;
XS2978594989;E.ON 16/04/2033 3,5% CALLABLE;16/04/2033;EUR;EON;E.ON SE;;;;1000;Senior;96,26;4,16;3,09;3,22;5,61;5,82;5,82;0,623;0,629;0,0025;02/10/2026;0,035;
XS2982293156;GOLDMAN SACHS 04/08/2035 4,4% Cumulative Callable;04/08/2035;EUR;GOLDMAN;Goldman Sachs;;;;100;Senior;90,6;4,73;3,7;3,92;8,43;8,52;8,5;1,139;1,139;0,0064;02/10/2026;0,044;
XS2982296092;GOLDMAN SACHS 04/08/2035 6,75% Cumulative callable USD;04/08/2035;USD;GOLDMAN;Goldman Sachs;;;;100;Senior;90,11;6,26;4,98;5,19;8,31;8,41;8,4;2,665;2,665;0,0109;02/10/2026;0,0675;
XS2982308285;GOLDMAN SACHS 05/06/2040 STEP DOWN 7% - 2% CALLABLE;05/06/2040;EUR;GOLDMAN;Goldman Sachs;;;;100;Senior;87,19;4,51;3,35;3,57;9,84;10,69;10,69;0,829;0,851;0,0287;02/10/2026;0,07;
XS2982332400;BMW 22/07/2029 3,125%;22/07/2029;EUR;BMW;Bayerische Motoren Werke AG;;;;1000;Senior;98,19;3,82;2,83;2,99;2,6;2,65;2,64;0,351;0,354;0,0027;02/10/2026;0,03125;
XS2999533271;ROMANIA 10/03/2030 5,25%;10/03/2030;EUR;GOV_RO;Romania;BBB-;Baa3;;1000;Senior;100,6;5,04;4,39;4,39;2,99;3,04;3,04;1,56;1,567;0,0033;02/10/2026;0,0525;
XS2999552909;ROMANIA 10/09/2034 6,25%;10/09/2034;EUR;GOV_RO;Romania;BBB-;Baa3;;1000;Senior;100,16;6,22;5,43;5,43;6,08;6,28;6,28;2,65;2,665;0,0053;02/10/2026;0,0625;
XS2999564581;ROMANIA 10/02/2037 7,5% USD;10/02/2037;USD;GOV_RO;Romania;BBB-;Baa3;;2000;Senior;100,31;7,59;6,62;6,62;6,79;7,13;7,13;3,961;3,992;0,0036;02/10/2026;0,075;
XS3021378032;ROMANIA 11/07/2032 5,875%;11/07/2032;EUR;GOV_RO;Romania;BBB-;Baa3;;1000;Senior;99,52;5,97;5,22;5,23;4,71;4,82;4,82;2,443;2,451;0,0042;02/10/2026;0,05875;
XS3021378388;ROMANIA 11/07/2039 6,75%;11/07/2039;EUR;GOV_RO;Romania;BBB-;Baa3;;1000;Senior;98,17;6,97;6,1;6,11;8,2;8,62;8,62;3,293;3,331;0,0017;02/10/2026;0,0675;
XS3025746853;BARCLAYS BANK 29/05/2050 6,5% Cumulative callable;29/05/2050;EUR;BARCLAYS;Barclays;;;;1000;Senior;75;4,95;4,16;4,29;22,54;22,71;22,69;1,34;1,34;0,0108;02/10/2026;0,065;
XS3032929930;DEUTSCHE BANK 30/05/2033 2,9%;30/05/2033;EUR;DEUTSCHEBANK;Deutsche Bank AG;;;;1000;Senior;92,9;4,14;3,09;3,36;5,81;6,01;6;0,601;0,606;0,0404;02/10/2026;0,029;
XS3062135556;BARCLAYS BANK 14/07/2043 5,6% Cumulative Callable;14/07/2043;EUR;BARCLAYS;Barclays;;;;1000;Senior;80,91;5,06;4,13;4,31;15,97;16,11;16,09;1,378;1,378;0,0133;02/10/2026;0,056;
XS3062135630;BARCLAYS BANK 14/07/2043 8,8% USD Cumulative Callable;14/07/2043;USD;BARCLAYS;Barclays;;;;1000;Senior;98,99;5,24;4,31;4,31;15,95;16,09;16,09;1,556;1,556;0,2806;02/10/2026;0,088;
XS3063879368;BULGARIA 07/05/2034 3,5%;07/05/2034;EUR;GOV_BG;Bulgaria;BBB+;Baa1;;1000;Senior;94,34;4,39;3,85;3,92;6,39;6,52;6,51;0,828;0,836;0,0108;02/10/2026;0,035;
XS3063879442;BULGARIA 07/05/2038 4,125%;07/05/2038;EUR;GOV_BG;Bulgaria;BBB+;Baa1;;1000;Senior;93,15;4,91;4,31;4,36;8,76;9,05;9,05;1,258;1,279;0,0112;02/10/2026;0,04125;
XS3075490188;BMW 20/05/2031 3,25%;20/05/2031;EUR;BMW;Bayerische Motoren Werke AG;;;;1000;Senior;96,55;4,08;3,03;3,21;4,14;4,26;4,25;0,577;0,581;0,0023;02/10/2026;0,0325;
XS3075490261;BMW 20/11/2034 3,75%;20/11/2034;EUR;BMW;Bayerische Motoren Werke AG;;;;1000;Senior;95,08;4,48;3,34;3,47;6,59;6,94;6,94;0,91;0,92;0,003;02/10/2026;0,0375;
XS3075491152;BMW 20/05/2028 2,625%;20/05/2028;EUR;BMW;Bayerische Motoren Werke AG;;;;1000;Senior;98,47;3,6;2,67;2,9;1,54;1,56;1,56;0,216;0,218;0,0045;02/10/2026;0,02625;
XS3077018714;NEXI 21/05/2031 3,875% CALLABLE;21/05/2031;EUR;NEXI;Nexi SpA;;;;100000;Senior;97,82;4,4;3,27;3,38;4,08;4,21;4,21;0,897;0,902;0,0102;02/10/2026;0,03875;
XS3085263138;SOCIETE GENERALE 12/06/2045 5,5% Cumulative callable;12/06/2045;EUR;SOCGEN;Societe Generale;;;;1000;Senior;82,22;4,67;3,83;3,97;17,86;18,01;17,98;1,004;1,004;0,0114;02/10/2026;0,055;
XS3109446610;POLONIA 07/07/2032 3,125%;07/07/2032;EUR;GOV_PL;Polonia;A-;A3;;1000;Senior;95,25;4,06;3,57;3,66;5,09;5,17;5,17;0,541;0,545;0,0066;02/10/2026;0,03125;
XS3109460959;POLONIA GREEN BOND 07/07/2037 3,875%;07/07/2037;EUR;GOV_PL;Polonia;A-;A3;;1000;Senior;93,58;4,65;4,08;4,14;8,45;8,69;8,69;1,008;1,026;0,0055;02/10/2026;0,03875;
XS3114897633;ROMANIA 16/05/2036 6,625% USD;16/05/2036;USD;GOV_RO;Romania;BBB-;Baa3;;2000;Senior;94,9;7,51;6,57;6,62;6,51;6,81;6,81;3,898;3,922;0,0042;02/10/2026;0,06625;
XS3114901336;ROMANIA 16/09/2030 5,75% USD;16/09/2030;USD;GOV_RO;Romania;BBB-;Baa3;;2000;Senior;97;6,73;5,89;5,98;3,34;3,41;3,41;3,239;3,246;0,0059;02/10/2026;0,0575;
XS3124345631;BULGARIA 18/07/2035 3,375%;18/07/2035;EUR;GOV_BG;Bulgaria;BBB+;Baa1;;1000;Senior;91,85;4,52;3,97;4,05;7,3;7,46;7,46;0,928;0,938;0,0046;02/10/2026;0,03375;
XS3124393367;BULGARIA 18/07/2045 4,125%;18/07/2045;EUR;GOV_BG;Bulgaria;BBB+;Baa1;;1000;Senior;87,16;5,21;4,59;4,64;12,23;12,84;12,85;1,542;1,559;0,0096;02/10/2026;0,04125;
XS3129375732;IBRD 23/07/2035 3%;23/07/2035;EUR;SOV_IBRD;International Bank for Reconstruction and Development;AAA;;;1000;Senior;95,22;3,64;3,2;3,26;7,51;7,65;7,65;0,054;0,063;0,0071;02/10/2026;0,03;
XS3135860065;BARCLAYS BANK 06/10/2050 6,5% Cumulative callable;06/10/2050;EUR;BARCLAYS;Barclays;;;;1000;Senior;87;4,4;3,65;3,71;23,01;23,17;23,16;0,795;0,795;0,1401;02/10/2026;0,065;
XS3189138111;BARCLAYS BANK 04/12/2041 5% Cumulative Callable;04/12/2041;EUR;BARCLAYS;Barclays;;;;1000;Senior;88,2;4,5;3,6;3,74;14,52;14,65;14,63;0,806;0,806;0,0232;02/10/2026;0,05;
XS3198384573;ROMANIA 07/06/2033 5,375%;07/06/2033;EUR;GOV_RO;Romania;BBB-;Baa3;;1000;Senior;95,71;6,17;5,41;5,47;5,33;5,47;5,47;2,628;2,638;0,0022;02/10/2026;0,05375;
XS3198384813;ROMANIA 07/10/2037 6,125%;07/10/2037;EUR;GOV_RO;Romania;BBB-;Baa3;;1000;Senior;95,11;6,77;5,94;5,97;7,25;7,61;7,61;3,126;3,154;0,0033;02/10/2026;0,06125;
XS3200176298;ROMANIA 07/10/2045 6,5%;07/10/2045;EUR;GOV_RO;Romania;BBB-;Baa3;;1000;Senior;93,64;7,12;6,25;6,27;9,76;10,5;10,51;3,451;3,477;0,0033;02/10/2026;0,065;
XS3213330791;ALERION GREEN BOND 06/02/2032 4,625% CALLABLE;06/02/2032;EUR;ALERION;Alerion Clean Power S.p.A.;;;;1000;Senior;98,8;4,94;3,65;3,7;4,53;4,72;4,72;1,423;1,43;0,0074;02/10/2026;0,04625;
XS3222075817;BARCLAYS BANK 12/01/2051 7% Cumulative Callable;12/01/2051;EUR;BARCLAYS;Barclays;;;;1000;Senior;87,15;4,6;3,82;3,89;23,22;23,39;23,38;1,007;1,007;0,0241;02/10/2026;0,07;
XS3268040964;POLONIA 15/01/2031 2,875%;15/01/2031;EUR;GOV_PL;Polonia;A-;A3;;1000;Senior;95,76;3,97;3,48;3,59;3,84;3,89;3,89;0,471;0,475;0,0026;02/10/2026;0,02875;
XS3268043554;POLONIA 15/06/2036 3,625%;15/06/2036;EUR;GOV_PL;Polonia;A-;A3;;1000;Senior;93,08;4,52;3,97;4,04;7,84;8,04;8,03;0,907;0,921;0,0063;02/10/2026;0,03625;
XS3269554690;UNGHERIA 26/05/2033 4,25%;26/05/2033;EUR;GOV_HU;Ungheria;BBB-;Baa2;;1000;Senior;97,91;4,62;4,05;4,08;5,57;5,69;5,69;1,076;1,084;0,0062;02/10/2026;0,0425;
XS3269555234;UNGHERIA 25/03/2038 4,875%;25/03/2038;EUR;GOV_HU;Ungheria;BBB-;Baa2;;1000;Senior;98,23;5,08;4,45;4,46;8,3;8,62;8,62;1,424;1,449;0,0048;02/10/2026;0,04875;
XS3276320358;LITUANIA 22/01/2031 3%;22/01/2031;EUR;GOV_LT;Lituania;A;A2;;1000;Senior;96,85;3,81;3,34;3,42;3,86;3,91;3,91;0,307;0,311;0,0102;02/10/2026;0,03;
XS3276321752;LITUANIA 22/01/2041 4,125%;22/01/2041;EUR;GOV_LT;Lituania;A;A2;;1000;Senior;91,56;4,96;4,36;4,41;10,08;10,5;10,5;1,273;1,3;0,0087;02/10/2026;0,04125;
XS3280518856;BMW 27/01/2029 2,625%;27/01/2029;EUR;BMW;Bayerische Motoren Werke AG;;;;1000;Senior;97,54;3,75;2,78;3,03;2,15;2,19;2,19;0,307;0,311;0,0007;02/10/2026;0,02625;
XS3280519078;BMW 27/01/2032 3,25%;27/01/2032;EUR;BMW;Bayerische Motoren Werke AG;;;;1000;Senior;95,53;4,2;3,13;3,33;4,65;4,81;4,8;0,689;0,694;0,0074;02/10/2026;0,0325;
XS3280519318;BMW 27/01/2036 3,75%;27/01/2036;EUR;BMW;Bayerische Motoren Werke AG;;;;1000;Senior;93,47;4,63;3,45;3,6;7,42;7,85;7,85;1,024;1,037;0,0034;02/10/2026;0,0375;
XS3307442197;ROMANIA 04/03/2033 4,625%;04/03/2033;EUR;GOV_RO;Romania;BBB-;Baa3;;1000;Senior;92;6,17;5,42;5,56;5,18;5,31;5,31;2,628;2,637;0,0022;02/10/2026;0,04625;
XS3307981491;ROMANIA 04/07/2036 5,75% USD;04/07/2036;USD;GOV_RO;Romania;BBB-;Baa3;;2000;Senior;88,86;7,5;6,59;6,7;6,68;6,98;6,97;3,885;3,909;0,0059;02/10/2026;0,0575;
XS3338525515;GOLDMAN SACHS 20/05/2041 6,25% Cumulative Callable;20/05/2041;EUR;GOLDMAN;Goldman Sachs;;;;100;Senior;94,72;4,84;3,87;3,92;13,96;14,09;14,08;1,148;1,148;0,0312;02/10/2026;0,0625;
XS3345065505;BARCLAYS BANK 11/05/2046 6,2% Cumulative Callable;11/05/2046;EUR;BARCLAYS;Barclays;;;;1000;Senior;92,95;4,45;3,61;3,66;18,77;18,93;18,92;0,785;0,785;0,0109;02/10/2026;0,062;
XS3435288413;UNGHERIA 23/03/2032 3,5%;23/03/2032;EUR;GOV_HU;Ungheria;BBB-;Baa2;;1000;Senior;95,45;4,46;3,91;3,99;4,8;4,87;4,87;0,938;0,942;0,0081;02/10/2026;0,035;
XS3435288769;UNGHERIA 21/05/2037 4,25%;21/05/2037;EUR;GOV_HU;Ungheria;BBB-;Baa2;;1000;Senior;93,36;5,07;4,45;4,52;8,18;8,44;8,44;1,438;1,458;0,0069;02/10/2026;0,0425;
XS3486811766;WORLD BANK 02/09/2036 3,45%;02/09/2036;EUR;SOV_WORLDBANK;World Bank;;;;1000;Senior;97,34;3,78;3,31;3,34;8,2;8,39;8,39;0,158;0,172;0,0029;02/10/2026;0,0345;
XS3511196753;TOYOTA 24/03/2033 4,2%;24/03/2033;EUR;TOYOTA;Toyota Motor Corporation;;;;1000;Senior;99,99;4,2;3,1;3,1;5,55;5,77;5,77;0,666;0,673;0,009;02/10/2026;0,042;
ZAG000030404;SUD AFRICA 31/03/2036 6,25% ZAR;31/03/2036;ZAR;GOV_ZA;Sud Africa;BB;Ba2;;1;Senior;82,98;9,15;8,03;8,03;6,45;6,73;6,73;5,539;5,564;0,0018;02/10/2026;0,0625;
ZAG000077470;SUD AFRICA 28/02/2031 7% ZAR;28/02/2031;ZAR;GOV_ZA;Sud Africa;BB;Ba2;;1;Senior;95,08;8,53;7,6;7,63;3,52;3,6;3,6;5,022;5,031;0,0011;02/10/2026;0,07;
ZAG000077488;SUD AFRICA 28/02/2041 6,5% ZAR;28/02/2041;ZAR;GOV_ZA;Sud Africa;BB;Ba2;;1;Senior;77,26;9,63;8,66;8,73;7,99;8,44;8,44;5,942;5,99;0,0021;02/10/2026;0,065;
ZAG000106998;SUD AFRICA 31/01/2030 8% ZAR;31/01/2030;ZAR;GOV_ZA;Sud Africa;BB;Ba2;;1;Senior;99,47;8,34;7,3;7,3;2,71;2,78;2,78;4,855;4,865;0,0009;02/10/2026;0,08;
ZAG000107004;SUD AFRICA 31/03/2032 8,25% ZAR;31/03/2032;ZAR;GOV_ZA;Sud Africa;BB;Ba2;;1;Senior;98,69;8,74;7,66;7,66;4,14;4,28;4,28;5,214;5,226;0,001;02/10/2026;0,0825;
ZAG000107012;SUD AFRICA 31/01/2037 8,5% ZAR;31/01/2037;ZAR;GOV_ZA;Sud Africa;BB;Ba2;;1;Senior;96,39;9,24;8,1;8,12;6,31;6,67;6,67;5,613;5,649;0,0019;02/10/2026;0,085;
ZAG000125972;SUD AFRICA 28/02/2035 8,875% ZAR;28/02/2035;ZAR;GOV_ZA;Sud Africa;BB;Ba2;;1;Senior;100,4;8,99;7,84;7,84;5,55;5,82;5,82;5,41;5,434;0,0016;02/10/2026;0,08875;
ZAG000125980;SUD AFRICA 31/01/2040 9% ZAR;31/01/2040;ZAR;GOV_ZA;Sud Africa;BB;Ba2;;1;Senior;97,06;9,61;8,39;8,41;7,12;7,64;7,64;5,926;5,979;0,003;02/10/2026;0,09;
ZAG000195280;SUD AFRICA 31/03/2053 1,625% ZAR;31/03/2053;ZAR;GOV_ZA;Sud Africa;BB;Ba2;;1;Senior;122,56;9,53;8,26;8,26;9,05;10,05;10,05;5,976;5,931;0,0027;02/10/2026;0,11625;
ZAG000208364;SUD AFRICA 31/03/2038 0,875% ZAR;31/03/2038;ZAR;GOV_ZA;Sud Africa;BB;Ba2;;1;Senior;111,85;9,39;8,08;8,08;6,46;6,9;6,9;5,739;5,789;0,0016;02/10/2026;0,10875;
ZAG000208372;SUD AFRICA 31/03/2033 10% ZAR;31/03/2033;ZAR;GOV_ZA;Sud Africa;BB;Ba2;;1;Senior;106,7;8,82;7,57;7,57;4,57;4,77;4,77;5,273;5,29;0,0031;02/10/2026;0,1;
